json found in /home/y00951989/ops-transformer/third_party/json, and not force rebuild cann third_party
CMake Warning (dev) at /opt/buildtools/cmake-3.28.2/share/cmake-3.28/Modules/ExternalProject.cmake:3195 (message):
  The DOWNLOAD_EXTRACT_TIMESTAMP option was not given and policy CMP0135 is
  not set.  The policy's OLD behavior will be used.  When using a URL
  download, the timestamps of extracted files should preferably be that of
  the time of extraction, otherwise code that depends on the extracted
  contents might not be rebuilt if the URL changes.  The OLD behavior
  preserves the timestamps from the archive instead, but this is usually not
  what you want.  Update your project to the NEW behavior or specify the
  DOWNLOAD_EXTRACT_TIMESTAMP option with a value of true to avoid this
  robustness issue.
Call Stack (most recent call first):
  /opt/buildtools/cmake-3.28.2/share/cmake-3.28/Modules/ExternalProject.cmake:4418 (_ep_add_download_command)
  cmake/third_party/ascend_protobuf.cmake:47 (ExternalProject_Add)
  CMakeLists.txt:121 (include)
This warning is for project developers.  Use -Wno-dev to suppress it.

json found in /home/y00951989/ops-transformer/third_party/json, and not force rebuild cann third_party
[2026-02-09 09:57:07] ~/ops-transformer/build/gen_bisheng_dir ~/ops-transformer
[2026-02-09 09:57:07] ~/ops-transformer
[2026-02-09 09:57:07] [2026-02-09 09:57:07] Info: cmake config -DBUILD_OPEN_PROJECT=ON -DVENDOR_NAME=DC -DASCEND_OP_NAME=moe_distribute_combine_v2 -DENABLE_UT_EXEC=TRUE -DCANN_3RD_LIB_PATH=/home/y00951989/ops-transformer/third_party -DCUSTOM_ASCEND_CANN_PACKAGE_PATH=/home/y00951989/Ascend_newest/cann -DCHECK_COMPATIBLE=true -DENABLE_CCACHE=ON -DCUSTOM_CCACHE=/usr/local/bin/ccache -DASCEND_COMPUTE_UNIT=ascend950; -DENABLE_BUILT_IN=OFF -DENABLE_OPS_HOST=ON -DENABLE_OPS_KERNEL=ON -DENABLE_BUILD_PKG=ON .
[2026-02-09 09:57:07] -- The C compiler identification is GNU 9.4.0
[2026-02-09 09:57:07] -- The CXX compiler identification is GNU 9.4.0
[2026-02-09 09:57:07] -- Detecting C compiler ABI info
[2026-02-09 09:57:07] -- Detecting C compiler ABI info - done
[2026-02-09 09:57:07] -- Check for working C compiler: /usr/bin/cc - skipped
[2026-02-09 09:57:07] -- Detecting C compile features
[2026-02-09 09:57:07] -- Detecting C compile features - done
[2026-02-09 09:57:07] -- Detecting CXX compiler ABI info
[2026-02-09 09:57:07] -- Detecting CXX compiler ABI info - done
[2026-02-09 09:57:07] -- Check for working CXX compiler: /usr/bin/c++ - skipped
[2026-02-09 09:57:07] -- Detecting CXX compile features
[2026-02-09 09:57:07] -- Detecting CXX compile features - done
[2026-02-09 09:57:07] -- compile project with library
[2026-02-09 09:57:07] -- Found Python3: /opt/buildtools/python-3.11.4/bin/python3.11 (found version "3.11.4") found components: Interpreter 
[2026-02-09 09:57:07] -- ASCEND_CANN_PACKAGE_PATH=/home/y00951989/Ascend_newest/cann
[2026-02-09 09:57:07] -- ENABLE_CCACHE=ON, CUSTOM_CCACHE=/usr/local/bin/ccache
[2026-02-09 09:57:07] -- CCACHE_PROGRAM=/usr/local/bin/ccache
[2026-02-09 09:57:07] -- ASCEND_COMPUTE_UNIT=ascend950;
[2026-02-09 09:57:07] -- ASCEND_OP_NAME=moe_distribute_combine_v2
[2026-02-09 09:57:07] -- TILING_KEY=
[2026-02-09 09:57:07] -- TESTS_UT_OPS_TEST=
[2026-02-09 09:57:07] -- TESTS_EXAMPLE_OPS_TEST=
[2026-02-09 09:57:07] -- CMAKE_BUILD_TYPE=Release
[2026-02-09 09:57:07] -- VERSION=
[2026-02-09 09:57:08] -- Found json: /home/y00951989/ops-transformer/third_party/json/include  
[2026-02-09 09:57:08] -- Start building custom package.
[2026-02-09 09:57:08] -- Search libs under install path /home/y00951989/Ascend_newest/cann
[2026-02-09 09:57:08] -- CMAKE_MODULE_PATH            :/home/y00951989/ops-transformer/cmake/modules
[2026-02-09 09:57:08] -- compile option:   -Wall -Wextra -Wshadow -Wformat=2 -fno-common -fPIC -Wformat-signedness -Wno-missing-include-dirs -Wno-write-strings
[2026-02-09 09:57:08] -- Found dlog: /home/y00951989/Ascend_newest/cann/pkg_inc/base  
[2026-02-09 09:57:08] -- Transformer Variables in dlog module:
[2026-02-09 09:57:08] -- dlog_TRANSFORMER_INCLUDE_DIR="/home/y00951989/Ascend_newest/cann/pkg_inc/base"
[2026-02-09 09:57:08] -- dlog_SHARED_LIBRARY="/home/y00951989/Ascend_newest/cann/lib64/libascendalog.so"
[2026-02-09 09:57:08] -- 
[2026-02-09 09:57:08]  Properties for TARGET dlog:
[2026-02-09 09:57:08]    dlog.INTERFACE_COMPILE_DEFINITIONS = "LOG_CPP;PROCESS_LOG"
[2026-02-09 09:57:08]    dlog.INTERFACE_LINK_LIBRARIES = "dlog_headers"
[2026-02-09 09:57:08]    dlog.IMPORTED_LOCATION = "/home/y00951989/Ascend_newest/cann/lib64/libascendalog.so"
[2026-02-09 09:57:08] 
[2026-02-09 09:57:08] -- 
[2026-02-09 09:57:08]  Properties for TARGET dlog_headers:
[2026-02-09 09:57:08]    dlog_headers.INTERFACE_INCLUDE_DIRECTORIES = "/home/y00951989/Ascend_newest/cann/pkg_inc/base"
[2026-02-09 09:57:08] 
[2026-02-09 09:57:08] -- Found securec: /home/y00951989/Ascend_newest/cann/include  
[2026-02-09 09:57:08] -- Found OPBASE: /home/y00951989/Ascend_newest/cann/x86_64-linux/pkg_inc  
[2026-02-09 09:57:08] -- Found OPABSE include:/home/y00951989/Ascend_newest/cann/x86_64-linux/pkg_inc
[2026-02-09 09:57:08] -- Found OPABSE lib:/home/y00951989/Ascend_newest/cann/x86_64-linux/lib64/libops_base.so
[2026-02-09 09:57:08] -- Found platform: /home/y00951989/Ascend_newest/cann/include  
[2026-02-09 09:57:08] -- Found platform include:/home/y00951989/Ascend_newest/cann/x86_64-linux/include
[2026-02-09 09:57:08] -- Found register library:/home/y00951989/Ascend_newest/cann/x86_64-linux/lib64/libregister.so
[2026-02-09 09:57:08] -- Found opp_registry library:/home/y00951989/Ascend_newest/cann/x86_64-linux/lib64/libopp_registry.so
[2026-02-09 09:57:08] -- Found exe_graph library:/home/y00951989/Ascend_newest/cann/x86_64-linux/lib64/libexe_graph.so
[2026-02-09 09:57:08] -- Found graph_base library:/home/y00951989/Ascend_newest/cann/x86_64-linux/lib64/libgraph_base.so
[2026-02-09 09:57:08] -- Found error_manager library:/home/y00951989/Ascend_newest/cann/x86_64-linux/lib64/liberror_manager.so
[2026-02-09 09:57:08] -- Found metadef library:/home/y00951989/Ascend_newest/cann/x86_64-linux/lib64/libmetadef.so
[2026-02-09 09:57:08] -- Found rt2_registry library:/home/y00951989/Ascend_newest/cann/x86_64-linux/lib64/librt2_registry.a
[2026-02-09 09:57:08] -- Found metadef: /home/y00951989/Ascend_newest/cann/include  
[2026-02-09 09:57:08] -- Found source metadef include dir:  /home/y00951989/Ascend_newest/cann/x86_64-linux/include/;/home/y00951989/Ascend_newest/cann/x86_64-linux/include/exe_graph
[2026-02-09 09:57:08] -- Found graph library:/home/y00951989/Ascend_newest/cann/x86_64-linux/lib64/libgraph.so
[2026-02-09 09:57:08] -- Found source acl include dir:  /home/y00951989/Ascend_newest/cann/x86_64-linux/include
[2026-02-09 09:57:08] -- [transformer]Found source npuruntime include dir: /home/y00951989/Ascend_newest/cann/x86_64-linux/pkg_inc/runtime
[2026-02-09 09:57:08] -- Found aclnn include dir:  /home/y00951989/Ascend_newest/cann/x86_64-linux/include
[2026-02-09 09:57:08] -- Found opdev include dir:  /home/y00951989/Ascend_newest/cann/x86_64-linux/include/aclnn
[2026-02-09 09:57:08] -- Found tilingapi include:/home/y00951989/Ascend_newest/cann/x86_64-linux/include
[2026-02-09 09:57:08] -- TILINGAPI_INC_DIRS: /home/y00951989/Ascend_newest/cann/x86_64-linux/include;/home/y00951989/Ascend_newest/cann/x86_64-linux/ascendc;/home/y00951989/Ascend_newest/cann/x86_64-linux/ascendc/include;/home/y00951989/Ascend_newest/cann/x86_64-linux/ascendc/include/highlevel_api;/home/y00951989/Ascend_newest/cann/x86_64-linux/ascendc/include/highlevel_api/lib;/home/y00951989/Ascend_newest/cann/x86_64-linux/ascendc/include/highlevel_api/impl;/home/y00951989/Ascend_newest/cann/x86_64-linux/ascendc/include/highlevel_api/tiling
[2026-02-09 09:57:08] -- Found tilingapi lib:/home/y00951989/Ascend_newest/cann/x86_64-linux/lib64/libtiling_api.a
[2026-02-09 09:57:08] -- Using AICPU include dirs: /home/y00951989/Ascend_newest/cann/x86_64-linux/include/experiment;/home/y00951989/Ascend_newest/cann/x86_64-linux/include/experiment/cce;/home/y00951989/Ascend_newest/cann/x86_64-linux/include/experiment/msprof;/home/y00951989/Ascend_newest/cann/x86_64-linux/pkg_inc/aicpu_common/context;/home/y00951989/Ascend_newest/cann/x86_64-linux/pkg_inc/aicpu_common/context/common;/home/y00951989/Ascend_newest/cann/x86_64-linux/pkg_inc/aicpu_common/context/cpu_proto;/home/y00951989/Ascend_newest/cann/x86_64-linux/pkg_inc/aicpu_common/context/utils;/home/y00951989/Ascend_newest/cann/x86_64-linux/include/aicpu_common/context;/home/y00951989/Ascend_newest/cann/x86_64-linux/include/aicpu_common/context/common;/home/y00951989/Ascend_newest/cann/x86_64-linux/include/aicpu_common/context/cpu_proto;/home/y00951989/Ascend_newest/cann/x86_64-linux/include/aicpu_common/context/utils;/home/y00951989/Ascend_newest/cann/x86_64-linux/include/experiment/datagw/aicpu/common;/home/y00951989/Ascend_newest/cann/x86_64-linux/include/experiment/datagw/aicpu/common;/home/y00951989/Ascend_newest/cann/x86_64-linux/pkg_inc;/home/y00951989/Ascend_newest/cann/x86_64-linux/pkg_inc/aicpu
[2026-02-09 09:57:08] -- Found abseil-cpp: /home/y00951989/ops-transformer/third_party/abseil-cpp  
[2026-02-09 09:57:08] -- Found abseil-cpp in /home/y00951989/ops-transformer/third_party/abseil-cpp
[2026-02-09 09:57:08] -- Could NOT find ascend_protobuf_build_transformer (missing: ASCEND_PROTOBUF_SHARED_INCLUDE) CMake Warning (dev) at /opt/buildtools/cmake-3.28.2/share/cmake-3.28/Modules/ExternalProject.cmake:3195 (message):
  The DOWNLOAD_EXTRACT_TIMESTAMP option was not given and policy CMP0135 is
  not set.  The policy's OLD behavior will be used.  When using a URL
  download, the timestamps of extracted files should preferably be that of
  the time of extraction, otherwise code that depends on the extracted
  contents might not be rebuilt if the URL changes.  The OLD behavior
  preserves the timestamps from the archive instead, but this is usually not
  what you want.  Update your project to the NEW behavior or specify the
  DOWNLOAD_EXTRACT_TIMESTAMP option with a value of true to avoid this
  robustness issue.
Call Stack (most recent call first):
  /opt/buildtools/cmake-3.28.2/share/cmake-3.28/Modules/ExternalProject.cmake:4418 (_ep_add_download_command)
  cmake/third_party/ascend_protobuf.cmake:47 (ExternalProject_Add)
  CMakeLists.txt:121 (include)
This warning is for project developers.  Use -Wno-dev to suppress it.


[2026-02-09 09:57:08] -- [ThirdPartyLib][ascend protobuf] ascend protobuf shared not found, finding binary file.
[2026-02-09 09:57:08] -- [ThirdPartyLib][ascend protobuf] found in file:///home/y00951989/ops-transformer/third_party/pkg/protobuf-25.1.tar.gz.
[2026-02-09 09:57:08] -- Found alog: /home/y00951989/Ascend_newest/cann/include  
[2026-02-09 09:57:08] -- Variables in alog module:
[2026-02-09 09:57:08] -- alog_a_INCLUDE_DIR="/home/y00951989/Ascend_newest/cann/include"
[2026-02-09 09:57:08] -- slog_a_SHARED_LIBRARY="/home/y00951989/Ascend_newest/cann/lib64/libascendalog.so"
[2026-02-09 09:57:08] -- alog_a_SHARED_LIBRARY="/home/y00951989/Ascend_newest/cann/lib64/libascendalog.so"
[2026-02-09 09:57:08] -- 
[2026-02-09 09:57:08]  Properties for TARGET slog_a:
[2026-02-09 09:57:08]    slog_a.INTERFACE_COMPILE_DEFINITIONS = "LOG_CPP;PROCESS_LOG"
[2026-02-09 09:57:08]    slog_a.INTERFACE_LINK_LIBRARIES = "alog_headers"
[2026-02-09 09:57:08]    slog_a.IMPORTED_LOCATION = "/home/y00951989/Ascend_newest/cann/lib64/libascendalog.so"
[2026-02-09 09:57:08] 
[2026-02-09 09:57:08] -- 
[2026-02-09 09:57:08]  Properties for TARGET alog_a:
[2026-02-09 09:57:08]    alog_a.INTERFACE_COMPILE_DEFINITIONS = "LOG_CPP;PROCESS_LOG"
[2026-02-09 09:57:08]    alog_a.INTERFACE_LINK_LIBRARIES = "alog_headers"
[2026-02-09 09:57:08]    alog_a.IMPORTED_LOCATION = "/home/y00951989/Ascend_newest/cann/lib64/libascendalog.so"
[2026-02-09 09:57:08] 
[2026-02-09 09:57:08] -- 
[2026-02-09 09:57:08]  Properties for TARGET alog_headers:
[2026-02-09 09:57:08]    alog_headers.INTERFACE_INCLUDE_DIRECTORIES = "/home/y00951989/Ascend_newest/cann/include;/home/y00951989/Ascend_newest/cann/include/base"
[2026-02-09 09:57:08] 
[2026-02-09 09:57:08] -- Could NOT find unified_dlog (missing: _INCLUDE_ROOT_DIR) 
[2026-02-09 09:57:08] -- add_opmaster_ct_gentask_modules start
[2026-02-09 09:57:08] -- xxxx compile add_opmaster_ct_gentask_modules
[2026-02-09 09:57:08] -- === Debug: start ops.transformer.moe_distribute_combine_v2.CMakeLists.txt 
[2026-02-09 09:57:08] -- add_opmaster_ct_gentask_modules start
[2026-02-09 09:57:08] -- Detected architecture: x86_64
[2026-02-09 09:57:08] -- End building custom package.
[2026-02-09 09:57:08] -- create aclnn master header file: /home/y00951989/ops-transformer/build/aclnn_ops_transformer_DC.h
[2026-02-09 09:57:08] -- no operator info to generate
[2026-02-09 09:57:08] -- Start building custom package.
[2026-02-09 09:57:08] -- No aicpu json files to merge, skipping.
[2026-02-09 09:57:08] -- No aicpu cust obj targets found, skipping.
[2026-02-09 09:57:08] -- Configuring done (1.4s)
[2026-02-09 09:57:08] -- Generating done (0.0s)
[2026-02-09 09:57:08] -- Build files have been written to: /home/y00951989/ops-transformer/build
[2026-02-09 09:57:08] [  0%] Generating op_host_aclnn_stub.cpp
[2026-02-09 09:57:08] [  0%] Generating op_host_aclnn_exc_stub.cpp
[2026-02-09 09:57:08] [  0%] Building CXX object CMakeFiles/op_host_aclnnInner.dir/mc2/moe_distribute_combine_v2/op_host/moe_distribute_combine_v2_extend_def.cpp.o
[2026-02-09 09:57:08] [  1%] Building CXX object CMakeFiles/op_host_aclnnInner.dir/mc2/moe_distribute_combine_v2/op_host/moe_distribute_combine_v2_def.cpp.o
[2026-02-09 09:57:08] [  2%] Building CXX object CMakeFiles/op_host_aclnnInner.dir/mc2/moe_distribute_dispatch_v2/op_host/moe_distribute_dispatch_v2_def.cpp.o
[2026-02-09 09:57:08] [  2%] Building CXX object common/CMakeFiles/common_transformer_obj.dir/src/fallback_comm.cpp.o
[2026-02-09 09:57:08] [  2%] Creating directories for 'external_eigen_transformer'
[2026-02-09 09:57:08] [  2%] Generating binary/ascend950/bin/moe_distribute_combine_v2
[2026-02-09 09:57:08] [  3%] Generating binary/ascend950/src/ascendc/common
[2026-02-09 09:57:08] [  4%] Building CXX object mc2/moe_distribute_combine_v2/op_host/CMakeFiles/ophost_transformer_infer_obj.dir/moe_distribute_combine_v2_infershape.cpp.o
[2026-02-09 09:57:08] [  5%] Building CXX object mc2/moe_distribute_combine_v2/op_host/CMakeFiles/ophost_transformer_infer_obj.dir/__/__/moe_distribute_dispatch_v2/op_host/moe_distribute_dispatch_v2_infershape.cpp.o
[2026-02-09 09:57:08] [  6%] Generating version.info
[2026-02-09 09:57:08] [  6%] Building CXX object common/stub/op_api/CMakeFiles/opapi_math.dir/opapi_stub.cpp.o
[2026-02-09 09:57:08] [  6%] Building CXX object mc2/moe_distribute_combine_v2/op_host/CMakeFiles/ophost_transformer_infer_obj.dir/__/__/3rd/common/op_host/matmul_common_infershape.cpp.o
[2026-02-09 09:57:08] [  7%] Building CXX object mc2/moe_distribute_combine_v2/op_host/CMakeFiles/ophost_transformer_opmaster_ct_gentask_obj.dir/__/op_graph/moe_distribute_combine_v2_gen_task.cpp.o
[2026-02-09 09:57:08] [  8%] Generating binary/ascend950/src/moe_distribute_combine_v2/MoeDistributeCombineV2.py
[2026-02-09 09:57:08] [  8%] Building CXX object mc2/moe_distribute_combine_v2/op_host/CMakeFiles/ophost_transformer_opmaster_ct_gentask_obj.dir/__/__/moe_distribute_dispatch_v2/op_graph/moe_distribute_dispatch_v2_gen_task.cpp.o
[2026-02-09 09:57:08] [  8%] Generating scripts/install.sh, scripts/upgrade.sh
[2026-02-09 09:57:08] [  9%] Building CXX object common/CMakeFiles/common_transformer_obj.dir/src/fallback_comm_2stages.cpp.o
[2026-02-09 09:57:08] [  9%] Building CXX object common/CMakeFiles/common_transformer_obj.dir/src/tiling_base/tiling_util.cpp.o
[2026-02-09 09:57:08] [ 10%] Generating tbe/graph/ops_proto_transformer.h
[2026-02-09 09:57:08] [ 10%] Building CXX object common/stub/op_tiling/CMakeFiles/optiling.dir/runtime_kb_api.cpp.o
[2026-02-09 09:57:08] [ 11%] Building CXX object common/stub/op_tiling/CMakeFiles/optiling.dir/tbe_tiling_api.cpp.o
[2026-02-09 09:57:08] [ 11%] Creating directories for 'tiling_sink_task'
[2026-02-09 09:57:08] [ 11%] Creating directories for 'ascend_protobuf_build_transformer'
[2026-02-09 09:57:08] [ 12%] Building CXX object CMakeFiles/op_host_aclnn.dir/op_host_aclnn_stub.cpp.o
[2026-02-09 09:57:08] [ 13%] Building CXX object mc2/moe_distribute_combine_v2/op_host/CMakeFiles/ophost_transformer_tiling_obj.dir/__/op_graph/fallback_moe_distribute_combine_v2.cpp.o
[2026-02-09 09:57:08] [ 14%] Building CXX object mc2/moe_distribute_combine_v2/op_host/CMakeFiles/ophost_transformer_tiling_obj.dir/op_tiling/arch35/moe_distribute_combine_tiling_arch35.cpp.o
[2026-02-09 09:57:08] [ 15%] Building CXX object CMakeFiles/op_host_aclnnExc.dir/op_host_aclnn_exc_stub.cpp.o
[2026-02-09 09:57:08] [ 15%] Building CXX object mc2/moe_distribute_combine_v2/op_host/CMakeFiles/ophost_transformer_tiling_obj.dir/op_tiling/moe_distribute_combine_tiling_helper.cpp.o
[2026-02-09 09:57:08] [ 16%] Building CXX object mc2/moe_distribute_combine_v2/op_host/CMakeFiles/ophost_transformer_tiling_obj.dir/op_tiling/moe_distribute_combine_v2_extend_tiling.cpp.o
[2026-02-09 09:57:08] [ 16%] Building CXX object mc2/moe_distribute_combine_v2/op_host/CMakeFiles/ophost_transformer_tiling_obj.dir/op_tiling/moe_distribute_combine_v2_tiling.cpp.o
[2026-02-09 09:57:08] [ 16%] Built target moe_distribute_combine_v2_ascend950_mkdir
[2026-02-09 09:57:08] [ 17%] Building CXX object mc2/moe_distribute_combine_v2/op_host/CMakeFiles/ophost_transformer_tiling_obj.dir/__/__/common/src/context_transfer.cpp.o
[2026-02-09 09:57:08] [ 17%] Linking CXX shared library libop_host_aclnnInner.so
[2026-02-09 09:57:08] [ 17%] Performing download step (download, verify and extract) for 'external_eigen_transformer'
[2026-02-09 09:57:08] [ 17%] Built target moe_distribute_combine_v2_ascend950_py_copy
[2026-02-09 09:57:08] [ 18%] Linking CXX shared library ../../../libopapi_math.so
[2026-02-09 09:57:08] [ 19%] Linking CXX shared library libop_host_aclnn.so
[2026-02-09 09:57:08] [ 19%] Building CXX object mc2/moe_distribute_combine_v2/op_host/CMakeFiles/ophost_transformer_tiling_obj.dir/__/__/common/src/hccl_formulaic_tiling.cpp.o
[2026-02-09 09:57:08] -- Downloading...
[2026-02-09 09:57:08]    dst='/home/y00951989/ops-transformer/build/download/eigen/eigen-3.4.0.tar.gz'
[2026-02-09 09:57:08]    timeout='none'
[2026-02-09 09:57:08]    inactivity timeout='none'
[2026-02-09 09:57:08] -- Using src='https://gitcode.com/cann-src-third-party/eigen/releases/download/3.4.0/eigen-3.4.0.tIn file included from /home/y00951989/ops-transformer/mc2/moe_distribute_combine_v2/op_host/op_tiling/moe_distribute_combine_tiling_helper.h:21,
                 from /home/y00951989/ops-transformer/mc2/moe_distribute_combine_v2/op_host/op_tiling/moe_distribute_combine_tiling_helper.cpp:16:
/home/y00951989/ops-transformer/mc2/moe_distribute_combine_v2/op_host/op_tiling/moe_distribute_combine_tiling_base.h: In function ‘ge::graphStatus optiling::SetWorkspace(gert::TilingContext*, const char*)’:
/home/y00951989/ops-transformer/mc2/moe_distribute_combine_v2/op_host/op_tiling/moe_distribute_combine_tiling_base.h:652:119: warning: integer overflow in expression of type ‘int’ results in ‘0’ [-Woverflow]
  652 |     workspace[0] = common_const::SYSTEM_NEED_WORKSPACE + aivNum * common_const::MASK_CALC_NEED_WORKSPACE + 4*1024*1024*1024;
      |                                                                                                            ~~~~~~~~~~~^~~~~
/home/y00951989/ops-transformer/mc2/moe_distribute_combine_v2/op_host/op_tiling/moe_distribute_combine_tiling_base.h: At global scope:
/home/y00951989/ops-transformer/mc2/moe_distribute_combine_v2/op_host/op_tiling/moe_distribute_combine_tiling_base.h:657:17: warning: ‘uint64_t optiling::CalTilingKey(uint32_t, uint32_t)’ defined but not used [-Wunused-function]
  657 | static uint64_t CalTilingKey(const uint32_t tpWorldSize, uint32_t commQuantMode)
      |                 ^~~~~~~~~~~~
/home/y00951989/ops-transformer/mc2/moe_distribute_combine_v2/op_host/op_tiling/moe_distribute_combine_tiling_base.h:645:24: warning: ‘ge::graphStatus optiling::SetWorkspace(gert::TilingContext*, const char*)’ defined but not used [-Wunused-function]
  645 | static ge::graphStatus SetWorkspace(gert::TilingContext *context, const char *nodeName)
      |                        ^~~~~~~~~~~~
In file included from /home/y00951989/ops-transformer/mc2/common/src/context_transfer.cpp:19:
/home/y00951989/ops-transformer/mc2/common/src/context_transfer.cpp: In static member function ‘static ge::graphStatus optiling::ContextTransfer::CheckMRNCtxInfo(const gert::TilingContext*, const optiling::MRNCtxInfo&)’:
/home/y00951989/ops-transformer/mc2/common/inc/mc2_log.h:232:36: warning: format ‘%lu’ expects argument of type ‘long unsigned int’, but argument 7 has type ‘int64_t’ {aka ‘long int’} [-Wformat=]
  232 |     REPORT_INNER_ERR_MSG("E89999", "op[%s], " err_msg,            \
      |                                    ^
/home/y00951989/ops-transformer/mc2/common/inc/mc2_log.h:239:7: note: in definition of macro ‘OP_TILING_CHECK’
  239 |       log_func;                               \
      |       ^~~~~~~~
/home/y00951989/ops-transformer/mc2/common/src/context_transfer.cpp:168:21: note: in expansion of macro ‘VECTOR_INNER_ERR_REPORT_TILING’
  168 |                     VECTOR_INNER_ERR_REPORT_TILING(context->GetNodeName(),
      |                     ^~~~~~~~~~~~~~~~~~~~~~~~~~~~~~
/home/y00951989/ops-transformer/mc2/common/src/context_transfer.cpp:170:94: note: format string is defined here
  170 |                                                     " residual to be same, but got x1_b*s:[%lu], residual_b*s:[%lu].",
      |                                                                                            ~~^
      |                                                                                              |
      |                                                                                              long unsigned int
      |                                                                                            %lu
In file included from /home/y00951989/ops-transformer/mc2/common/src/context_transfer.cpp:19:
/home/y00951989/ops-transformer/mc2/common/inc/mc2_log.h:232:36: warning: format ‘%lu’ expects argument of type ‘long unsigned int’, but argument 8 has type ‘int64_t’ {aka ‘long int’} [-Wformat=]
  232 |     REPORT_INNER_ERR_MSG("E89999", "op[%s], " err_msg,            \
      |                                    ^
/home/y00951989/ops-transformer/mc2/common/inc/mc2_log.h:239:7: note: in definition of macro ‘OP_TILING_CHECK’
  239 |       log_func;                               \
      |       ^~~~~~~~
/home/y00951989/ops-transformer/mc2/common/src/context_transfer.cpp:168:21: note: in expansion of macro ‘VECTOR_INNER_ERR_REPORT_TILING’
  168 |                     VECTOR_INNER_ERR_REPORT_TILING(context->GetNodeName(),
      |                     ^~~~~~~~~~~~~~~~~~~~~~~~~~~~~~
/home/y00951989/ops-transformer/mc2/common/src/context_transfer.cpp:170:114: note: format string is defined here
  170 |                                                     " residual to be same, but got x1_b*s:[%lu], residual_b*s:[%lu].",
      |                                                                                                                ~~^
      |                                                                                                                  |
      |                                                                                                                  long unsigned int
      |                                                                                                                %lu
/home/y00951989/ops-transformer/mc2/common/src/context_transfer.cpp: At global scope:
/home/y00951989/ops-transformer/mc2/common/src/context_transfer.cpp:237:1: warning: macro "_CONTEXT_TRANSFER_CC_" is not used [-Wunused-macros]
  237 | }
      | ^
CMake Warning at /home/y00951989/ops-transformer/build/ascend_protobuf_build_transformer-prefix/src/ascend_protobuf_build_transformer-stamp/verify-ascend_protobuf_build_transformer.cmake:15 (message):
  File will not be verified since no URL_HASH specified


In file included from /home/y00951989/ops-transformer/mc2/moe_distribute_combine_v2/op_host/op_tiling/moe_distribute_combine_v2_tiling.cpp:29:
/home/y00951989/ops-transformer/mc2/moe_distribute_combine_v2/op_host/op_tiling/moe_distribute_combine_tiling_base.h: In function ‘ge::graphStatus optiling::SetWorkspace(gert::TilingContext*, const char*)’:
/home/y00951989/ops-transformer/mc2/moe_distribute_combine_v2/op_host/op_tiling/moe_distribute_combine_tiling_base.h:652:119: warning: integer overflow in expression of type ‘int’ results in ‘0’ [-Woverflow]
  652 |     workspace[0] = common_const::SYSTEM_NEED_WORKSPACE + aivNum * common_const::MASK_CALC_NEED_WORKSPACE + 4*1024*1024*1024;
      |                                                                                                            ~~~~~~~~~~~^~~~~
In file included from /home/y00951989/ops-transformer/mc2/common/inc/tiling/../../../3rd/mat_mul_v3/op_host/op_tiling/arch35/matmul_v3_compile_info_advanced.h:25,
                 from /home/y00951989/ops-transformer/mc2/common/inc/tiling/../../../3rd/mat_mul_v3/op_host/op_tiling/arch35/matmul_v3_base_tiling_advanced.h:22,
                 from /home/y00951989/ops-transformer/mc2/common/inc/tiling/mc2_tiling_utils.h:31,
                 from /home/y00951989/ops-transformer/mc2/moe_distribute_combine_v2/op_host/op_tiling/moe_distribute_combine_tiling_base.h:32,
                 from /home/y00951989/ops-transformer/mc2/moe_distribute_combine_v2/op_host/op_tiling/moe_distribute_combine_v2_tiling.cpp:29:
/home/y00951989/ops-transformer/mc2/moe_distribute_combine_v2/op_host/op_tiling/moe_distribute_combine_v2_tiling.cpp: In function ‘ge::graphStatus optiling::CheckWinSize(const gert::TilingContext*, MoeDistributeCombineV2TilingData*, const char*, uint32_t)’:
/home/y00951989/ops-transformer/mc2/moe_distribute_combine_v2/op_host/op_tiling/moe_distribute_combine_v2_tiling.cpp:1066:27: warning: format ‘%u’ expects argument of type ‘unsigned int’, but argument 10 has type ‘uint64_t’ {aka ‘long unsigned int’} [-Wformat=]
 1066 |         OP_LOGE(nodeName, "HCCL_BUFFSIZE_EP is too SMALL, maxBs = %lu, h = %lu, epWorldSize = %lu,"
......
 1070 |             " HCCL_BUFFSIZE=%luMB.", maxBs, h, epWorldSize, localMoeExpertNum, sharedExpertNum,
      |                                                                                ~~~~~~~~~~~~~~~
      |                                                                                |
      |                                                                                uint64_t {aka long unsigned int}
/home/y00951989/ops-transformer/mc2/common/inc/tiling/../../../3rd/mat_mul_v3/op_host/op_tiling/arch35/../../../../../common/inc/mc2_log.h:239:7: note: in definition of macro ‘OP_TILING_CHECK’
  239 |       log_func;                               \
      |       ^~~~~~~~
/home/y00951989/ops-transformer/mc2/moe_distribute_combine_v2/op_host/op_tiling/moe_distribute_combine_v2_tiling.cpp:1066:9: note: in expansion of macro ‘OP_LOGE’
 1066 |         OP_LOGE(nodeName, "HCCL_BUFFSIZE_EP is too SMALL, maxBs = %lu, h = %lu, epWorldSize = %lu,"
      |         ^~~~~~~
/home/y00951989/ops-transformer/mc2/moe_distribute_combine_v2/op_host/op_tiling/moe_distribute_combine_v2_tiling.cpp:1067:58: note: format string is defined here
 1067 |             " localMoeExpertNum = %u, sharedExpertNum = %u, tokenNeedSizeDispatch = %lu, tokenNeedSizeCombine = %lu,"
      |                                                         ~^
      |                                                          |
      |                                                          unsigned int
      |                                                         %lu
/home/y00951989/ops-transformer/mc2/moe_distribute_combine_v2/op_host/op_tiling/moe_distribute_combine_v2_tiling.cpp: In function ‘ge::graphStatus optiling::MoeDistributeCombineA3TilingFuncImpl(gert::TilingContext*)’:
/home/y00951989/ops-transformer/mc2/moe_distribute_combine_v2/op_host/op_tiling/moe_distribute_combine_v2_tiling.cpp:1141:14: warning: unused variable ‘sharedExpertNum’ [-Wunused-variable]
 1141 |     uint32_t sharedExpertNum = tilingData->moeDistributeCombineV2Info.sharedExpertNum;
      |              ^~~~~~~~~~~~~~~
In file included from /home/y00951989/ops-transformer/mc2/common/inc/tiling/../../../3rd/mat_mul_v3/op_host/op_tiling/arch35/matmul_v3_compile_info_advanced.h:25,
                 from /home/y00951989/ops-transformer/mc2/common/inc/tiling/../../../3rd/mat_mul_v3/op_host/op_tiling/arch35/matmul_v3_base_tiling_advanced.h:22,
                 from /home/y00951989/ops-transformer/mc2/common/inc/tiling/mc2_tiling_utils.h:31,
                 from /home/y00951989/ops-transformer/mc2/moe_distribute_combine_v2/op_host/op_tiling/moe_distribute_combine_tiling_base.h:32,
                 from /home/y00951989/ops-transformer/mc2/moe_distribute_combine_v2/op_host/op_tiling/moe_distribute_combine_v2_tiling.cpp:29:
/home/y00951989/ops-transformer/mc2/moe_distribute_combine_v2/op_host/op_tiling/moe_distribute_combine_v2_tiling.cpp: In function ‘ge::graphStatus optiling::MoeDistributeCombineA2CheckShapeAndSetTiling(const gert::TilingContext*, MoeDistributeCombineA2Info&, bool)’:
/home/y00951989/ops-transformer/mc2/moe_distribute_combine_v2/op_host/op_tiling/moe_distribute_combine_v2_tiling.cpp:1334:36: warning: format ‘%lu’ expects argument of type ‘long unsigned int’, but argument 6 has type ‘int64_t’ {aka ‘long int’} [-Wformat=]
 1334 |             OP_LOGE(K_INNER_DEBUG, "xActiveMask must be 1-dimension or 2-dimension, but got %lu dim",
 1335 |             xActiveMaskDimNums), return GRAPH_FAILED);
      |             ~~~~~~~~~~~~~~~~~~      
      |             |
      |             int64_t {aka long int}
/home/y00951989/ops-transformer/mc2/common/inc/tiling/../../../3rd/mat_mul_v3/op_host/op_tiling/arch35/../../../../../common/inc/mc2_log.h:239:7: note: in definition of macro ‘OP_TILING_CHECK’
  239 |       log_func;                               \
      |       ^~~~~~~~
/home/y00951989/ops-transformer/mc2/moe_distribute_combine_v2/op_host/op_tiling/moe_distribute_combine_v2_tiling.cpp:1334:13: note: in expansion of macro ‘OP_LOGE’
 1334 |             OP_LOGE(K_INNER_DEBUG, "xActiveMask must be 1-dimension or 2-dimension, but got %lu dim",
      |             ^~~~~~~
/home/y00951989/ops-transformer/mc2/moe_distribute_combine_v2/op_host/op_tiling/moe_distribute_combine_v2_tiling.cpp:1339:36: warning: format ‘%ld’ expects argument of type ‘long int’, but argument 7 has type ‘uint32_t’ {aka ‘unsigned int’} [-Wformat=]
 1339 |             OP_LOGE(K_INNER_DEBUG, "xActiveMask's dim0 not equal to expertIds's dim0, xActiveMask's dim0 is %ld, "
 1340 |             "expertIds's dim0 is %ld", xActiveMaskDim0, bs), return GRAPH_FAILED);
      |                                                         ~~
      |                                                         |
      |                                                         uint32_t {aka unsigned int}
/home/y00951989/ops-transformer/mc2/common/inc/tiling/../../../3rd/mat_mul_v3/op_host/op_tiling/arch35/../../../../../common/inc/mc2_log.h:239:7: note: in definition of macro ‘OP_TILING_CHECK’
  239 |       log_func;                               \
      |       ^~~~~~~~
/home/y00951989/ops-transformer/mc2/moe_distribute_combine_v2/op_host/op_tiling/moe_distribute_combine_v2_tiling.cpp:1339:13: note: in expansion of macro ‘OP_LOGE’
 1339 |             OP_LOGE(K_INNER_DEBUG, "xActiveMask's dim0 not equal to expertIds's dim0, xActiveMask's dim0 is %ld, "
      |             ^~~~~~~
/home/y00951989/ops-transformer/mc2/moe_distribute_combine_v2/op_host/op_tiling/moe_distribute_combine_v2_tiling.cpp:1340:36: note: format string is defined here
 1340 |             "expertIds's dim0 is %ld", xActiveMaskDim0, bs), return GRAPH_FAILED);
      |                                  ~~^
      |                                    |
      |                                    long int
      |                                  %d
In file included from /home/y00951989/ops-transformer/mc2/common/inc/tiling/../../../3rd/mat_mul_v3/op_host/op_tiling/arch35/matmul_v3_compile_info_advanced.h:25,
                 from /home/y00951989/ops-transformer/mc2/common/inc/tiling/../../../3rd/mat_mul_v3/op_host/op_tiling/arch35/matmul_v3_base_tiling_advanced.h:22,
                 from /home/y00951989/ops-transformer/mc2/common/inc/tiling/mc2_tiling_utils.h:31,
                 from /home/y00951989/ops-transformer/mc2/moe_distribute_combine_v2/op_host/op_tiling/moe_distribute_combine_tiling_base.h:32,
                 from /home/y00951989/ops-transformer/mc2/moe_distribute_combine_v2/op_host/op_tiling/moe_distribute_combine_v2_tiling.cpp:29:
/home/y00951989/ops-transformer/mc2/moe_distribute_combine_v2/op_host/op_tiling/moe_distribute_combine_v2_tiling.cpp:1344:36: warning: format ‘%ld’ expects argument of type ‘long int’, but argument 7 has type ‘uint32_t’ {aka ‘unsigned int’} [-Wformat=]
 1344 |             OP_LOGE(K_INNER_DEBUG, "xActiveMask's dim1 not equal to expertIds's dim1, xActiveMask's dim1 is %ld, "
 1345 |             "expertIds's dim1 is %ld", xActiveMaskStorageShape->GetStorageShape().GetDim(1), k), return GRAPH_FAILED);
      |                                                                                              ~
      |                                                                                              |
      |                                                                                              uint32_t {aka unsigned int}
/home/y00951989/ops-transformer/mc2/common/inc/tiling/../../../3rd/mat_mul_v3/op_host/op_tiling/arch35/../../../../../common/inc/mc2_log.h:239:7: note: in definition of macro ‘OP_TILING_CHECK’
  239 |       log_func;                               \
      |       ^~~~~~~~
/home/y00951989/ops-transformer/mc2/moe_distribute_combine_v2/op_host/op_tiling/moe_distribute_combine_v2_tiling.cpp:1344:13: note: in expansion of macro ‘OP_LOGE’
 1344 |             OP_LOGE(K_INNER_DEBUG, "xActiveMask's dim1 not equal to expertIds's dim1, xActiveMask's dim1 is %ld, "
      |             ^~~~~~~
/home/y00951989/ops-transformer/mc2/moe_distribute_combine_v2/op_host/op_tiling/moe_distribute_combine_v2_tiling.cpp:1345:36: note: format string is defined here
 1345 |             "expertIds's dim1 is %ld", xActiveMaskStorageShape->GetStorageShape().GetDim(1), k), return GRAPH_FAILED);
      |                                  ~~^
      |                                    |
      |                                    long int
      |                                  %d
ar.gz'
[2026-02-09 09:57:08] [ 19%] Linking CXX shared library libop_host_aclnnExc.so
[2026-02-09 09:57:08] [ 20%] Building CXX object mc2/moe_distribute_combine_v2/op_host/CMakeFiles/ophost_transformer_tiling_obj.dir/__/__/common/src/hccl_performance.cpp.o
[2026-02-09 09:57:08] [ 21%] Building CXX object mc2/moe_distribute_combine_v2/op_host/CMakeFiles/ophost_transformer_tiling_obj.dir/__/__/common/src/matmul_all_reduce_gen_task_ops_utils.cpp.o
[2026-02-09 09:57:08] [ 21%] No download step for 'tiling_sink_task'
[2026-02-09 09:57:08] [ 21%] Building CXX object mc2/moe_distribute_combine_v2/op_host/CMakeFiles/ophost_transformer_tiling_obj.dir/__/__/common/src/matmul_formulaic_tiling.cpp.o
[2026-02-09 09:57:08] [ 22%] Building CXX object mc2/moe_distribute_combine_v2/op_host/CMakeFiles/ophost_transformer_tiling_obj.dir/__/__/common/src/matmul_performance.cpp.o
[2026-02-09 09:57:08] [ 22%] Performing download step (verify and extract) for 'ascend_protobuf_build_transformer'
[2026-02-09 09:57:08] [ 22%] Built target gen_version_info
[2026-02-09 09:57:08] [ 22%] Building CXX object mc2/moe_distribute_combine_v2/op_host/CMakeFiles/ophost_transformer_tiling_obj.dir/__/__/common/src/mc2_common_infershape.cpp.o
[2026-02-09 09:57:08] [ 22%] Built target common_transformer_obj
[2026-02-09 09:57:08] [ 23%] Building CXX object mc2/moe_distribute_combine_v2/op_host/CMakeFiles/ophost_transformer_tiling_obj.dir/__/__/common/src/mc2_gen_task_ops_utils.cpp.o
[2026-02-09 09:57:08] [ 24%] Building CXX object mc2/moe_distribute_combine_v2/op_host/CMakeFiles/ophost_transformer_tiling_obj.dir/__/__/common/src/mc2_hcom_topo_info.cpp.o
[2026-02-09 09:57:08] [ 24%] Building CXX object mc2/moe_distribute_combine_v2/op_host/CMakeFiles/ophost_transformer_tiling_obj.dir/__/__/common/src/mc2_gen_task_ops_utils_arch35.cpp.o
[2026-02-09 09:57:08] [ 24%] Built target ophost_transformer_infer_obj
[2026-02-09 09:57:08] [ 24%] Linking CXX shared library ../../../liboptiling.so
[2026-02-09 09:57:08] [ 24%] Built target ophost_transformer_opmaster_ct_gentask_obj
[2026-02-09 09:57:08] [ 24%] Building CXX object mc2/moe_distribute_combine_v2/op_host/CMakeFiles/ophost_transformer_tiling_obj.dir/__/__/common/src/mc2_log.cpp.o
[2026-02-09 09:57:08] [ 24%] Built target ops_utils_inc_kernel_ascend950
[2026-02-09 09:57:08] [ 24%] Built target modify_vendor
[2026-02-09 09:57:08] -- extracting...
[2026-02-09 09:57:08]      src='/home/y00951989/ops-transformer/third_party/pkg/protobuf-25.1.tar.gz'
[2026-02-09 09:57:08]      dst='/home/y00951989/ops-transformer/third_party/ascend_protobuf'
[2026-02-09 09:57:08] -- extracting... [tar xfz]
[2026-02-09 09:57:08] [ 24%] Building CXX object mc2/moe_distribute_combine_v2/op_host/CMakeFiles/ophost_transformer_tiling_obj.dir/__/__/common/src/mc2_moe_utils.cpp.o
[2026-02-09 09:57:08] [ 25%] Building CXX object mc2/moe_distribute_combine_v2/op_host/CMakeFiles/ophost_transformer_tiling_obj.dir/__/__/common/src/mc2_moe_gen_task_ops_utils.cpp.o
[2026-02-09 09:57:08] [ 26%] Building CXX object mc2/moe_distribute_combine_v2/op_host/CMakeFiles/ophost_transformer_tiling_obj.dir/__/__/common/src/mc2_matmul_tiling_cfg.cpp.o
[2026-02-09 09:57:08] [ 27%] No update step for 'tiling_sink_task'
[2026-02-09 09:57:08] [ 28%] Building CXX object mc2/moe_distribute_combine_v2/op_host/CMakeFiles/ophost_transformer_tiling_obj.dir/__/__/common/src/mc2_tiling_utils.cpp.o
[2026-02-09 09:57:08] [ 28%] Building CXX object mc2/moe_distribute_combine_v2/op_host/CMakeFiles/ophost_transformer_tiling_obj.dir/__/__/common/src/moe_tiling_base.cpp.o
[2026-02-09 09:57:08] [ 29%] Building CXX object mc2/moe_distribute_combine_v2/op_host/CMakeFiles/ophost_transformer_tiling_obj.dir/__/__/common/src/one_calc_two_comm_tiling.cpp.o
[2026-02-09 09:57:08] [ 30%] Building CXX object mc2/moe_distribute_combine_v2/op_host/CMakeFiles/ophost_transformer_tiling_obj.dir/__/__/common/new_mc2_mm/new_mc2_tiling_utils.cpp.o
[2026-02-09 09:57:08] [ 31%] Building CXX object mc2/moe_distribute_combine_v2/op_host/CMakeFiles/ophost_transformer_tiling_obj.dir/__/__/3rd/ops_legacy/op_tilIn file included from /home/y00951989/ops-transformer/mc2/3rd/mat_mul_v3/op_host/op_tiling/arch35/../../../../../common/inc/mc2_log.h:25,
                 from /home/y00951989/ops-transformer/mc2/3rd/mat_mul_v3/op_host/op_tiling/arch35/matmul_v3_compile_info_advanced.h:25,
                 from /home/y00951989/ops-transformer/mc2/common/inc/mc2_matmul_tiling_cfg.h:19,
                 from /home/y00951989/ops-transformer/mc2/common/src/mc2_matmul_tiling_cfg.cpp:16:
/home/y00951989/ops-transformer/mc2/common/src/mc2_matmul_tiling_cfg.cpp: In member function ‘void Mc2MatmulHelper::Mc2MatmulTilingCfg::SetTailCntAndType() const’:
/home/y00951989/ops-transformer/mc2/common/src/mc2_matmul_tiling_cfg.cpp:114:39: warning: format ‘%lu’ expects argument of type ‘long unsigned int’, but argument 6 has type ‘int64_t’ {aka ‘long int’} [-Wformat=]
  114 |         OP_LOGE("Mc2MatmulTilingCfg", "baseM is %lu, baseN is %lu coreNum is %lu!", baseM, baseN, coreNum);
      |                                                                                     ~~~~~
      |                                                                                     |
      |                                                                                     int64_t {aka long int}
/home/y00951989/ops-transformer/mc2/common/src/mc2_matmul_tiling_cfg.cpp:114:9: note: in expansion of macro ‘OP_LOGE’
  114 |         OP_LOGE("Mc2MatmulTilingCfg", "baseM is %lu, baseN is %lu coreNum is %lu!", baseM, baseN, coreNum);
      |         ^~~~~~~
/home/y00951989/ops-transformer/mc2/common/src/mc2_matmul_tiling_cfg.cpp:114:39: warning: format ‘%lu’ expects argument of type ‘long unsigned int’, but argument 7 has type ‘int64_t’ {aka ‘long int’} [-Wformat=]
  114 |         OP_LOGE("Mc2MatmulTilingCfg", "baseM is %lu, baseN is %lu coreNum is %lu!", baseM, baseN, coreNum);
      |                                                                                            ~~~~~
      |                                                                                            |
      |                                                                                            int64_t {aka long int}
/home/y00951989/ops-transformer/mc2/common/src/mc2_matmul_tiling_cfg.cpp:114:9: note: in expansion of macro ‘OP_LOGE’
  114 |         OP_LOGE("Mc2MatmulTilingCfg", "baseM is %lu, baseN is %lu coreNum is %lu!", baseM, baseN, coreNum);
      |         ^~~~~~~
/home/y00951989/ops-transformer/mc2/common/src/mc2_matmul_tiling_cfg.cpp:114:39: warning: format ‘%lu’ expects argument of type ‘long unsigned int’, but argument 8 has type ‘int64_t’ {aka ‘long int’} [-Wformat=]
  114 |         OP_LOGE("Mc2MatmulTilingCfg", "baseM is %lu, baseN is %lu coreNum is %lu!", baseM, baseN, coreNum);
      |                                                                                                   ~~~~~~~
      |                                                                                                   |
      |                                                                                                   int64_t {aka long int}
/home/y00951989/ops-transformer/mc2/common/src/mc2_matmul_tiling_cfg.cpp:114:9: note: in expansion of macro ‘OP_LOGE’
  114 |         OP_LOGE("Mc2MatmulTilingCfg", "baseM is %lu, baseN is %lu coreNum is %lu!", baseM, baseN, coreNum);
      |         ^~~~~~~
In file included from /home/y00951989/ops-transformer/mc2/common/inc/mc2_log.h:25,
                 from /home/y00951989/ops-transformer/mc2/common/src/mc2_tiling_utils.cpp:21:
/home/y00951989/ops-transformer/mc2/common/src/mc2_tiling_utils.cpp: In function ‘uint8_t mc2tiling::Mc2GetCommAlgo(int64_t, uint64_t, const char*, const gert::TilingContext*)’:
/home/y00951989/ops-transformer/mc2/common/src/mc2_tiling_utils.cpp:191:15: warning: format ‘%lld’ expects argument of type ‘long long int’, but argument 6 has type ‘int64_t’ {aka ‘long int’} [-Wformat=]
  191 |               "Invalid rank dimension %lld. Rank dimension must be positive.", rankDim);
      |                                                                                ~~~~~~~
      |                                                                                |
      |                                                                                int64_t {aka long int}
/home/y00951989/ops-transformer/mc2/common/src/mc2_tiling_utils.cpp:190:5: note: in expansion of macro ‘OP_LOGE’
  190 |     OP_LOGE(context->GetNodeName(),
      |     ^~~~~~~
ing/legacy_common_manager.cpp.o
[2026-02-09 09:57:08] [ 31%] Building CXX object mc2/moe_distribute_combine_v2/op_host/CMakeFiles/ophost_transformer_tiling_obj.dir/__/__/common/new_mc2_mm/new_mc2_matmul_tiling_cfg.cpp.o
[2026-02-09 09:57:08] merged op transformer proto file: /home/y00951989/ops-transformer/build/tbe/graph/ops_proto_transformer.h
[2026-02-09 09:57:08] [ 32%] Generating binary/ascend950/src/moe_distribute_dispatch_v2/moe_distribute_dispatch_v2_ascend950_src_copy.done
[2026-02-09 09:57:08] [ 32%] Building CXX object mc2/moe_distribute_combine_v2/op_host/CMakeFiles/ophost_transformer_tiling_obj.dir/__/__/3rd/ops_legacy/op_tiling/op_cache_tiling.cpp.o
[2026-02-09 09:57:08] [ 33%] Building CXX object mc2/moe_distribute_combine_v2/op_host/CMakeFiles/ophost_transformer_tiling_obj.dir/__/__/3rd/ops_legacy/op_tiling/runtime_kb_api.cpp.o
[2026-02-09 09:57:08] [ 33%] Generating binary/ascend950/src/common/mc2_common_ascend950_src_copy.done
[2026-02-09 09:57:08] [ 33%] Generating binary/ascend950/src/3rd/3rd_ascend950_src_copy.done
[2026-02-09 09:57:08] [ 34%] Building CXX object mc2/moe_distribute_combine_v2/op_host/CMakeFiles/ophost_transformer_tiling_obj.dir/__/__/3rd/batch_mat_mul_v3/op_host/op_tiling/arch35/batch_matmul_v3_asw_bl1_full_load_basic_tiling.cpp.o
[2026-02-09 09:57:08] [ 35%] Building CXX object mc2/moe_distribute_combine_v2/op_host/CMakeFiles/ophost_transformer_tiling_obj.dir/__/__/3rd/batch_mat_mul_v3/op_host/op_tiling/arch35/batch_matmul_v3_asw_al1_full_load_tiling.cpp.o
[2026-02-09 09:57:08] [ 35%] Building CXX object mc2/moe_distribute_combine_v2/op_host/CMakeFiles/ophost_transformer_tiling_obj.dir/__/__/3rd/batch_mat_mul_v3/op_host/batch_mat_mul_v3_def.cpp.o
[2026-02-09 09:57:08] [ 36%] No patch step for 'tiling_sink_task'
[2026-02-09 09:57:08] [ 36%] Building CXX object mc2/moe_distribute_combine_v2/op_host/CMakeFiles/ophost_transformer_tiling_obj.dir/__/__/3rd/batch_mat_mul_v3/op_host/op_tiling/arch35/batch_matmul_v3_asw_basic_tiling.cpp.o
[2026-02-09 09:57:08] [ 36%] Built target merge_ops_proto
[2026-02-09 09:57:08] [ 36%] Building CXX object mc2/moe_distribute_combine_v2/op_host/CMakeFiles/ophost_transformer_tiling_obj.dir/__/__/3rd/batch_mat_mul_v3/op_host/op_tiling/arch35/batch_matmul_v3_iterbatch_tiling.cpp.o
[2026-02-09 09:57:08] [ 37%] Building CXX object mc2/moe_distribute_combine_v2/op_host/CMakeFiles/ophost_transformer_tiling_obj.dir/__/__/3rd/batch_mat_mul_v3/op_host/op_tiling/arch35/batch_matmul_v3_asw_bl1_full_load_tiling.cpp.o
[2026-02-09 09:57:08] [ 37%] Building CXX object mc2/moe_distribute_combine_v2/op_host/CMakeFiles/ophost_transformer_tiling_obj.dir/__/__/3rd/batch_mat_mul_v3/op_host/op_tiling/arch35/batch_matmul_v3_asw_tiling.cpp.o
[2026-02-09 09:57:08] [ 39%] Building CXX object mc2/moe_distribute_combine_v2/op_host/CMakeFiles/ophost_transformer_tiling_obj.dir/__/__/3rd/batch_mat_mul_v3/op_host/op_tiling/arch35/batch_matmul_v3_tiling_advanced.cpp.o
[2026-02-09 09:57:08] [ 39%] Building CXX object mc2/moe_distribute_combine_v2/op_host/CMakeFiles/ophost_transformer_tiling_obj.dir/__/__/3rd/batch_mat_mul_v3/op_host/op_tiling/arch35/batch_matmul_v3_iterbatch_basicapi_tiling.cpp.o
[2026-02-09 09:57:08] [ 39%] Building CXX object mc2/moe_distribute_combine_v2/op_host/CMakeFiles/ophost_transformer_tiling_obj.dir/__/__/3rd/batch_mat_mul_v3/op_host/op_tiling/batch_mat_mul_v3_base_tiling.cpp.o
[2026-02-09 09:57:08] [ 39%] Built target moe_distribute_dispatch_v2_ascend950_src_copy
[2026-02-09 09:57:08] [ 40%] Building CXX object mc2/moe_distribute_combine_v2/op_host/CMakeFiles/ophost_transformer_tiling_obj.dir/__/__/3rd/batch_mat_mul_v3/op_host/op_tiling/batch_mat_mul_v3_tiling.cpp.o
[2026-02-09 09:57:08] [ 40%] Built target mc2_common_ascend950_src_copy
[2026-02-09 09:57:08] [ 41%] Building CXX object mc2/moe_distribute_combine_v2/op_host/CMakeFiles/ophost_transformer_tiling_obj.dir/__/__/3rd/common/op_host/op_tiling/debug_tiling.cpp.o
[2026-02-09 09:57:08] [ 41%] Building CXX object mc2/moe_distribute_combine_v2/op_host/CMakeFiles/ophost_transformer_tiling_obj.dir/__/__/3rd/com/home/y00951989/ops-transformer/mc2/3rd/mat_mul_v3/op_host/op_tiling/arch35/matmul_v3_asw_full_load_tiling.cpp: In function ‘uint64_t {anonymous}::GetStepSmallK91095(const optiling::mc2_matmul_v3_advanced::Mc2MatMulV3Args&, const optiling::mc2_matmul_v3_advanced::Mc2MatMulV3RunInfo&, bool)’:
/home/y00951989/ops-transformer/mc2/3rd/mat_mul_v3/op_host/op_tiling/arch35/matmul_v3_asw_full_load_tiling.cpp:64:16: warning: variable ‘inputFormat’ set but not used [-Wunused-but-set-variable]
   64 |     ge::Format inputFormat = args.bFormat;
      |                ^~~~~~~~~~~
mon/op_host/op_tiling/hash.cpp.o
[2026-02-09 09:57:08] [ 42%] Building CXX object mc2/moe_distribute_combine_v2/op_host/CMakeFiles/ophost_transformer_tiling_obj.dir/__/__/3rd/common/op_host/op_tiling/lock.cpp.o
[2026-02-09 09:57:08] [ 43%] Performing configure step for 'tiling_sink_task'
[2026-02-09 09:57:08] [ 43%] Built target op_host_aclnnExc
[2026-02-09 09:57:08] [ 43%] Building CXX object mc2/moe_distribute_combine_v2/op_host/CMakeFiles/ophost_transformer_tiling_obj.dir/__/__/3rd/mat_mul_v3/op_host/mat_mul_v3_def.cpp.o
[2026-02-09 09:57:08] [ 44%] Building CXX object mc2/moe_distribute_combine_v2/op_host/CMakeFiles/ophost_transformer_tiling_obj.dir/__/__/3rd/mat_mul_v3/op_host/op_tiling/arch35/matmul_v3_asw_basic_tiling.cpp.o
[2026-02-09 09:57:08] [ 44%] Building CXX object mc2/moe_distribute_combine_v2/op_host/CMakeFiles/ophost_transformer_tiling_obj.dir/__/__/3rd/mat_mul_v3/op_host/op_tiling/arch35/matmul_v3_asw_full_load_tiling.cpp.o
[2026-02-09 09:57:08] [ 45%] Building CXX object mc2/moe_distribute_combine_v2/op_host/CMakeFiles/ophost_transformer_tiling_obj.dir/__/__/3rd/mat_mul_v3/op_host/op_tiling/arch35/matmul_v3_asw_tiling.cpp.o
[2026-02-09 09:57:08] [ 45%] Building CXX object mc2/moe_distribute_combine_v2/op_host/CMakeFiles/ophost_transformer_tiling_obj.dir/__/__/3rd/mat_mul_v3/op_host/op_tiling/arch35/matmul_v3_stream_k_tiling.cpp.o
[2026-02-09 09:57:08] [ 46%] Building CXX object mc2/moe_distribute_combine_v2/op_host/CMakeFiles/ophost_transformer_tiling_obj.dir/__/__/3rd/mat_mul_v3/op_host/op_tiling/arch35/matmul_v3_basic_streamk_tiling.cpp.o
[2026-02-09 09:57:08] [ 46%] Building CXX object mc2/moe_distribute_combine_v2/op_host/CMakeFiles/ophost_transformer_tiling_obj.dir/__/__/3rd/mat_mul_v3/op_host/op_tiling/arch35/matmul_v3_tiling_helper.cpp.o
[2026-02-09 09:57:08] [ 47%] Building CXX object mc2/moe_distribute_combine_v2/op_host/CMakeFiles/ophost_transformer_tiling_obj.dir/__/__/3rd/mat_mul_v3/op_host/op_tiling/arch35/matmul_v3_tiling_advanced.cpp.o
[2026-02-09 09:57:08] [ 48%] Building CXX object mc2/moe_distribute_combine_v2/op_host/CMakeFiles/ophost_transformer_tiling_obj.dir/__/__/3rd/mat_mul_v3/op_host/op_tiling/matmul_v3_tiling.cpp.o
[2026-02-09 09:57:08] [ 49%] Building CXX object mc2/moe_distribute_combine_v2/op_host/CMakeFiles/ophost_transformer_tiling_obj.dir/__/__/3rd/mat_mul_v3/op_host/op_tiling/matmul_v3_base_tiling.cpp.o
[2026-02-09 09:57:08] [ 49%] Building CXX object mc2/moe_distribute_combine_v2/op_host/CMakeFiles/ophost_transformer_tiling_obj.dir/__/__/3rd/mat_mul_v3/op_host/op_tiling/matmul_v3_l2_cache.cpp.o
[2026-02-09 09:57:08] [ 50%] Building CXX object mc2/moe_distribute_combine_v2/op_host/CMakeFiles/ophost_transformer_tiling_obj.dir/__/__/3rd/quant_batch_matmul_v3/op_host/op_tiling/arch35/adaptive_sliding_window_tiling.cpp.o
[2026-02-09 09:57:08] [ 50%] Built target op_host_aclnn
[2026-02-09 09:57:08] [ 50%] Building CXX object mc2/moe_distribute_combine_v2/op_host/CMakeFiles/ophost_transformer_tiling_obj.dir/__/__/3rd/quant_batch_matmul_v3/op_host/op_tiling/arch35/quant_batch_matmul_v3_checker.cpp.o
[2026-02-09 09:57:08] [ 50%] Building CXX object mc2/moe_distribute_combine_v2/op_host/CMakeFiles/ophost_transformer_tiling_obj.dir/__/__/3rd/quant_batch_matmul_v3/op_host/op_tiling/quant_batch_matmul_v3_tiling.cpp.o
[2026-02-09 09:57:08] [ 51%] Building CXX object mc2/moe_distribute_combine_v2/op_host/CMakeFiles/ophost_transformer_tiling_obj.dir/__/__/3rd/quant_batch_matmul_v3/op_host/op_tiling/quant_batch_matmul_v3_tiling_base.cpp.o
[2026-02-09 09:57:08] [ 52%] Building CXX object mc2/moe_distribute_combine_v2/op_host/CMakeFiles/ophost_transformer_tiling_obj.dir/__/__/3rd/quant_batch_matmul_v3/op_host/op_tiling/quant_batch_matmul_v3_basic_tiling.cpp.o
[2026-02-09 09:57:08] [ 52%] Built target opbuild_gen_exc
[2026-02-09 09:57:08] [ 52%] Building CXX object mc2/moe_distribute_combine_v2/op_host/CMakeFiles/ophost_transformer_tiling_obj.dir/__/__/3rd/quant_batch_matmul_v3/op_host/op_tiling/quant_batch_matmul_v3_tiling_cache.cpp.o
[2026-02-09 09:57:08] [ 53%] Building CXX object mc2/In file included from /home/y00951989/ops-transformer/mc2/3rd/quant_batch_matmul_v3/op_host/op_tiling/arch35/quant_batch_matmul_v3_checker.h:17,
                 from /home/y00951989/ops-transformer/mc2/3rd/quant_batch_matmul_v3/op_host/op_tiling/arch35/adaptive_sliding_window_tiling.cpp:16:
/home/y00951989/ops-transformer/common/include/tiling_base/tiling_base.h:132:18: warning: ‘virtual void Ops::Transformer::OpTiling::TilingBaseClass::Reset(gert::TilingContext*)’ was hidden [-Woverloaded-virtual]
  132 |     virtual void Reset(gert::TilingContext* context)
      |                  ^~~~~
In file included from /home/y00951989/ops-transformer/mc2/3rd/quant_batch_matmul_v3/op_host/op_tiling/arch35/adaptive_sliding_window_tiling.cpp:19:
/home/y00951989/ops-transformer/mc2/3rd/quant_batch_matmul_v3/op_host/op_tiling/arch35/adaptive_sliding_window_tiling.h:132:10: warning:   by ‘void optiling::Mc2AdaptiveSlidingWindowTiling::Reset()’ [-Woverloaded-virtual]
  132 |     void Reset();
      |          ^~~~~
In file included from /home/y00951989/ops-transformer/mc2/3rd/quant_batch_matmul_v3/op_host/op_tiling/arch35/quant_batch_matmul_v3_checker.cpp:19:
/home/y00951989/ops-transformer/mc2/3rd/quant_batch_matmul_v3/op_host/op_tiling/arch35/quant_batch_matmul_v3_checker.cpp: In member function ‘bool optiling::Mc2QuantBatchMatmulV3Checker::BiasShapeCheck(const gert::Shape&, const gert::Shape&, const gert::StorageShape*) const’:
/home/y00951989/ops-transformer/mc2/common/inc/mc2_log.h:152:36: warning: format ‘%lu’ expects argument of type ‘long unsigned int’, but argument 7 has type ‘int64_t’ {aka ‘long int’} [-Wformat=]
  152 |     REPORT_INNER_ERR_MSG("E69999", "op[%s], " err_msg,            \
      |                                    ^
/home/y00951989/ops-transformer/mc2/common/inc/mc2_log.h:239:7: note: in definition of macro ‘OP_TILING_CHECK’
  239 |       log_func;                               \
      |       ^~~~~~~~
/home/y00951989/ops-transformer/mc2/3rd/quant_batch_matmul_v3/op_host/op_tiling/arch35/quant_batch_matmul_v3_checker.cpp:703:25: note: in expansion of macro ‘CUBE_INNER_ERR_REPORT’
  703 |                         CUBE_INNER_ERR_REPORT(inputParams_.opName,
      |                         ^~~~~~~~~~~~~~~~~~~~~
/home/y00951989/ops-transformer/mc2/3rd/quant_batch_matmul_v3/op_host/op_tiling/arch35/quant_batch_matmul_v3_checker.cpp:704:103: note: format string is defined here
  704 |                                               "Input bias dimension shape should equal n, but it is %lu while n is %lu.",
      |                                                                                                     ~~^
      |                                                                                                       |
      |                                                                                                       long unsigned int
      |                                                                                                     %lu
In file included from /home/y00951989/ops-transformer/mc2/3rd/quant_batch_matmul_v3/op_host/op_tiling/quant_batch_matmul_v3_tiling_base.h:22,
                 from /home/y00951989/ops-transformer/mc2/3rd/quant_batch_matmul_v3/op_host/op_tiling/quant_batch_matmul_v3_tiling.h:22,
                 from /home/y00951989/ops-transformer/mc2/3rd/quant_batch_matmul_v3/op_host/op_tiling/quant_batch_matmul_v3_tiling.cpp:16:
/home/y00951989/ops-transformer/common/include/tiling_base/tiling_base.h:132:18: warning: ‘virtual void Ops::Transformer::OpTiling::TilingBaseClass::Reset(gert::TilingContext*)’ was hidden [-Woverloaded-virtual]
  132 |     virtual void Reset(gert::TilingContext* context)
      |                  ^~~~~
In file included from /home/y00951989/ops-transformer/mc2/3rd/quant_batch_matmul_v3/op_host/op_tiling/quant_batch_matmul_v3_tiling.cpp:26:
/home/y00951989/ops-transformer/mc2/3rd/quant_batch_matmul_v3/op_host/op_tiling/arch35/adaptive_sliding_window_tiling.h:132:10: warning:   by ‘void optiling::Mc2AdaptiveSlidingWindowTiling::Reset()’ [-Woverloaded-virtual]
  132 |     void Reset();
      |          ^~~~~
In file included from /home/y00951989/ops-transformer/mc2/3rd/quant_batch_matmul_v3/op_host/op_tiling/quant_batch_matmul_v3_tiling.cpp:27:
/home/y00951989/ops-transformer/mc2/3rd/quant_batch_matmul_v3/op_host/op_tiling/quant_batch_matmul_v3_tiling.cpp: In member function ‘bool optiling::Mc2QuantBatchMatmulV3Tiling::BiasShapeCheck(const gert::Shape&) const’:
/home/y00951989/ops-transformer/mc2/common/inc/mc2_log.h:152:36: warning: format ‘%lu’ expects argument of type ‘long unsigned int’, but argument 7 has type ‘int64_t’ {aka ‘long int’} [-Wformat=]
  152 |     REPORT_INNER_ERR_MSG("E69999", "op[%s], " err_msg,            \
      |                                    ^
/home/y00951989/ops-transformer/mc2/common/inc/mc2_log.h:239:7: note: in definition of macro ‘OP_TILING_CHECK’
  239 |       log_func;                               \
      |       ^~~~~~~~
/home/y00951989/ops-transformer/mc2/3rd/quant_batch_matmul_v3/op_host/op_tiling/quant_batch_matmul_v3_tiling.cpp:422:25: note: in expansion of macro ‘CUBE_INNER_ERR_REPORT’
  422 |                         CUBE_INNER_ERR_REPORT(inputParams_.opName,
      |                         ^~~~~~~~~~~~~~~~~~~~~
/home/y00951989/ops-transformer/mc2/3rd/quant_batch_matmul_v3/op_host/op_tiling/quant_batch_matmul_v3_tiling.cpp:423:95: note: format string is defined here
  423 |                                               "The bias dimension should equal n, but it is %lu while n is %lu.",
      |                                                                                             ~~^
      |                                                                                               |
      |                                                                                               long unsigned int
      |                                                                                             %lu
In file included from /home/y00951989/ops-transformer/mc2/3rd/quant_batch_matmul_v3/op_host/op_tiling/quant_batch_matmul_v3_tiling.cpp:27:
/home/y00951989/ops-transformer/mc2/3rd/quant_batch_matmul_v3/op_host/op_tiling/quant_batch_matmul_v3_tiling.cpp: In member function ‘bool optiling::Mc2QuantBatchMatmulV3Tiling::CheckDimValue(const gert::Shape&, const gert::StorageShape*, const gert::StorageShape*, const std::vector<long int>&) const’:
/home/y00951989/ops-transformer/mc2/common/inc/mc2_log.h:152:36: warning: format ‘%lu’ expects argument of type ‘long unsigned int’, but argument 8 has type ‘int64_t’ {aka ‘long int’} [-Wformat=]
  152 |     REPORT_INNER_ERR_MSG("E69999", "op[%s], " err_msg,            \
      |                                    ^
/home/y00951989/ops-transformer/mc2/common/inc/mc2_log.h:239:7: note: in definition of macro ‘OP_TILING_CHECK’
  239 |       log_func;                               \
      |       ^~~~~~~~
/home/y00951989/ops-transformer/mc2/3rd/quant_batch_matmul_v3/op_host/op_tiling/quant_batch_matmul_v3_tiling.cpp:474:25: note: in expansion of macro ‘CUBE_INNER_ERR_REPORT’
  474 |                         CUBE_INNER_ERR_REPORT(inputParams_.opName,
      |                         ^~~~~~~~~~~~~~~~~~~~~
/home/y00951989/ops-transformer/mc2/3rd/quant_batch_matmul_v3/op_host/op_tiling/quant_batch_matmul_v3_tiling.cpp:475:110: note: format string is defined here
  475 |                                               "The pertoken shape should be equal to m[%lu] but actual is [%lu]",
      |                                                                                                            ~~^
      |                                                                                                              |
      |                                                                                                              long unsigned int
      |                                                                                                            %lu
In file included from /home/y00951989/ops-transformer/mc2/3rd/quant_batch_matmul_v3/op_host/op_tiling/quant_batch_matmul_v3_tiling_cache.h:19,
                 from /home/y00951989/ops-transformer/mc2/3rd/quant_batch_matmul_v3/op_host/op_tiling/quant_batch_matmul_v3_basic_tiling.cpp:25:
/home/y00951989/ops-transformer/mc2/3rd/common/op_host/op_tiling/tiling_cache.h: In instantiation of ‘void Ops::Transformer::TilingCache<HashInput, HashItem>::Add(uint32_t, const HashInput&, const HashItem&) [with HashInput = optiling::Mc2QuantBatchMatmulV3HashInput; HashItem = optiling::Mc2QuantBatchMatmulV3HashItem; uint32_t = unsigned int]’:
/home/y00951989/ops-transformer/mc2/3rd/quant_batch_matmul_v3/op_host/op_tiling/quant_batch_matmul_v3_basic_tiling.cpp:1282:64:   required from here
/home/y00951989/ops-transformer/mc2/3rd/common/op_host/op_tiling/tiling_cache.h:28:43: warning: unused parameter ‘hash_input’ [-Wunused-parameter]
   28 |   void Add(uint32_t key, const HashInput &hash_input, const HashItem &value) {
      |                          ~~~~~~~~~~~~~~~~~^~~~~~~~~~
moe_distribute_combine_v2/op_host/CMakeFiles/ophost_transformer_tiling_obj.dir/__/__/3rd/weight_quant_batch_matmul_v2/op_host/op_tiling/arch35/weight_quant_batch_matmul_v2_adaptive_sliding_window_tiling.cpp.o
[2026-02-09 09:57:08] [ 53%] Building CXX object mc2/moe_distribute_combine_v2/op_host/CMakeFiles/ophost_transformer_tiling_obj.dir/__/__/3rd/weight_quant_batch_matmul_v2/op_host/op_tiling/arch35/weight_quant_batch_matmul_v2_adaptive_split_tiling.cpp.o
[2026-02-09 09:57:08] [ 53%] Built target 3rd_ascend950_src_copy
[2026-02-09 09:57:08] [ 55%] Building CXX object mc2/moe_distribute_combine_v2/op_host/CMakeFiles/ophost_transformer_tiling_obj.dir/__/__/3rd/weight_quant_batch_matmul_v2/op_host/op_tiling/arch35/weight_quant_batch_matmul_v2_reg_base_tiling.cpp.o
[2026-02-09 09:57:08] [ 55%] Building CXX object mc2/moe_distribute_combine_v2/op_host/CMakeFiles/ophost_transformer_tiling_obj.dir/__/__/3rd/weight_quant_batch_matmul_v2/op_host/op_tiling/arch35/weight_quant_batch_matmul_v2_basic_block_tiling.cpp.o
[2026-02-09 09:57:08] [ 55%] Building CXX object mc2/moe_distribute_combine_v2/op_host/CMakeFiles/ophost_transformer_tiling_obj.dir/__/__/3rd/weight_quant_batch_matmul_v2/op_host/op_tiling/weight_quant_batch_matmul_v2_checker_for_mmads8s4.cpp.o
[2026-02-09 09:57:08] [ 56%] Building CXX object mc2/moe_distribute_combine_v2/op_host/CMakeFiles/ophost_transformer_tiling_obj.dir/__/__/3rd/weight_quant_batch_matmul_v2/op_host/op_tiling/weight_quant_batch_matmul_v2_compute_matmul_tiling.cpp.o
[2026-02-09 09:57:08] [ 56%] Built target opbuild_gen_default
[2026-02-09 09:57:08] [ 56%] Building CXX object mc2/moe_distribute_combine_v2/op_host/CMakeFiles/ophost_transformer_tiling_obj.dir/__/__/3rd/weight_quant_batch_matmul_v2/op_host/op_tiling/weight_quant_batch_matmul_v2_tiling.cpp.o
[2026-02-09 09:57:08] [ 57%] Building CXX object mc2/moe_distribute_combine_v2/op_host/CMakeFiles/ophost_transformer_tiling_obj.dir/__/__/3rd/weight_quant_batch_matmul_v2/op_host/op_tiling/weight_quant_batch_matmul_v2_tiling_custom.cpp.o
[2026-02-09 09:57:08] [ 57%] Building CXX object mc2/moe_distribute_combine_v2/op_host/CMakeFiles/ophost_transformer_tiling_obj.dir/__/__/3rd/weight_quant_batch_matmul_v2/op_host/op_tiling/weight_quant_batch_matmul_v2_tiling_custom_nz_splitk.cpp.o
[2026-02-09 09:57:08] [ 58%] Building CXX object mc2/moe_distribute_combine_v2/op_host/CMakeFiles/ophost_transformer_tiling_obj.dir/__/__/3rd/weight_quant_batch_matmul_v2/op_host/op_tiling/weight_quant_batch_matmul_v2_tiling_fixpipe.cpp.o
[2026-02-09 09:57:08] [ 59%] Building CXX object mc2/moe_distribute_combine_v2/op_host/CMakeFiles/ophost_transformer_tiling_obj.dir/__/__/3rd/weight_quant_batch_matmul_v2/op_host/op_tiling/weight_quant_batch_matmul_v2_tiling_msd.cpp.o
[2026-02-09 09:57:08] [ 59%] Building CXX object mc2/moe_distribute_combine_v2/op_host/CMakeFiles/ophost_transformer_tiling_obj.dir/__/__/3rd/weight_quant_batch_matmul_v2/op_host/op_tiling/weight_quant_batch_matmul_v2_tiling_msd_group.cpp.o
[2026-02-09 09:57:08] [ 60%] Building CXX object mc2/moe_distribute_combine_v2/op_host/CMakeFiles/ophost_transformer_tiling_obj.dir/__/__/3rd/weight_quant_batch_matmul_v2/op_host/op_tiling/weight_quant_batch_matmul_v2_tiling_tool.cpp.o
[2026-02-09 09:57:08] [ 61%] Building CXX object mc2/moe_distribute_combine_v2/op_host/CMakeFiles/ophost_transformer_tiling_obj.dir/__/__/3rd/weight_quant_batch_matmul_v2/op_host/op_tiling/weight_quant_batch_matmul_v2_tiling_registry.cpp.o
[2026-02-09 09:57:08] [ 61%] Building CXX object mc2/moe_distribute_combine_v2/op_host/CMakeFiles/ophost_transformer_tiling_obj.dir/__/__/3rd/weight_quant_batch_matmul_v2/op_host/op_tiling/weight_quant_batch_matmul_v2_tiling_splitk.cpp.o
[2026-02-09 09:57:08] [ 61%] Generating binary/ascend950/src/moe_distribute_combine_v2/moe_distribute_combine_v2_ascend950_src_copy.done
[2026-02-09 09:57:08] [ 61%] Building CXX object mc2/moe_distribute_combine_v2/op_host/CMakeFiles/ophost_transformer_tiling_obj.dir/__/__/3rd/weight_quant_batch_matmul_v2/op_host/op_tiling/weight_quant_batch_matmul_v2_weight_nz_tiling.c/home/y00951989/ops-transformer/mc2/3rd/weight_quant_batch_matmul_v2/op_host/op_tiling/weight_quant_batch_matmul_v2_tiling_fixpipe.cpp: In member function ‘virtual uint64_t optiling::Mc2WeightQuantBatchMatmulV2TilingFixpipe::GetTilingKey() const’:
/home/y00951989/ops-transformer/mc2/3rd/weight_quant_batch_matmul_v2/op_host/op_tiling/weight_quant_batch_matmul_v2_tiling_fixpipe.cpp:237:14: warning: declaration of ‘tilingKey_’ shadows a member of ‘optiling::Mc2WeightQuantBatchMatmulV2TilingFixpipe’ [-Wshadow]
  237 |     uint64_t tilingKey_ = GET_TPL_TILING_KEY(
      |              ^~~~~~~~~~
In file included from /home/y00951989/ops-transformer/common/include/tiling_base/tiling_templates_registry.h:22,
                 from /home/y00951989/ops-transformer/mc2/3rd/weight_quant_batch_matmul_v2/op_host/op_tiling/weight_quant_batch_matmul_v2_tiling_tool.h:19,
                 from /home/y00951989/ops-transformer/mc2/3rd/weight_quant_batch_matmul_v2/op_host/op_tiling/weight_quant_batch_matmul_v2_tiling.h:18,
                 from /home/y00951989/ops-transformer/mc2/3rd/weight_quant_batch_matmul_v2/op_host/op_tiling/weight_quant_batch_matmul_v2_tiling_fixpipe.h:19,
                 from /home/y00951989/ops-transformer/mc2/3rd/weight_quant_batch_matmul_v2/op_host/op_tiling/weight_quant_batch_matmul_v2_tiling_fixpipe.cpp:16:
/home/y00951989/ops-transformer/common/include/tiling_base/tiling_base.h:251:14: note: shadowed declaration is here
  251 |     uint64_t tilingKey_{0};
      |              ^~~~~~~~~~
/home/y00951989/ops-transformer/mc2/3rd/weight_quant_batch_matmul_v2/op_host/op_tiling/weight_quant_batch_matmul_v2_tiling_custom_nz_splitk.cpp: In member function ‘virtual uint64_t optiling::Mc2WeightQuantBatchMatmulV2CustomNzSplitK::GetTilingKey() const’:
/home/y00951989/ops-transformer/mc2/3rd/weight_quant_batch_matmul_v2/op_host/op_tiling/weight_quant_batch_matmul_v2_tiling_custom_nz_splitk.cpp:202:14: warning: declaration of ‘tilingKey_’ shadows a member of ‘optiling::Mc2WeightQuantBatchMatmulV2CustomNzSplitK’ [-Wshadow]
  202 |     uint64_t tilingKey_ = GET_TPL_TILING_KEY(
      |              ^~~~~~~~~~
In file included from /home/y00951989/ops-transformer/common/include/tiling_base/tiling_templates_registry.h:22,
                 from /home/y00951989/ops-transformer/mc2/3rd/weight_quant_batch_matmul_v2/op_host/op_tiling/weight_quant_batch_matmul_v2_tiling_tool.h:19,
                 from /home/y00951989/ops-transformer/mc2/3rd/weight_quant_batch_matmul_v2/op_host/op_tiling/weight_quant_batch_matmul_v2_tiling.h:18,
                 from /home/y00951989/ops-transformer/mc2/3rd/weight_quant_batch_matmul_v2/op_host/op_tiling/weight_quant_batch_matmul_v2_tiling_custom_nz_splitk.h:19,
                 from /home/y00951989/ops-transformer/mc2/3rd/weight_quant_batch_matmul_v2/op_host/op_tiling/weight_quant_batch_matmul_v2_tiling_custom_nz_splitk.cpp:16:
/home/y00951989/ops-transformer/common/include/tiling_base/tiling_base.h:251:14: note: shadowed declaration is here
  251 |     uint64_t tilingKey_{0};
      |              ^~~~~~~~~~
/home/y00951989/ops-transformer/mc2/3rd/weight_quant_batch_matmul_v2/op_host/op_tiling/weight_quant_batch_matmul_v2_tiling_splitk.cpp: In member function ‘virtual uint64_t optiling::Mc2WeightQuantBatchMatmulV2TilingSplitK::GetTilingKey() const’:
/home/y00951989/ops-transformer/mc2/3rd/weight_quant_batch_matmul_v2/op_host/op_tiling/weight_quant_batch_matmul_v2_tiling_splitk.cpp:264:14: warning: declaration of ‘tilingKey_’ shadows a member of ‘optiling::Mc2WeightQuantBatchMatmulV2TilingSplitK’ [-Wshadow]
  264 |     uint64_t tilingKey_ = GET_TPL_TILING_KEY(
      |              ^~~~~~~~~~
In file included from /home/y00951989/ops-transformer/common/include/tiling_base/tiling_templates_registry.h:22,
                 from /home/y00951989/ops-transformer/mc2/3rd/weight_quant_batch_matmul_v2/op_host/op_tiling/weight_quant_batch_matmul_v2_tiling_tool.h:19,
                 from /home/y00951989/ops-transformer/mc2/3rd/weight_quant_batch_matmul_v2/op_host/op_tiling/weight_quant_batch_matmul_v2_tiling.h:18,
                 from /home/y00951989/ops-transformer/mc2/3rd/weight_quant_batch_matmul_v2/op_host/op_tiling/weight_quant_batch_matmul_v2_tiling_splitk.h:18,
                 from /home/y00951989/ops-transformer/mc2/3rd/weight_quant_batch_matmul_v2/op_host/op_tiling/weight_quant_batch_matmul_v2_tiling_splitk.cpp:16:
/home/y00951989/ops-transformer/common/include/tiling_base/tiling_base.h:251:14: note: shadowed declaration is here
  251 |     uint64_t tilingKey_{0};
      |              ^~~~~~~~~~
In file included from /home/y00951989/ops-transformer/mc2/3rd/weight_quant_batch_matmul_v2/op_host/op_tiling/weight_quant_batch_matmul_v2_tiling_msd_group.cpp:15:
/home/y00951989/ops-transformer/mc2/3rd/weight_quant_batch_matmul_v2/op_host/op_tiling/weight_quant_batch_matmul_v2_tiling_msd_group.h: In member function ‘virtual uint64_t optiling::Mc2WeightQuantBatchMatmulV2TilingMsdGroup::GetTilingKey() const’:
/home/y00951989/ops-transformer/mc2/3rd/weight_quant_batch_matmul_v2/op_host/op_tiling/weight_quant_batch_matmul_v2_tiling_msd_group.h:92:22: warning: declaration of ‘tilingKey_’ shadows a member of ‘optiling::Mc2WeightQuantBatchMatmulV2TilingMsdGroup’ [-Wshadow]
   92 |             uint64_t tilingKey_ = GET_TPL_TILING_KEY(
      |                      ^~~~~~~~~~
In file included from /home/y00951989/ops-transformer/common/include/tiling_base/tiling_templates_registry.h:22,
                 from /home/y00951989/ops-transformer/mc2/3rd/weight_quant_batch_matmul_v2/op_host/op_tiling/weight_quant_batch_matmul_v2_tiling_tool.h:19,
                 from /home/y00951989/ops-transformer/mc2/3rd/weight_quant_batch_matmul_v2/op_host/op_tiling/weight_quant_batch_matmul_v2_tiling.h:18,
                 from /home/y00951989/ops-transformer/mc2/3rd/weight_quant_batch_matmul_v2/op_host/op_tiling/weight_quant_batch_matmul_v2_tiling_msd_group.h:19,
                 from /home/y00951989/ops-transformer/mc2/3rd/weight_quant_batch_matmul_v2/op_host/op_tiling/weight_quant_batch_matmul_v2_tiling_msd_group.cpp:15:
/home/y00951989/ops-transformer/common/include/tiling_base/tiling_base.h:251:14: note: shadowed declaration is here
  251 |     uint64_t tilingKey_{0};
      |              ^~~~~~~~~~
In file included from /home/y00951989/ops-transformer/mc2/3rd/weight_quant_batch_matmul_v2/op_host/op_tiling/weight_quant_batch_matmul_v2_tiling_msd_group.cpp:15:
/home/y00951989/ops-transformer/mc2/3rd/weight_quant_batch_matmul_v2/op_host/op_tiling/weight_quant_batch_matmul_v2_tiling_msd_group.h:118:22: warning: declaration of ‘tilingKey_’ shadows a member of ‘optiling::Mc2WeightQuantBatchMatmulV2TilingMsdGroup’ [-Wshadow]
  118 |             uint64_t tilingKey_ = GET_TPL_TILING_KEY(
      |                      ^~~~~~~~~~
In file included from /home/y00951989/ops-transformer/common/include/tiling_base/tiling_templates_registry.h:22,
                 from /home/y00951989/ops-transformer/mc2/3rd/weight_quant_batch_matmul_v2/op_host/op_tiling/weight_quant_batch_matmul_v2_tiling_tool.h:19,
                 from /home/y00951989/ops-transformer/mc2/3rd/weight_quant_batch_matmul_v2/op_host/op_tiling/weight_quant_batch_matmul_v2_tiling.h:18,
                 from /home/y00951989/ops-transformer/mc2/3rd/weight_quant_batch_matmul_v2/op_host/op_tiling/weight_quant_batch_matmul_v2_tiling_msd_group.h:19,
                 from /home/y00951989/ops-transformer/mc2/3rd/weight_quant_batch_matmul_v2/op_host/op_tiling/weight_quant_batch_matmul_v2_tiling_msd_group.cpp:15:
/home/y00951989/ops-transformer/common/include/tiling_base/tiling_base.h:251:14: note: shadowed declaration is here
  251 |     uint64_t tilingKey_{0};
      |              ^~~~~~~~~~
/home/y00951989/ops-transformer/mc2/3rd/weight_quant_batch_matmul_v2/op_host/op_tiling/weight_quant_batch_matmul_v2_tiling_msd.cpp: In member function ‘uint64_t optiling::Mc2WeightQuantBatchMatmulV2Msd::GetInnerPreciseTilingKey() const’:
/home/y00951989/ops-transformer/mc2/3rd/weight_quant_batch_matmul_v2/op_host/op_tiling/weight_quant_batch_matmul_v2_tiling_msd.cpp:381:14: warning: declaration of ‘tilingKey_’ shadows a member of ‘optiling::Mc2WeightQuantBatchMatmulV2Msd’ [-Wshadow]
  381 |     uint64_t tilingKey_ = GET_TPL_TILING_KEY(
      |              ^~~~~~~~~~
In file included from /home/y00951989/ops-transformer/common/include/tiling_base/tiling_templates_registry.h:22,
                 from /home/y00951989/ops-transformer/mc2/3rd/weight_quant_batch_matmul_v2/op_host/op_tiling/weight_quant_batch_matmul_v2_tiling_tool.h:19,
                 from /home/y00951989/ops-transformer/mc2/3rd/weight_quant_batch_matmul_v2/op_host/op_tiling/weight_quant_batch_matmul_v2_tiling.h:18,
                 from /home/y00951989/ops-transformer/mc2/3rd/weight_quant_batch_matmul_v2/op_host/op_tiling/weight_quant_batch_matmul_v2_tiling_msd.h:19,
                 from /home/y00951989/ops-transformer/mc2/3rd/weight_quant_batch_matmul_v2/op_host/op_tiling/weight_quant_batch_matmul_v2_tiling_msd.cpp:16:
/home/y00951989/ops-transformer/common/include/tiling_base/tiling_base.h:251:14: note: shadowed declaration is here
  251 |     uint64_t tilingKey_{0};
      |              ^~~~~~~~~~
/home/y00951989/ops-transformer/mc2/3rd/weight_quant_batch_matmul_v2/op_host/op_tiling/weight_quant_batch_matmul_v2_tiling_msd.cpp: In member function ‘virtual uint64_t optiling::Mc2WeightQuantBatchMatmulV2Msd::GetTilingKey() const’:
/home/y00951989/ops-transformer/mc2/3rd/weight_quant_batch_matmul_v2/op_host/op_tiling/weight_quant_batch_matmul_v2_tiling_msd.cpp:422:14: warning: declaration of ‘tilingKey_’ shadows a member of ‘optiling::Mc2WeightQuantBatchMatmulV2Msd’ [-Wshadow]
  422 |     uint64_t tilingKey_;
      |              ^~~~~~~~~~
In file included from /home/y00951989/ops-transformer/common/include/tiling_base/tiling_templates_registry.h:22,
                 from /home/y00951989/ops-transformer/mc2/3rd/weight_quant_batch_matmul_v2/op_host/op_tiling/weight_quant_batch_matmul_v2_tiling_tool.h:19,
                 from /home/y00951989/ops-transformer/mc2/3rd/weight_quant_batch_matmul_v2/op_host/op_tiling/weight_quant_batch_matmul_v2_tiling.h:18,
                 from /home/y00951989/ops-transformer/mc2/3rd/weight_quant_batch_matmul_v2/op_host/op_tiling/weight_quant_batch_matmul_v2_tiling_msd.h:19,
                 from /home/y00951989/ops-transformer/mc2/3rd/weight_quant_batch_matmul_v2/op_host/op_tiling/weight_quant_batch_matmul_v2_tiling_msd.cpp:16:
/home/y00951989/ops-transformer/common/include/tiling_base/tiling_base.h:251:14: note: shadowed declaration is here
  251 |     uint64_t tilingKey_{0};
      |              ^~~~~~~~~~
/home/y00951989/ops-transformer/mc2/3rd/weight_quant_batch_matmul_v2/op_host/op_tiling/weight_quant_batch_matmul_v2_tiling_custom.cpp: In member function ‘virtual uint64_t optiling::Mc2WeightQuantBatchMatmulV2TilingCustom::GetTilingKey() const’:
/home/y00951989/ops-transformer/mc2/3rd/weight_quant_batch_matmul_v2/op_host/op_tiling/weight_quant_batch_matmul_v2_tiling_custom.cpp:739:14: warning: declaration of ‘tilingKey_’ shadows a member of ‘optiling::Mc2WeightQuantBatchMatmulV2TilingCustom’ [-Wshadow]
  739 |     uint64_t tilingKey_ = GET_TPL_TILING_KEY(
      |              ^~~~~~~~~~
In file included from /home/y00951989/ops-transformer/common/include/tiling_base/tiling_templates_registry.h:22,
                 from /home/y00951989/ops-transformer/mc2/3rd/weight_quant_batch_matmul_v2/op_host/op_tiling/weight_quant_batch_matmul_v2_tiling_tool.h:19,
                 from /home/y00951989/ops-transformer/mc2/3rd/weight_quant_batch_matmul_v2/op_host/op_tiling/weight_quant_batch_matmul_v2_tiling.h:18,
                 from /home/y00951989/ops-transformer/mc2/3rd/weight_quant_batch_matmul_v2/op_host/op_tiling/weight_quant_batch_matmul_v2_tiling_custom.h:19,
                 from /home/y00951989/ops-transformer/mc2/3rd/weight_quant_batch_matmul_v2/op_host/op_tiling/weight_quant_batch_matmul_v2_tiling_custom.cpp:16:
/home/y00951989/ops-transformer/common/include/tiling_base/tiling_base.h:251:14: note: shadowed declaration is here
  251 |     uint64_t tilingKey_{0};
      |              ^~~~~~~~~~
In file included from /home/y00951989/ops-transformer/mc2/3rd/weight_quant_batch_matmul_v2/op_host/op_tiling/weight_quant_batch_matmul_v2_tiling_registry.cpp:21:
/home/y00951989/ops-transformer/mc2/3rd/weight_quant_batch_matmul_v2/op_host/op_tiling/weight_quant_batch_matmul_v2_tiling_msd_group.h: In member function ‘virtual uint64_t optiling::Mc2WeightQuantBatchMatmulV2TilingMsdGroup::GetTilingKey() const’:
/home/y00951989/ops-transformer/mc2/3rd/weight_quant_batch_matmul_v2/op_host/op_tiling/weight_quant_batch_matmul_v2_tiling_msd_group.h:92:22: warning: declaration of ‘tilingKey_’ shadows a member of ‘optiling::Mc2WeightQuantBatchMatmulV2TilingMsdGroup’ [-Wshadow]
   92 |             uint64_t tilingKey_ = GET_TPL_TILING_KEY(
      |                      ^~~~~~~~~~
In file included from /home/y00951989/ops-transformer/common/include/tiling_base/tiling_templates_registry.h:22,
                 from /home/y00951989/ops-transformer/mc2/3rd/weight_quant_batch_matmul_v2/op_host/op_tiling/weight_quant_batch_matmul_v2_tiling_tool.h:19,
                 from /home/y00951989/ops-transformer/mc2/3rd/weight_quant_batch_matmul_v2/op_host/op_tiling/weight_quant_batch_matmul_v2_tiling.h:18,
                 from /home/y00951989/ops-transformer/mc2/3rd/weight_quant_batch_matmul_v2/op_host/op_tiling/weight_quant_batch_matmul_v2_checker_for_mmads8s4.h:17,
                 from /home/y00951989/ops-transformer/mc2/3rd/weight_quant_batch_matmul_v2/op_host/op_tiling/weight_quant_batch_matmul_v2_tiling_registry.cpp:16:
/home/y00951989/ops-transformer/common/include/tiling_base/tiling_base.h:251:14: note: shadowed declaration is here
  251 |     uint64_t tilingKey_{0};
      |              ^~~~~~~~~~
In file included from /home/y00951989/ops-transformer/mc2/3rd/weight_quant_batch_matmul_v2/op_host/op_tiling/weight_quant_batch_matmul_v2_tiling_registry.cpp:21:
/home/y00951989/ops-transformer/mc2/3rd/weight_quant_batch_matmul_v2/op_host/op_tiling/weight_quant_batch_matmul_v2_tiling_msd_group.h:118:22: warning: declaration of ‘tilingKey_’ shadows a member of ‘optiling::Mc2WeightQuantBatchMatmulV2TilingMsdGroup’ [-Wshadow]
  118 |             uint64_t tilingKey_ = GET_TPL_TILING_KEY(
      |                      ^~~~~~~~~~
In file included from /home/y00951989/ops-transformer/common/include/tiling_base/tiling_templates_registry.h:22,
                 from /home/y00951989/ops-transformer/mc2/3rd/weight_quant_batch_matmul_v2/op_host/op_tiling/weight_quant_batch_matmul_v2_tiling_tool.h:19,
                 from /home/y00951989/ops-transformer/mc2/3rd/weight_quant_batch_matmul_v2/op_host/op_tiling/weight_quant_batch_matmul_v2_tiling.h:18,
                 from /home/y00951989/ops-transformer/mc2/3rd/weight_quant_batch_matmul_v2/op_host/op_tiling/weight_quant_batch_matmul_v2_checker_for_mmads8s4.h:17,
                 from /home/y00951989/ops-transformer/mc2/3rd/weight_quant_batch_matmul_v2/op_host/op_tiling/weight_quant_batch_matmul_v2_tiling_registry.cpp:16:
/home/y00951989/ops-transformer/common/include/tiling_base/tiling_base.h:251:14: note: shadowed declaration is here
  251 |     uint64_t tilingKey_{0};
      |              ^~~~~~~~~~
/home/y00951989/ops-transformer/mc2/3rd/weight_quant_batch_matmul_v2/op_host/op_tiling/weight_quant_batch_matmul_v2_weight_nz_tiling.cpp: In member function ‘virtual uint64_t optiling::Mc2WeightQuantBatchMatmulV2WeightNz::GetTilingKey() const’:
/home/y00951989/ops-transformer/mc2/3rd/weight_quant_batch_matmul_v2/op_host/op_tiling/weight_quant_batch_matmul_v2_weight_nz_tiling.cpp:791:14: warning: declaration of ‘tilingKey_’ shadows a member of ‘optiling::Mc2WeightQuantBatchMatmulV2WeightNz’ [-Wshadow]
  791 |     uint64_t tilingKey_ = GET_TPL_TILING_KEY(
      |              ^~~~~~~~~~
In file included from /home/y00951989/ops-transformer/common/include/tiling_base/tiling_templates_registry.h:22,
                 from /home/y00951989/ops-transformer/mc2/3rd/weight_quant_batch_matmul_v2/op_host/op_tiling/weight_quant_batch_matmul_v2_tiling_tool.h:19,
                 from /home/y00951989/ops-transformer/mc2/3rd/weight_quant_batch_matmul_v2/op_host/op_tiling/weight_quant_batch_matmul_v2_tiling.h:18,
                 from /home/y00951989/ops-transformer/mc2/3rd/weight_quant_batch_matmul_v2/op_host/op_tiling/weight_quant_batch_matmul_v2_weight_nz_tiling.h:19,
                 from /home/y00951989/ops-transformer/mc2/3rd/weight_quant_batch_matmul_v2/op_host/op_tiling/weight_quant_batch_matmul_v2_weight_nz_tiling.cpp:15:
/home/y00951989/ops-transformer/common/include/tiling_base/tiling_base.h:251:14: note: shadowed declaration is here
  251 |     uint64_t tilingKey_{0};
      |              ^~~~~~~~~~
In file included from /home/y00951989/ops-transformer/mc2/common/inc/tiling/../../../3rd/mat_mul_v3/op_host/op_tiling/arch35/matmul_v3_compile_info_advanced.h:25,
                 from /home/y00951989/ops-transformer/mc2/common/inc/tiling/../../../3rd/mat_mul_v3/op_host/op_tiling/arch35/matmul_v3_base_tiling_advanced.h:22,
                 from /home/y00951989/ops-transformer/mc2/common/inc/tiling/mc2_tiling_utils.h:31,
                 from /home/y00951989/ops-transformer/mc2/moe_distribute_dispatch_v2/op_host/op_tiling/moe_distribute_dispatch_v2_tiling.cpp:29:
/home/y00951989/ops-transformer/mc2/moe_distribute_dispatch_v2/op_host/op_tiling/moe_distribute_dispatch_v2_tiling.cpp: In function ‘bool optiling::CheckCommAlgAttrs(const gert::TilingContext*, const char*, const MoeDistributeDispatchV2TilingData&, bool)’:
/home/y00951989/ops-transformer/mc2/moe_distribute_dispatch_v2/op_host/op_tiling/moe_distribute_dispatch_v2_tiling.cpp:894:87: warning: format ‘%ld’ expects argument of type ‘long int’, but argument 7 has type ‘uint32_t’ {aka ‘unsigned int’} [-Wformat=]
  894 |     OP_TILING_CHECK(isSetCommAlg && (bs > FULLMESH_BS_UPPER_BOUND), OP_LOGE(nodeName, "When comm_alg is fullmesh_v2, bs should be between [1, %ld], but got %ld.", FULLMESH_BS_UPPER_BOUND, bs),
      |                                                                                                                                                                                             ~~
      |                                                                                                                                                                                             |
      |                                                                                                                                                                                             uint32_t {aka unsigned int}
/home/y00951989/ops-transformer/mc2/common/inc/tiling/../../../3rd/mat_mul_v3/op_host/op_tiling/arch35/../../../../../common/inc/mc2_log.h:239:7: note: in definition of macro ‘OP_TILING_CHECK’
  239 |       log_func;                               \
      |       ^~~~~~~~
/home/y00951989/ops-transformer/mc2/moe_distribute_dispatch_v2/op_host/op_tiling/moe_distribute_dispatch_v2_tiling.cpp:894:69: note: in expansion of macro ‘OP_LOGE’
  894 |     OP_TILING_CHECK(isSetCommAlg && (bs > FULLMESH_BS_UPPER_BOUND), OP_LOGE(nodeName, "When comm_alg is fullmesh_v2, bs should be between [1, %ld], but got %ld.", FULLMESH_BS_UPPER_BOUND, bs),
      |                                                                     ^~~~~~~
/home/y00951989/ops-transformer/mc2/moe_distribute_dispatch_v2/op_host/op_tiling/moe_distribute_dispatch_v2_tiling.cpp:897:77: warning: format ‘%ld’ expects argument of type ‘long int’, but argument 7 has type ‘uint32_t’ {aka ‘unsigned int’} [-Wformat=]
  897 |     OP_TILING_CHECK(isSetCommAlg && (k > FULLMESH_K_MAX), OP_LOGE(nodeName, "When comm_alg is fullmesh_v2, topK should be between [1, %ld], but got %ld.", FULLMESH_K_MAX, k),
      |                                                                                                                                                                            ~
      |                                                                                                                                                                            |
      |                                                                                                                                                                            uint32_t {aka unsigned int}
/home/y00951989/ops-transformer/mc2/common/inc/tiling/../../../3rd/mat_mul_v3/op_host/op_tiling/arch35/../../../../../common/inc/mc2_log.h:239:7: note: in definition of macro ‘OP_TILING_CHECK’
  239 |       log_func;                               \
      |       ^~~~~~~~
/home/y00951989/ops-transformer/mc2/moe_distribute_dispatch_v2/op_host/op_tiling/moe_distribute_dispatch_v2_tiling.cpp:897:59: note: in expansion of macro ‘OP_LOGE’
  897 |     OP_TILING_CHECK(isSetCommAlg && (k > FULLMESH_K_MAX), OP_LOGE(nodeName, "When comm_alg is fullmesh_v2, topK should be between [1, %ld], but got %ld.", FULLMESH_K_MAX, k),
      |                                                           ^~~~~~~
/home/y00951989/ops-transformer/mc2/moe_distribute_dispatch_v2/op_host/op_tiling/moe_distribute_dispatch_v2_tiling.cpp: In function ‘ge::graphStatus optiling::MoeDistributeDispatchA2CheckShapeAndSetTiling(const gert::TilingContext*, MoeDistributeDispatchA2Info&, bool)’:
/home/y00951989/ops-transformer/mc2/moe_distribute_dispatch_v2/op_host/op_tiling/moe_distribute_dispatch_v2_tiling.cpp:1602:31: warning: format ‘%lu’ expects argument of type ‘long unsigned int’, but argument 6 has type ‘int64_t’ {aka ‘long int’} [-Wformat=]
 1602 |             OP_LOGE(nodeName, "xActiveMask must be 1-dimension or 2-dimension, but got %lu dim",
 1603 |             xActiveMaskDimNums), return GRAPH_FAILED);
      |             ~~~~~~~~~~~~~~~~~~ 
      |             |
      |             int64_t {aka long int}
/home/y00951989/ops-transformer/mc2/common/inc/tiling/../../../3rd/mat_mul_v3/op_host/op_tiling/arch35/../../../../../common/inc/mc2_log.h:239:7: note: in definition of macro ‘OP_TILING_CHECK’
  239 |       log_func;                               \
      |       ^~~~~~~~
/home/y00951989/ops-transformer/mc2/moe_distribute_dispatch_v2/op_host/op_tiling/moe_distribute_dispatch_v2_tiling.cpp:1602:13: note: in expansion of macro ‘OP_LOGE’
 1602 |             OP_LOGE(nodeName, "xActiveMask must be 1-dimension or 2-dimension, but got %lu dim",
      |             ^~~~~~~
/home/y00951989/ops-transformer/mc2/moe_distribute_dispatch_v2/op_host/op_tiling/moe_distribute_dispatch_v2_tiling.cpp:1607:31: warning: format ‘%ld’ expects argument of type ‘long int’, but argument 7 has type ‘uint32_t’ {aka ‘unsigned int’} [-Wformat=]
 1607 |             OP_LOGE(nodeName, "xActiveMask's dim0 not equal to expertIds's dim0, xActiveMask's dim0 is %ld, "
 1608 |             "expertIds's dim0 is %ld", xActiveMaskDim0, bs), return GRAPH_FAILED);
      |                                                         ~~
      |                                                         |
      |                                                         uint32_t {aka unsigned int}
/home/y00951989/ops-transformer/mc2/common/inc/tiling/../../../3rd/mat_mul_v3/op_host/op_tiling/arch35/../../../../../common/inc/mc2_log.h:239:7: note: in definition of macro ‘OP_TILING_CHECK’
  239 |       log_func;                               \
      |       ^~~~~~~~
/home/y00951989/ops-transformer/mc2/moe_distribute_dispatch_v2/op_host/op_tiling/moe_distribute_dispatch_v2_tiling.cpp:1607:13: note: in expansion of macro ‘OP_LOGE’
 1607 |             OP_LOGE(nodeName, "xActiveMask's dim0 not equal to expertIds's dim0, xActiveMask's dim0 is %ld, "
      |             ^~~~~~~
/home/y00951989/ops-transformer/mc2/moe_distribute_dispatch_v2/op_host/op_tiling/moe_distribute_dispatch_v2_tiling.cpp:1608:36: note: format string is defined here
 1608 |             "expertIds's dim0 is %ld", xActiveMaskDim0, bs), return GRAPH_FAILED);
      |                                  ~~^
      |                                    |
      |                                    long int
      |                                  %d
In file included from /home/y00951989/ops-transformer/mc2/common/inc/tiling/../../../3rd/mat_mul_v3/op_host/op_tiling/arch35/matmul_v3_compile_info_advanced.h:25,
                 from /home/y00951989/ops-transformer/mc2/common/inc/tiling/../../../3rd/mat_mul_v3/op_host/op_tiling/arch35/matmul_v3_base_tiling_advanced.h:22,
                 from /home/y00951989/ops-transformer/mc2/common/inc/tiling/mc2_tiling_utils.h:31,
                 from /home/y00951989/ops-transformer/mc2/moe_distribute_dispatch_v2/op_host/op_tiling/moe_distribute_dispatch_v2_tiling.cpp:29:
/home/y00951989/ops-transformer/mc2/moe_distribute_dispatch_v2/op_host/op_tiling/moe_distribute_dispatch_v2_tiling.cpp:1612:31: warning: format ‘%ld’ expects argument of type ‘long int’, but argument 7 has type ‘uint32_t’ {aka ‘unsigned int’} [-Wformat=]
 1612 |             OP_LOGE(nodeName, "xActiveMask's dim1 not equal to expertIds's dim1, xActiveMask's dim1 is %ld, "
 1613 |             "expertIds's dim1 is %ld", xActiveMaskStorageShape->GetStorageShape().GetDim(1), k), return GRAPH_FAILED);
      |                                                                                              ~
      |                                                                                              |
      |                                                                                              uint32_t {aka unsigned int}
/home/y00951989/ops-transformer/mc2/common/inc/tiling/../../../3rd/mat_mul_v3/op_host/op_tiling/arch35/../../../../../common/inc/mc2_log.h:239:7: note: in definition of macro ‘OP_TILING_CHECK’
  239 |       log_func;                               \
      |       ^~~~~~~~
/home/y00951989/ops-transformer/mc2/moe_distribute_dispatch_v2/op_host/op_tiling/moe_distribute_dispatch_v2_tiling.cpp:1612:13: note: in expansion of macro ‘OP_LOGE’
 1612 |             OP_LOGE(nodeName, "xActiveMask's dim1 not equal to expertIds's dim1, xActiveMask's dim1 is %ld, "
      |             ^~~~~~~
/home/y00951989/ops-transformer/mc2/moe_distribute_dispatch_v2/op_host/op_tiling/moe_distribute_dispatch_v2_tiling.cpp:1613:36: note: format string is defined here
 1613 |             "expertIds's dim1 is %ld", xActiveMaskStorageShape->GetStorageShape().GetDim(1), k), return GRAPH_FAILED);
      |                                  ~~^
      |                                    |
      |                                    long int
      |                                  %d
pp.o
[2026-02-09 09:57:08] [ 62%] Building CXX object mc2/moe_distribute_combine_v2/op_host/CMakeFiles/ophost_transformer_tiling_obj.dir/__/__/moe_distribute_dispatch_v2/op_graph/fallback_moe_distribute_dispatch_v2.cpp.o
[2026-02-09 09:57:08] [ 63%] Building CXX object mc2/moe_distribute_combine_v2/op_host/CMakeFiles/ophost_transformer_tiling_obj.dir/__/__/moe_distribute_dispatch_v2/op_host/op_tiling/arch35/moe_distribute_dispatch_tiling_arch35.cpp.o
[2026-02-09 09:57:08] [ 63%] Building CXX object mc2/moe_distribute_combine_v2/op_host/CMakeFiles/ophost_transformer_tiling_obj.dir/__/__/moe_distribute_dispatch_v2/op_host/op_tiling/moe_distribute_dispatch_tiling_helper.cpp.o
[2026-02-09 09:57:08] [ 64%] Building CXX object mc2/moe_distribute_combine_v2/op_host/CMakeFiles/ophost_transformer_tiling_obj.dir/__/__/moe_distribute_dispatch_v2/op_host/op_tiling/moe_distribute_dispatch_v2_tiling.cpp.o
[2026-02-09 09:57:08] [ 64%] Built target opapi_math
[2026-02-09 09:57:08] [ 64%] Built target op_host_aclnnInner
[2026-02-09 09:57:08] [ 64%] Built target moe_distribute_combine_v2_ascend950_src_copy
[2026-02-09 09:57:08] [ 64%] Built target optiling
[2026-02-09 09:57:08] [ 64%] Built target opbuild_gen_inner
[2026-02-09 09:57:08] [ 64%] Building CXX object CMakeFiles/cust_proto.dir/autogen/inner/moe_distribute_combine_v2_proto.cpp.o
[2026-02-09 09:57:08] [ 65%] Building CXX object CMakeFiles/cust_proto.dir/autogen/inner/moe_distribute_combine_v2_extend_proto.cpp.o
[2026-02-09 09:57:08] [ 65%] Building CXX object CMakeFiles/cust_proto.dir/autogen/inner/moe_distribute_dispatch_v2_proto.cpp.o
[2026-02-09 09:57:08] [ 66%] Building CXX object CMakeFiles/ops_aclnn.dir/autogen/inner/aclnnInner_moe_distribute_combine_v2.cpp.o
[2026-02-09 09:57:08] [ 66%] Building CXX object CMakeFiles/ops_aclnn.dir/autogen/inner/aclnnInner_moe_distribute_combine_v2_extend.cpp.o
[2026-02-09 09:57:08] [ 67%] Building CXX object CMakeFiles/ops_aclnn.dir/autogen/inner/aclnnInner_moe_distribute_dispatch_v2.cpp.o
[2026-02-09 09:57:08] [ 68%] Generating autogen/aic-ascend950-ops-info.json
[2026-02-09 09:57:08] [ 69%] Linking CXX static library libops_aclnn.a
[2026-02-09 09:57:08] [ 70%] Linking CXX shared library libcust_opsproto_rt2.0.so
[2026-02-09 09:57:08] [ 70%] Built target ops_aclnn
[2026-02-09 09:57:08] 
[2026-02-09 09:57:08] 
[2026-02-09 09:57:08] ==============check valid for ops info start==============
[2026-02-09 09:57:08] ==============check valid for ops info end================
[2026-02-09 09:57:08] 
[2026-02-09 09:57:08] 
[2026-02-09 09:57:08] Compile op info cfg successfully.
[2026-02-09 09:57:08] [ 71%] Building CXX object mc2/moe_distribute_combine_v2/op_host/CMakeFiles/ophost_transformer_opapi_obj.dir/__/op_api/aclnn_moe_distribute_combine_v2.cpp.o
[2026-02-09 09:57:08] [ 71%] Building CXX object mc2/moe_distribute_combine_v2/op_host/CMakeFiles/ophost_transformer_opapi_obj.dir/__/op_api/aclnn_moe_distribute_combine_v2_base.cpp.o
[2026-02-09 09:57:08] [ 72%] Building CXX object mc2/moe_distribute_combine_v2/op_host/CMakeFiles/ophost_transformer_opapi_obj.dir/__/op_api/aclnn_moe_distribute_combine_v3.cpp.o
[2026-02-09 09:57:08] [ 73%] Building CXX object mc2/moe_distribute_combine_v2/op_host/CMakeFiles/ophost_transformer_opapi_obj.dir/__/__/3rd/common/op_host/op_api/matmul_util.cpp.o
[2026-02-09 09:57:08] [ 74%] Building CXX object mc2/moe_distribute_combine_v2/op_host/CMakeFiles/ophost_transformer_opapi_obj.dir/__/__/moe_distribute_dispatch_v2/op_api/aclnn_moe_distribute_dispatch_v2.cpp.o
[2026-02-09 09:57:08] [ 74%] Building CXX object mc2/moe_distribute_combine_v2/op_host/CMakeFiles/ophost_transformer_opapi_obj.dir/__/__/moe_distribute_dispatch_v2/op_api/aclnn_moe_distribute_dispatch_v4.cpp.o
[2026-02-09 09:57:08] [ 74%] Building CXX object mc2/moe_distribute_combine_v2/op_host/CMakeFiles/ophost_transformer_opapi_obj.dir/__/op_api/aclnn_moe_distribute_combine_v4.cpp.o
[2026-02-09 09:57:08] [ 75%] Building CXX object mc2/moe_distribute_combine_v2/op_host/CMakeFiles/ophost_transformer_opapi_obj.dir/__/__/common/src/mc2_aclnn_util.cpp.o
[2026-0/home/y00951989/ops-transformer/mc2/3rd/common/op_host/op_api/matmul_util.cpp:296:17: warning: ‘Ops::Transformer::MmOpInfo {anonymous}::GetMatmulOpInfoWithTrans(const aclTensor*, const aclTensor*, int64_t, int64_t, int8_t)’ defined but not used [-Wunused-function]
  296 | static MmOpInfo GetMatmulOpInfoWithTrans(
      |                 ^~~~~~~~~~~~~~~~~~~~~~~~
/home/y00951989/ops-transformer/mc2/3rd/common/op_host/op_api/matmul_util.cpp:200:25: warning: ‘const aclTensor* {anonymous}::ProcessEmptyTensorWithTrans(const aclTensor*, const aclTensor*, int64_t, int64_t, aclOpExecutor*)’ defined but not used [-Wunused-function]
  200 | static const aclTensor* ProcessEmptyTensorWithTrans(
      |                         ^~~~~~~~~~~~~~~~~~~~~~~~~~~
/home/y00951989/ops-transformer/mc2/3rd/common/op_host/op_api/matmul_util.cpp:180:25: warning: ‘const aclTensor* {anonymous}::ProcessEmptyTensor(const aclTensor*, const aclTensor*, aclOpExecutor*)’ defined but not used [-Wunused-function]
  180 | static const aclTensor* ProcessEmptyTensor(const aclTensor* self, const aclTensor* mat2, aclOpExecutor* executor)
      |                         ^~~~~~~~~~~~~~~~~~
/home/y00951989/ops-transformer/mc2/3rd/common/op_host/op_api/matmul_util.cpp:165:13: warning: ‘bool {anonymous}::CheckShapeValidWithTrans(const aclTensor*, const aclTensor*, int64_t, int64_t)’ defined but not used [-Wunused-function]
  165 | static bool CheckShapeValidWithTrans(const aclTensor* self, const aclTensor* mat2, int64_t transSelf, int64_t transMat2)
      |             ^~~~~~~~~~~~~~~~~~~~~~~~
2-09 09:57:08] [ 75%] Building CXX object mc2/moe_distribute_combine_v2/op_host/CMakeFiles/ophost_transformer_opapi_obj.dir/__/__/3rd/common/op_host/op_api/cube_util.cpp.o
[2026-02-09 09:57:08] [ 75%] Building CXX object mc2/moe_distribute_combine_v2/op_host/CMakeFiles/ophost_transformer_opapi_obj.dir/__/__/moe_distribute_dispatch_v2/op_api/aclnn_moe_distribute_dispatch_v2_base.cpp.o
[2026-02-09 09:57:08] [ 76%] Building CXX object mc2/moe_distribute_combine_v2/op_host/CMakeFiles/ophost_transformer_opapi_obj.dir/__/__/moe_distribute_dispatch_v2/op_api/aclnn_moe_distribute_dispatch_v3.cpp.o
[2026-02-09 09:57:08] [ 76%] Built target generate_ops_info_ascend950
[2026-02-09 09:57:08] INFO: /home/y00951989/ops-transformer/build/autogen/aic-ascend950-ops-info.ini does not exists in this project, skip generating compile commands.
[2026-02-09 09:57:08] -- The C compiler identification is GNU 7.3.0
[2026-02-09 09:57:08] [ 76%] Built target generate_ops_info
[2026-02-09 09:57:08] [ 76%] Built target generate_transformer_adapt_py
[2026-02-09 09:57:08] -- extracting... [analysis]
[2026-02-09 09:57:08] -- extracting... [rename]
[2026-02-09 09:57:08] -- The CXX compiler identification is GNU 7.3.0
[2026-02-09 09:57:08] -- extracting... [clean up]
[2026-02-09 09:57:08] -- extracting... done
[2026-02-09 09:57:08] [ 77%] No update step for 'ascend_protobuf_build_transformer'
[2026-02-09 09:57:08] -- Detecting C compiler ABI info
[2026-02-09 09:57:08] [ 78%] Performing patch step for 'ascend_protobuf_build_transformer'
[2026-02-09 09:57:08] (Stripping trailing CRs from patch; use --binary to disable.)
[2026-02-09 09:57:08] patching file CMakeLists.txt
[2026-02-09 09:57:08] (Stripping trailing CRs from patch; use --binary to disable.)
[2026-02-09 09:57:08] patching file src/google/protobuf/arenastring.cc
[2026-02-09 09:57:08] (Stripping trailing CRs from patch; use --binary to disable.)
[2026-02-09 09:57:08] patching file src/google/protobuf/arenastring.h
[2026-02-09 09:57:08] (Stripping trailing CRs from patch; use --binary to disable.)
[2026-02-09 09:57:08] patching file src/google/protobuf/compiler/cpp/field_generators/string_field.cc
[2026-02-09 09:57:08] (Stripping trailing CRs from patch; use --binary to disable.)
[2026-02-09 09:57:08] patching file src/google/protobuf/compiler/cpp/helpers.cc
[2026-02-09 09:57:08] (Stripping trailing CRs from patch; use --binary to disable.)
[2026-02-09 09:57:08] patching file src/google/protobuf/compiler/cpp/helpers.h
[2026-02-09 09:57:08] (Stripping trailing CRs from patch; use --binary to disable.)
[2026-02-09 09:57:08] patching file src/google/protobuf/compiler/csharp/csharp_helpers.cc
[2026-02-09 09:57:08] (Stripping trailing CRs from patch; use --binary to disable.)
[2026-02-09 09:57:08] patching file src/google/protobuf/compiler/java/names.cc
[2026-02-09 09:57:08] (Stripping trailing CRs from patch; use --binary to disable.)
[2026-02-09 09:57:08] patching file src/google/protobuf/extension_set.h
[2026-02-09 09:57:08] (Stripping trailing CRs from patch; use --binary to disable.)
[2026-02-09 09:57:08] patching file src/google/protobuf/message_lite.h
[2026-02-09 09:57:08] (Stripping trailing CRs from patch; use --binary to disable.)
[2026-02-09 09:57:08] patching file src/google/protobuf/port_def.inc
[2026-02-09 09:57:08] patch unexpectedly ends in middle of line
[2026-02-09 09:57:08] Hunk #1 succeeded at 572 with fuzz 1.
[2026-02-09 09:57:08] [ 78%] Built target cust_proto
[2026-02-09 09:57:08] [ 79%] Performing configure step for 'ascend_protobuf_build_transformer'
[2026-02-09 09:57:08] INFO: /home/y00951989/ops-transformer/build/autogen/exc/aic-ascend950-ops-info.ini does not exists in this project, skip generating compile commands.
[2026-02-09 09:57:08] [ 79%] Built target generate_compile_cmd_ascend950
[2026-02-09 09:57:08] [ 79%] Built target generate_compile_cmd
[2026-02-09 09:57:08] [ 79%] Built target prepare_build
[2026-02-09 09:57:08] -- Detecting C compiler ABI info - done
[2026-02-09 09:57:08] -- Check for working C compiler: /home/y00951989/Ascend_newest/cann/toolkit/toolchain/hcc/b/home/y00951989/ops-transformer/mc2/moe_distribute_combine_v2/op_host/op_tiling/arch35/moe_distribute_combine_tiling_arch35.cpp:35:10: fatal error: moe_distribute_combine_tiling_base.h: No such file or directory
   35 | #include "moe_distribute_combine_tiling_base.h"
      |          ^~~~~~~~~~~~~~~~~~~~~~~~~~~~~~~~~~~~~~
compilation terminated.
make[2]: *** [mc2/moe_distribute_combine_v2/op_host/CMakeFiles/ophost_transformer_tiling_obj.dir/build.make:90: mc2/moe_distribute_combine_v2/op_host/CMakeFiles/ophost_transformer_tiling_obj.dir/op_tiling/arch35/moe_distribute_combine_tiling_arch35.cpp.o] Error 1
make[2]: *** Waiting for unfinished jobs....
CMake Warning:
  Manually-specified variables were not used by the project:

    SYS_VERSION


in/aarch64-target-linux-gnu-gcc - skipped
[2026-02-09 09:57:08] -- Detecting C compile features
[2026-02-09 09:57:08] -- Detecting C compile features - done
[2026-02-09 09:57:08] -- Detecting CXX compiler ABI info
[2026-02-09 09:57:09] -- Detecting CXX compiler ABI info - done
[2026-02-09 09:57:09] -- Check for working CXX compiler: /home/y00951989/Ascend_newest/cann/toolkit/toolchain/hcc/bin/aarch64-target-linux-gnu-g++ - skipped
[2026-02-09 09:57:09] -- Detecting CXX compile features
[2026-02-09 09:57:09] -- Detecting CXX compile features - done
[2026-02-09 09:57:09] -- Configuring done (0.4s)
[2026-02-09 09:57:09] -- Generating done (0.0s)
[2026-02-09 09:57:09] -- Build files have been written to: /home/y00951989/ops-transformer/build/common/tiling_sink_task-prefix/src/tiling_sink_task-build
[2026-02-09 09:57:09] [ 79%] Performing build step for 'tiling_sink_task'
[2026-02-09 09:57:09] [  4%] Building CXX object CMakeFiles/opmaster.dir/home/y00951989/ops-transformer/attention/common/op_host/fia_tiling_info.cpp.o
[2026-02-09 09:57:09] [ 13%] Building CXX object CMakeFiles/opmaster.dir/home/y00951989/ops-transformer/attention/common/op_host/fia_tiling_shape.cpp.o
[2026-02-09 09:57:09] [ 13%] Building CXX object CMakeFiles/opmaster.dir/home/y00951989/ops-transformer/attention/common/op_host/arch32/fia_tiling_nonquant_mla.cpp.o
[2026-02-09 09:57:09] [ 17%] Building CXX object CMakeFiles/opmaster.dir/home/y00951989/ops-transformer/attention/common/op_host/arch32/fia_tiling_nonquant.cpp.o
[2026-02-09 09:57:09] [ 26%] Building CXX object CMakeFiles/opmaster.dir/home/y00951989/ops-transformer/attention/fused_infer_attention_score/op_host/fused_infer_attention_score_tiling.cpp.o
[2026-02-09 09:57:09] [ 26%] Building CXX object CMakeFiles/opmaster.dir/home/y00951989/ops-transformer/attention/common/op_host/split_core.cpp.o
[2026-02-09 09:57:09] [ 30%] Building CXX object CMakeFiles/opmaster.dir/home/y00951989/ops-transformer/attention/common/op_host/arch32/fia_tiling_empty_tensor.cpp.o
[2026-02-09 09:57:09] [ 34%] Building CXX object CMakeFiles/opmaster.dir/home/y00951989/ops-transformer/attention/fused_infer_attention_score/op_host/arch32/fused_infer_attention_score_tiling_check_feature.cpp.o
[2026-02-09 09:57:09] [ 39%] Building CXX object CMakeFiles/opmaster.dir/home/y00951989/ops-transformer/attention/fused_infer_attention_score/op_host/arch32/fused_infer_attention_score_tiling_check.cpp.o
[2026-02-09 09:57:09] [ 47%] Building CXX object CMakeFiles/opmaster.dir/home/y00951989/ops-transformer/attention/fused_infer_attention_score/op_host/arch32/fused_infer_attention_score_tiling_check_consistency.cpp.o
[2026-02-09 09:57:09] [ 47%] Building CXX object CMakeFiles/opmaster.dir/home/y00951989/ops-transformer/attention/fused_infer_attention_score/op_host/arch32/fused_infer_attention_score_tiling_check_single_para.cpp.o
[2026-02-09 09:57:09] [ 52%] Building CXX object CMakeFiles/opmaster.dir/home/y00951989/ops-transformer/attention/prompt_flash_attention/op_host/prompt_flash_attention_tiling_v2.cpp.o
[2026-02-09 09:57:09] [ 56%] Building CXX object CMakeFiles/opmaster.dir/home/y00951989/ops-transformer/attention/fused_infer_attention_score/op_host/arch32/fused_infer_attention_score_tiling_check_existence.cpp.o
[2026-02-09 09:57:09] [ 60%] Building CXX object CMakeFiles/opmaster.dir/home/y00951989/ops-transformer/attention/fused_infer_attention_score/op_host/arch32/fused_infer_attention_score_tiling_v3.cpp.o
[2026-02-09 09:57:09] [ 65%] Building CXX object CMakeFiles/opmaster.dir/home/y00951989/ops-transformer/attention/fused_infer_attention_score/op_host/arch32/fused_infer_attention_score_tiling_info_parser.cpp.o
[2026-02-09 09:57:09] [ 69%] Building CXX object CMakeFiles/opmaster.dir/home/y00951989/ops-transformer/attention/prompt_flash_attention/op_host/prompt_flash_attention_tiling.cpp.o
[2026-02-09 09:57:09] [ 73%] Building CXX object CMakeFiles/opmaster.dir/home/y00951989/ops-transformer/attention/incre_flash_attention/op_host/incre_flash_attention_tiling_v2.cpp.o
[2026-02-09 09:57:09] [ 78%] Building CXX object CMakeFiles/opIn file included from /home/y00951989/ops-transformer/attention/common/op_host/split_core.cpp:16:0:
/home/y00951989/ops-transformer/attention/common/op_host/split_core.h: In constructor 'optiling::SplitResult::SplitResult(uint32_t, uint32_t)':
/home/y00951989/ops-transformer/attention/common/op_host/split_core.h:125:35: warning: 'optiling::SplitResult::bN2End' will be initialized after [-Wreorder]
     std::vector<uint32_t> bN2End {};    // 每个核处理数据的BN2结束点
                                   ^
/home/y00951989/ops-transformer/attention/common/op_host/split_core.h:124:32: warning:   'uint32_t optiling::SplitResult::vecCubeRatio' [-Wreorder]
     uint32_t vecCubeRatio { 0U };        // vec 与 cube 核数比例
                                ^
/home/y00951989/ops-transformer/attention/common/op_host/split_core.h:134:5: warning:   when initialized here [-Wreorder]
     SplitResult(uint32_t coreNum, uint32_t ratio) :
     ^~~~~~~~~~~
In file included from /home/y00951989/ops-transformer/attention/common/op_host/arch32/fia_tiling_nonquant.h:22:0,
                 from /home/y00951989/ops-transformer/attention/common/op_host/arch32/fia_tiling_nonquant.cpp:16:
/home/y00951989/ops-transformer/attention/common/op_host/arch32/../split_core.h: In constructor 'optiling::SplitResult::SplitResult(uint32_t, uint32_t)':
/home/y00951989/ops-transformer/attention/common/op_host/arch32/../split_core.h:125:35: warning: 'optiling::SplitResult::bN2End' will be initialized after [-Wreorder]
     std::vector<uint32_t> bN2End {};    // 每个核处理数据的BN2结束点
                                   ^
/home/y00951989/ops-transformer/attention/common/op_host/arch32/../split_core.h:124:32: warning:   'uint32_t optiling::SplitResult::vecCubeRatio' [-Wreorder]
     uint32_t vecCubeRatio { 0U };        // vec 与 cube 核数比例
                                ^
/home/y00951989/ops-transformer/attention/common/op_host/arch32/../split_core.h:134:5: warning:   when initialized here [-Wreorder]
     SplitResult(uint32_t coreNum, uint32_t ratio) :
     ^~~~~~~~~~~
In file included from /home/y00951989/ops-transformer/attention/common/op_host/arch32/fia_tiling_nonquant_mla.h:23:0,
                 from /home/y00951989/ops-transformer/attention/common/op_host/arch32/fia_tiling_nonquant_mla.cpp:22:
/home/y00951989/ops-transformer/attention/common/op_host/arch32/../split_core.h: In constructor 'optiling::SplitResult::SplitResult(uint32_t, uint32_t)':
/home/y00951989/ops-transformer/attention/common/op_host/arch32/../split_core.h:125:35: warning: 'optiling::SplitResult::bN2End' will be initialized after [-Wreorder]
     std::vector<uint32_t> bN2End {};    // 每个核处理数据的BN2结束点
                                   ^
/home/y00951989/ops-transformer/attention/common/op_host/arch32/../split_core.h:124:32: warning:   'uint32_t optiling::SplitResult::vecCubeRatio' [-Wreorder]
     uint32_t vecCubeRatio { 0U };        // vec 与 cube 核数比例
                                ^
/home/y00951989/ops-transformer/attention/common/op_host/arch32/../split_core.h:134:5: warning:   when initialized here [-Wreorder]
     SplitResult(uint32_t coreNum, uint32_t ratio) :
     ^~~~~~~~~~~
In file included from /home/y00951989/ops-transformer/attention/fused_infer_attention_score/op_host/arch32/fused_infer_attention_score_tiling_check.h:19:0,
                 from /home/y00951989/ops-transformer/attention/fused_infer_attention_score/op_host/arch32/fused_infer_attention_score_tiling_check_feature.cpp:18:
/home/y00951989/ops-transformer/attention/fused_infer_attention_score/op_host/arch32/../../../common/op_host/fia_tiling_shape.h:49:20: warning: 'std::__cxx11::string optiling::GetShapeStr(gert::Shape)' defined but not used [-Wunused-function]
 static std::string GetShapeStr(gert::Shape shape)
                    ^~~~~~~~~~~
In file included from /home/y00951989/ops-transformer/attention/fused_infer_attention_score/op_host/arch32/fused_infer_attention_score_tiling_check.h:19:0,
                 from /home/y00951989/ops-transformer/attention/fused_infer_attention_score/op_host/arch32/fused_infer_attention_score_tiling_check_single_para.cpp:19:
/home/y00951989/ops-transformer/attention/fused_infer_attention_score/op_host/arch32/../../../common/op_host/fia_tiling_shape.h:49:20: warning: 'std::__cxx11::string optiling::GetShapeStr(gert::Shape)' defined but not used [-Wunused-function]
 static std::string GetShapeStr(gert::Shape shape)
                    ^~~~~~~~~~~
In file included from /home/y00951989/ops-transformer/common/src/tiling_sink/../../include/err/ops_err.h:19:0,
                 from /home/y00951989/ops-transformer/attention/fused_infer_attention_score/op_host/arch32/../../../common/op_host/fia_tiling_base.h:24,
                 from /home/y00951989/ops-transformer/attention/fused_infer_attention_score/op_host/arch32/../../../common/op_host/fia_tiling_info.h:20,
                 from /home/y00951989/ops-transformer/attention/fused_infer_attention_score/op_host/arch32/fused_infer_attention_score_tiling_check.h:18,
                 from /home/y00951989/ops-transformer/attention/fused_infer_attention_score/op_host/arch32/fused_infer_attention_score_tiling_check_consistency.cpp:19:
/home/y00951989/ops-transformer/attention/fused_infer_attention_score/op_host/arch32/fused_infer_attention_score_tiling_check_consistency.cpp: In member function 'ge::graphStatus optiling::FiaTilingCheck::CheckPostQuant()':
/home/y00951989/Ascend_newest/cann/include/base/err_msg.h:67:114: warning: format '%lld' expects argument of type 'long long int', but argument 7 has type 'int64_t {aka long int}' [-Wformat=]
   (void) error_message::ReportInnerErrMsg(__FILE__, __FUNCTION__, __LINE__, (error_code), (format), ##__VA_ARGS__)
                                                                                                                  ^
/home/y00951989/Ascend_newest/cann/pkg_inc/op_common/log/log.h:239:13: note: in definition of macro 'OP_CHECK_IF'
             log;                                 \
             ^~~
/home/y00951989/Ascend_newest/cann/pkg_inc/op_common/log/log.h:129:9: note: in expansion of macro 'REPORT_INNER_ERR_MSG'
         REPORT_INNER_ERR_MSG("EZ9999", ##__VA_ARGS__); \
         ^~~~~~~~~~~~~~~~~~~~
/home/y00951989/ops-transformer/attention/fused_infer_attention_score/op_host/arch32/fused_infer_attention_score_tiling_check_consistency.cpp:718:21: note: in expansion of macro 'OP_LOGE'
                     OP_LOGE(opName_, "when input_layout is %s, the shape size of quantScale2 should be %lld(Q_N * V_D), but current is %u, shape is %s",
                     ^~~~~~~
/home/y00951989/Ascend_newest/cann/include/base/err_msg.h:67:114: warning: format '%u' expects argument of type 'unsigned int', but argument 8 has type 'int64_t {aka long int}' [-Wformat=]
   (void) error_message::ReportInnerErrMsg(__FILE__, __FUNCTION__, __LINE__, (error_code), (format), ##__VA_ARGS__)
                                                                                                                  ^
/home/y00951989/Ascend_newest/cann/pkg_inc/op_common/log/log.h:239:13: note: in definition of macro 'OP_CHECK_IF'
             log;                                 \
             ^~~
/home/y00951989/Ascend_newest/cann/pkg_inc/op_common/log/log.h:129:9: note: in expansion of macro 'REPORT_INNER_ERR_MSG'
         REPORT_INNER_ERR_MSG("EZ9999", ##__VA_ARGS__); \
         ^~~~~~~~~~~~~~~~~~~~
/home/y00951989/ops-transformer/attention/fused_infer_attention_score/op_host/arch32/fused_infer_attention_score_tiling_check_consistency.cpp:718:21: note: in expansion of macro 'OP_LOGE'
                     OP_LOGE(opName_, "when input_layout is %s, the shape size of quantScale2 should be %lld(Q_N * V_D), but current is %u, shape is %s",
                     ^~~~~~~
/home/y00951989/ops-transformer/attention/fused_infer_attention_score/op_host/arch32/fused_infer_attention_score_tiling_check_consistency.cpp:695:28: warning: unused variable 'queryDataType_' [-Wunused-variable]
         const ge::DataType queryDataType_ = opParamInfo_.query.desc->GetDataType();
                            ^~~~~~~~~~~~~~
In file included from /home/y00951989/ops-transformer/attention/fused_infer_attention_score/op_host/arch32/../../../common/op_host/arch32/fia_tiling_nonquant_mla.h:23:0,
                 from /home/y00951989/ops-transformer/attention/fused_infer_attention_score/op_host/arch32/fused_infer_attention_score_tiling_v3.cpp:19:
/home/y00951989/ops-transformer/attention/fused_infer_attention_score/op_host/arch32/../../../common/op_host/arch32/../split_core.h: In constructor 'optiling::SplitResult::SplitResult(uint32_t, uint32_t)':
/home/y00951989/ops-transformer/attention/fused_infer_attention_score/op_host/arch32/../../../common/op_host/arch32/../split_core.h:125:35: warning: 'optiling::SplitResult::bN2End' will be initialized after [-Wreorder]
     std::vector<uint32_t> bN2End {};    // 每个核处理数据的BN2结束点
                                   ^
/home/y00951989/ops-transformer/attention/fused_infer_attention_score/op_host/arch32/../../../common/op_host/arch32/../split_core.h:124:32: warning:   'uint32_t optiling::SplitResult::vecCubeRatio' [-Wreorder]
     uint32_t vecCubeRatio { 0U };        // vec 与 cube 核数比例
                                ^
/home/y00951989/ops-transformer/attention/fused_infer_attention_score/op_host/arch32/../../../common/op_host/arch32/../split_core.h:134:5: warning:   when initialized here [-Wreorder]
     SplitResult(uint32_t coreNum, uint32_t ratio) :
     ^~~~~~~~~~~
In file included from /home/y00951989/ops-transformer/attention/fused_infer_attention_score/op_host/arch32/fused_infer_attention_score_tiling_check.h:19:0,
                 from /home/y00951989/ops-transformer/attention/fused_infer_attention_score/op_host/arch32/fused_infer_attention_score_tiling_v3.cpp:17:
/home/y00951989/ops-transformer/attention/fused_infer_attention_score/op_host/arch32/../../../common/op_host/fia_tiling_shape.h: At global scope:
/home/y00951989/ops-transformer/attention/fused_infer_attention_score/op_host/arch32/../../../common/op_host/fia_tiling_shape.h:49:20: warning: 'std::__cxx11::string optiling::GetShapeStr(gert::Shape)' defined but not used [-Wunused-function]
 static std::string GetShapeStr(gert::Shape shape)
                    ^~~~~~~~~~~
In file included from /home/y00951989/ops-transformer/attention/fused_infer_attention_score/op_host/arch32/fused_infer_attention_score_tiling_check.h:19:0,
                 from /home/y00951989/ops-transformer/attention/fused_infer_attention_score/op_host/arch32/fused_infer_attention_score_tiling_check_existence.cpp:19:
/home/y00951989/ops-transformer/attention/fused_infer_attention_score/op_host/arch32/../../../common/op_host/fia_tiling_shape.h:49:20: warning: 'std::__cxx11::string optiling::GetShapeStr(gert::Shape)' defined but not used [-Wunused-function]
 static std::string GetShapeStr(gert::Shape shape)
                    ^~~~~~~~~~~
In file included from /home/y00951989/ops-transformer/attention/fused_infer_attention_score/op_host/arch32/fused_infer_attention_score_tiling_check.h:19:0,
                 from /home/y00951989/ops-transformer/attention/fused_infer_attention_score/op_host/arch32/fused_infer_attention_score_tiling_check.cpp:23:
/home/y00951989/ops-transformer/attention/fused_infer_attention_score/op_host/arch32/../../../common/op_host/fia_tiling_shape.h:49:20: warning: 'std::__cxx11::string optiling::GetShapeStr(gert::Shape)' defined but not used [-Wunused-function]
 static std::string GetShapeStr(gert::Shape shape)
                    ^~~~~~~~~~~
In file included from /home/y00951989/ops-transformer/common/src/tiling_sink/../../include/err/ops_err.h:19:0,
                 from /home/y00951989/ops-transformer/attention/prompt_flash_attention/op_host/../../common/op_host/fia_tiling_base.h:24,
                 from /home/y00951989/ops-transformer/attention/prompt_flash_attention/op_host/../../common/op_host/fia_tiling_templates_registry.h:22,
                 from /home/y00951989/ops-transformer/attention/prompt_flash_attention/op_host/prompt_flash_attention_tiling_v2.h:22,
                 from /home/y00951989/ops-transformer/attention/prompt_flash_attention/op_host/prompt_flash_attention_tiling_v2.cpp:15:
/home/y00951989/ops-transformer/attention/prompt_flash_attention/op_host/prompt_flash_attention_tiling_v2.cpp: In member function 'ge::graphStatus optiling::v2::PromptFlashAttentionTilingV2::CheckEmptyTensor(optiling::ContextParamsForPFATiling&)':
/home/y00951989/Ascend_newest/cann/include/base/err_msg.h:67:114: warning: format '%llu' expects argument of type 'long long unsigned int', but argument 6 has type 'int64_t {aka long int}' [-Wformat=]
   (void) error_message::ReportInnerErrMsg(__FILE__, __FUNCTION__, __LINE__, (error_code), (format), ##__VA_ARGS__)
                                                                                                                  ^
/home/y00951989/Ascend_newest/cann/pkg_inc/op_common/log/log.h:239:13: note: in definition of macro 'OP_CHECK_IF'
             log;                                 \
             ^~~
/home/y00951989/ops-transformer/common/src/tiling_sink/../../include/err/ops_err.h:24:9: note: in expansion of macro 'REPORT_INNER_ERR_MSG'
         REPORT_INNER_ERR_MSG(ERR_CODE_STR, FMT, ##__VA_ARGS__);                                                        \
         ^~~~~~~~~~~~~~~~~~~~
/home/y00951989/ops-transformer/common/src/tiling_sink/../../include/err/ops_err.h:29:52: note: in expansion of macro 'OPS_INNER_ERR_STUB'
 #define OPS_REPORT_VECTOR_INNER_ERR(OPS_DESC, ...) OPS_INNER_ERR_STUB("E89999", OPS_DESC, __VA_ARGS__)
                                                    ^~~~~~~~~~~~~~~~~~
/home/y00951989/ops-transformer/attention/prompt_flash_attention/op_host/prompt_flash_attention_tiling_v2.cpp:272:9: note: in expansion of macro 'OPS_REPORT_VECTOR_INNER_ERR'
         OPS_REPORT_VECTOR_INNER_ERR(contextKeyParams.opName, "query shape size is %llu byte, but attention Out shape size is %llu byte, they cannot be empty while the other is not",
         ^~~~~~~~~~~~~~~~~~~~~~~~~~~
/home/y00951989/Ascend_newest/cann/include/base/err_msg.h:67:114: warning: format '%llu' expects argument of type 'long long unsigned int', but argument 7 has type 'int64_t {aka long int}' [-Wformat=]
   (void) error_message::ReportInnerErrMsg(__FILE__, __FUNCTION__, __LINE__, (error_code), (format), ##__VA_ARGS__)
                                                                                                                  ^
/home/y00951989/Ascend_newest/cann/pkg_inc/op_common/log/log.h:239:13: note: in definition of macro 'OP_CHECK_IF'
             log;                                 \
             ^~~
/home/y00951989/ops-transformer/common/src/tiling_sink/../../include/err/ops_err.h:24:9: note: in expansion of macro 'REPORT_INNER_ERR_MSG'
         REPORT_INNER_ERR_MSG(ERR_CODE_STR, FMT, ##__VA_ARGS__);                                                        \
         ^~~~~~~~~~~~~~~~~~~~
/home/y00951989/ops-transformer/common/src/tiling_sink/../../include/err/ops_err.h:29:52: note: in expansion of macro 'OPS_INNER_ERR_STUB'
 #define OPS_REPORT_VECTOR_INNER_ERR(OPS_DESC, ...) OPS_INNER_ERR_STUB("E89999", OPS_DESC, __VA_ARGS__)
                                                    ^~~~~~~~~~~~~~~~~~
/home/y00951989/ops-transformer/attention/prompt_flash_attention/op_host/prompt_flash_attention_tiling_v2.cpp:272:9: note: in expansion of macro 'OPS_REPORT_VECTOR_INNER_ERR'
         OPS_REPORT_VECTOR_INNER_ERR(contextKeyParams.opName, "query shape size is %llu byte, but attention Out shape size is %llu byte, they cannot be empty while the other is not",
         ^~~~~~~~~~~~~~~~~~~~~~~~~~~
/home/y00951989/ops-transformer/attention/prompt_flash_attention/op_host/prompt_flash_attention_tiling_v2.cpp: In member function 'bool optiling::v2::PromptFlashAttentionTilingV2::CheckPostQuantShape(const optiling::ContextParamsForPFATiling&, uint32_t, const gert::StorageShape*, ge::DataType, size_t, int64_t, const optiling::v2::PFAShapeInfo&, const optiling::v2::PFAShapeInfo&) const':
/home/y00951989/Ascend_newest/cann/include/base/err_msg.h:67:114: warning: format '%d' expects argument of type 'int', but argument 6 has type 'int64_t {aka long int}' [-Wformat=]
   (void) error_message::ReportInnerErrMsg(__FILE__, __FUNCTION__, __LINE__, (error_code), (format), ##__VA_ARGS__)
                                                                                                                  ^
/home/y00951989/Ascend_newest/cann/pkg_inc/op_common/log/log.h:239:13: note: in definition of macro 'OP_CHECK_IF'
             log;                                 \
             ^~~
/home/y00951989/ops-transformer/common/src/tiling_sink/../../include/err/ops_err.h:24:9: note: in expansion of macro 'REPORT_INNER_ERR_MSG'
         REPORT_INNER_ERR_MSG(ERR_CODE_STR, FMT, ##__VA_ARGS__);                                                        \
         ^~~~~~~~~~~~~~~~~~~~
/home/y00951989/ops-transformer/common/src/tiling_sink/../../include/err/ops_err.h:29:52: note: in expansion of macro 'OPS_INNER_ERR_STUB'
 #define OPS_REPORT_VECTOR_INNER_ERR(OPS_DESC, ...) OPS_INNER_ERR_STUB("E89999", OPS_DESC, __VA_ARGS__)
                                                    ^~~~~~~~~~~~~~~~~~
/home/y00951989/ops-transformer/attention/prompt_flash_attention/op_host/prompt_flash_attention_tiling_v2.cpp:863:17: note: in expansion of macro 'OPS_REPORT_VECTOR_INNER_ERR'
                 OPS_REPORT_VECTOR_INNER_ERR(contextKeyParams.opName,
                 ^~~~~~~~~~~~~~~~~~~~~~~~~~~
/home/y00951989/ops-transformer/attention/prompt_flash_attention/op_host/prompt_flash_attention_tiling_v2.cpp: In member function 'bool optiling::v2::PromptFlashAttentionTilingV2::CheckPerblockQuantParams(const optiling::ContextParamsForPFATiling&, const optiling::v2::PFAShapeInfo&, const optiling::v2::PFAShapeInfo&, const optiling::v2::PFAShapeInfo&) const':
/home/y00951989/Ascend_newest/cann/include/base/err_msg.h:67:114: warning: format '%u' expects argument of type 'unsigned int', but argument 9 has type 'int64_t {aka long int}' [-Wformat=]
   (void) error_message::ReportInnerErrMsg(__FILE__, __FUNCTION__, __LINE__, (error_code), (format), ##__VA_ARGS__)
                                                                                                                  ^
/home/y00951989/Ascend_newest/cann/pkg_inc/op_common/log/log.h:239:13: note: in definition of macro 'OP_CHECK_IF'
             log;                                 \
             ^~~
/home/y00951989/ops-transformer/common/src/tiling_sink/../../include/err/ops_err.h:24:9: note: in expansion of macro 'REPORT_INNER_ERR_MSG'
         REPORT_INNER_ERR_MSG(ERR_CODE_STR, FMT, ##__VA_ARGS__);                                                        \
         ^~~~~~~~~~~~~~~~~~~~
/home/y00951989/ops-transformer/common/src/tiling_sink/../../include/err/ops_err.h:29:52: note: in expansion of macro 'OPS_INNER_ERR_STUB'
 #define OPS_REPORT_VECTOR_INNER_ERR(OPS_DESC, ...) OPS_INNER_ERR_STUB("E89999", OPS_DESC, __VA_ARGS__)
                                                    ^~~~~~~~~~~~~~~~~~
/home/y00951989/ops-transformer/attention/prompt_flash_attention/op_host/prompt_flash_attention_tiling_v2.cpp:978:13: note: in expansion of macro 'OPS_REPORT_VECTOR_INNER_ERR'
             OPS_REPORT_VECTOR_INNER_ERR(contextKeyParams.opName,
             ^~~~~~~~~~~~~~~~~~~~~~~~~~~
/home/y00951989/Ascend_newest/cann/include/base/err_msg.h:67:114: warning: format '%u' expects argument of type 'unsigned int', but argument 10 has type 'int64_t {aka long int}' [-Wformat=]
   (void) error_message::ReportInnerErrMsg(__FILE__, __FUNCTION__, __LINE__, (error_code), (format), ##__VA_ARGS__)
                                                                                                                  ^
/home/y00951989/Ascend_newest/cann/pkg_inc/op_common/log/log.h:239:13: note: in definition of macro 'OP_CHECK_IF'
             log;                                 \
             ^~~
/home/y00951989/ops-transformer/common/src/tiling_sink/../../include/err/ops_err.h:24:9: note: in expansion of macro 'REPORT_INNER_ERR_MSG'
         REPORT_INNER_ERR_MSG(ERR_CODE_STR, FMT, ##__VA_ARGS__);                                                        \
         ^~~~~~~~~~~~~~~~~~~~
/home/y00951989/ops-transformer/common/src/tiling_sink/../../include/err/ops_err.h:29:52: note: in expansion of macro 'OPS_INNER_ERR_STUB'
 #define OPS_REPORT_VECTOR_INNER_ERR(OPS_DESC, ...) OPS_INNER_ERR_STUB("E89999", OPS_DESC, __VA_ARGS__)
                                                    ^~~~~~~~~~~~~~~~~~
/home/y00951989/ops-transformer/attention/prompt_flash_attention/op_host/prompt_flash_attention_tiling_v2.cpp:978:13: note: in expansion of macro 'OPS_REPORT_VECTOR_INNER_ERR'
             OPS_REPORT_VECTOR_INNER_ERR(contextKeyParams.opName,
             ^~~~~~~~~~~~~~~~~~~~~~~~~~~
/home/y00951989/Ascend_newest/cann/include/base/err_msg.h:67:114: warning: format '%u' expects argument of type 'unsigned int', but argument 11 has type 'int64_t {aka long int}' [-Wformat=]
   (void) error_message::ReportInnerErrMsg(__FILE__, __FUNCTION__, __LINE__, (error_code), (format), ##__VA_ARGS__)
                                                                                                                  ^
/home/y00951989/Ascend_newest/cann/pkg_inc/op_common/log/log.h:239:13: note: in definition of macro 'OP_CHECK_IF'
             log;                                 \
             ^~~
/home/y00951989/ops-transformer/common/src/tiling_sink/../../include/err/ops_err.h:24:9: note: in expansion of macro 'REPORT_INNER_ERR_MSG'
         REPORT_INNER_ERR_MSG(ERR_CODE_STR, FMT, ##__VA_ARGS__);                                                        \
         ^~~~~~~~~~~~~~~~~~~~
/home/y00951989/ops-transformer/common/src/tiling_sink/../../include/err/ops_err.h:29:52: note: in expansion of macro 'OPS_INNER_ERR_STUB'
 #define OPS_REPORT_VECTOR_INNER_ERR(OPS_DESC, ...) OPS_INNER_ERR_STUB("E89999", OPS_DESC, __VA_ARGS__)
                                                    ^~~~~~~~~~~~~~~~~~
/home/y00951989/ops-transformer/attention/prompt_flash_attention/op_host/prompt_flash_attention_tiling_v2.cpp:978:13: note: in expansion of macro 'OPS_REPORT_VECTOR_INNER_ERR'
             OPS_REPORT_VECTOR_INNER_ERR(contextKeyParams.opName,
             ^~~~~~~~~~~~~~~~~~~~~~~~~~~
/home/y00951989/Ascend_newest/cann/include/base/err_msg.h:67:114: warning: format '%u' expects argument of type 'unsigned int', but argument 9 has type 'int64_t {aka long int}' [-Wformat=]
   (void) error_message::ReportInnerErrMsg(__FILE__, __FUNCTION__, __LINE__, (error_code), (format), ##__VA_ARGS__)
                                                                                                                  ^
/home/y00951989/Ascend_newest/cann/pkg_inc/op_common/log/log.h:239:13: note: in definition of macro 'OP_CHECK_IF'
             log;                                 \
             ^~~
/home/y00951989/ops-transformer/common/src/tiling_sink/../../include/err/ops_err.h:24:9: note: in expansion of macro 'REPORT_INNER_ERR_MSG'
         REPORT_INNER_ERR_MSG(ERR_CODE_STR, FMT, ##__VA_ARGS__);                                                        \
         ^~~~~~~~~~~~~~~~~~~~
/home/y00951989/ops-transformer/common/src/tiling_sink/../../include/err/ops_err.h:29:52: note: in expansion of macro 'OPS_INNER_ERR_STUB'
 #define OPS_REPORT_VECTOR_INNER_ERR(OPS_DESC, ...) OPS_INNER_ERR_STUB("E89999", OPS_DESC, __VA_ARGS__)
                                                    ^~~~~~~~~~~~~~~~~~
/home/y00951989/ops-transformer/attention/prompt_flash_attention/op_host/prompt_flash_attention_tiling_v2.cpp:987:13: note: in expansion of macro 'OPS_REPORT_VECTOR_INNER_ERR'
             OPS_REPORT_VECTOR_INNER_ERR(contextKeyParams.opName,
             ^~~~~~~~~~~~~~~~~~~~~~~~~~~
/home/y00951989/Ascend_newest/cann/include/base/err_msg.h:67:114: warning: format '%u' expects argument of type 'unsigned int', but argument 10 has type 'int64_t {aka long int}' [-Wformat=]
   (void) error_message::ReportInnerErrMsg(__FILE__, __FUNCTION__, __LINE__, (error_code), (format), ##__VA_ARGS__)
                                                                                                                  ^
/home/y00951989/Ascend_newest/cann/pkg_inc/op_common/log/log.h:239:13: note: in definition of macro 'OP_CHECK_IF'
             log;                                 \
             ^~~
/home/y00951989/ops-transformer/common/src/tiling_sink/../../include/err/ops_err.h:24:9: note: in expansion of macro 'REPORT_INNER_ERR_MSG'
         REPORT_INNER_ERR_MSG(ERR_CODE_STR, FMT, ##__VA_ARGS__);                                                        \
         ^~~~~~~~~~~~~~~~~~~~
/home/y00951989/ops-transformer/common/src/tiling_sink/../../include/err/ops_err.h:29:52: note: in expansion of macro 'OPS_INNER_ERR_STUB'
 #define OPS_REPORT_VECTOR_INNER_ERR(OPS_DESC, ...) OPS_INNER_ERR_STUB("E89999", OPS_DESC, __VA_ARGS__)
                                                    ^~~~~~~~~~~~~~~~~~
/home/y00951989/ops-transformer/attention/prompt_flash_attention/op_host/prompt_flash_attention_tiling_v2.cpp:987:13: note: in expansion of macro 'OPS_REPORT_VECTOR_INNER_ERR'
             OPS_REPORT_VECTOR_INNER_ERR(contextKeyParams.opName,
             ^~~~~~~~~~~~~~~~~~~~~~~~~~~
/home/y00951989/Ascend_newest/cann/include/base/err_msg.h:67:114: warning: format '%u' expects argument of type 'unsigned int', but argument 11 has type 'int64_t {aka long int}' [-Wformat=]
   (void) error_message::ReportInnerErrMsg(__FILE__, __FUNCTION__, __LINE__, (error_code), (format), ##__VA_ARGS__)
                                                                                                                  ^
/home/y00951989/Ascend_newest/cann/pkg_inc/op_common/log/log.h:239:13: note: in definition of macro 'OP_CHECK_IF'
             log;                                 \
             ^~~
/home/y00951989/ops-transformer/common/src/tiling_sink/../../include/err/ops_err.h:24:9: note: in expansion of macro 'REPORT_INNER_ERR_MSG'
         REPORT_INNER_ERR_MSG(ERR_CODE_STR, FMT, ##__VA_ARGS__);                                                        \
         ^~~~~~~~~~~~~~~~~~~~
/home/y00951989/ops-transformer/common/src/tiling_sink/../../include/err/ops_err.h:29:52: note: in expansion of macro 'OPS_INNER_ERR_STUB'
 #define OPS_REPORT_VECTOR_INNER_ERR(OPS_DESC, ...) OPS_INNER_ERR_STUB("E89999", OPS_DESC, __VA_ARGS__)
                                                    ^~~~~~~~~~~~~~~~~~
/home/y00951989/ops-transformer/attention/prompt_flash_attention/op_host/prompt_flash_attention_tiling_v2.cpp:987:13: note: in expansion of macro 'OPS_REPORT_VECTOR_INNER_ERR'
             OPS_REPORT_VECTOR_INNER_ERR(contextKeyParams.opName,
             ^~~~~~~~~~~~~~~~~~~~~~~~~~~
/home/y00951989/Ascend_newest/cann/include/base/err_msg.h:67:114: warning: format '%u' expects argument of type 'unsigned int', but argument 9 has type 'int64_t {aka long int}' [-Wformat=]
   (void) error_message::ReportInnerErrMsg(__FILE__, __FUNCTION__, __LINE__, (error_code), (format), ##__VA_ARGS__)
                                                                                                                  ^
/home/y00951989/Ascend_newest/cann/pkg_inc/op_common/log/log.h:239:13: note: in definition of macro 'OP_CHECK_IF'
             log;                                 \
             ^~~
/home/y00951989/ops-transformer/common/src/tiling_sink/../../include/err/ops_err.h:24:9: note: in expansion of macro 'REPORT_INNER_ERR_MSG'
         REPORT_INNER_ERR_MSG(ERR_CODE_STR, FMT, ##__VA_ARGS__);                                                        \
         ^~~~~~~~~~~~~~~~~~~~
/home/y00951989/ops-transformer/common/src/tiling_sink/../../include/err/ops_err.h:29:52: note: in expansion of macro 'OPS_INNER_ERR_STUB'
 #define OPS_REPORT_VECTOR_INNER_ERR(OPS_DESC, ...) OPS_INNER_ERR_STUB("E89999", OPS_DESC, __VA_ARGS__)
                                                    ^~~~~~~~~~~~~~~~~~
/home/y00951989/ops-transformer/attention/prompt_flash_attention/op_host/prompt_flash_attention_tiling_v2.cpp:996:13: note: in expansion of macro 'OPS_REPORT_VECTOR_INNER_ERR'
             OPS_REPORT_VECTOR_INNER_ERR(contextKeyParams.opName,
             ^~~~~~~~~~~~~~~~~~~~~~~~~~~
/home/y00951989/Ascend_newest/cann/include/base/err_msg.h:67:114: warning: format '%u' expects argument of type 'unsigned int', but argument 10 has type 'int64_t {aka long int}' [-Wformat=]
   (void) error_message::ReportInnerErrMsg(__FILE__, __FUNCTION__, __LINE__, (error_code), (format), ##__VA_ARGS__)
                                                                                                                  ^
/home/y00951989/Ascend_newest/cann/pkg_inc/op_common/log/log.h:239:13: note: in definition of macro 'OP_CHECK_IF'
             log;                                 \
             ^~~
/home/y00951989/ops-transformer/common/src/tiling_sink/../../include/err/ops_err.h:24:9: note: in expansion of macro 'REPORT_INNER_ERR_MSG'
         REPORT_INNER_ERR_MSG(ERR_CODE_STR, FMT, ##__VA_ARGS__);                                                        \
         ^~~~~~~~~~~~~~~~~~~~
/home/y00951989/ops-transformer/common/src/tiling_sink/../../include/err/ops_err.h:29:52: note: in expansion of macro 'OPS_INNER_ERR_STUB'
 #define OPS_REPORT_VECTOR_INNER_ERR(OPS_DESC, ...) OPS_INNER_ERR_STUB("E89999", OPS_DESC, __VA_ARGS__)
                                                    ^~~~~~~~~~~~~~~~~~
/home/y00951989/ops-transformer/attention/prompt_flash_attention/op_host/prompt_flash_attention_tiling_v2.cpp:996:13: note: in expansion of macro 'OPS_REPORT_VECTOR_INNER_ERR'
             OPS_REPORT_VECTOR_INNER_ERR(contextKeyParams.opName,
             ^~~~~~~~~~~~~~~~~~~~~~~~~~~
/home/y00951989/Ascend_newest/cann/include/base/err_msg.h:67:114: warning: format '%u' expects argument of type 'unsigned int', but argument 11 has type 'int64_t {aka long int}' [-Wformat=]
   (void) error_message::ReportInnerErrMsg(__FILE__, __FUNCTION__, __LINE__, (error_code), (format), ##__VA_ARGS__)
                                                                                                                  ^
/home/y00951989/Ascend_newest/cann/pkg_inc/op_common/log/log.h:239:13: note: in definition of macro 'OP_CHECK_IF'
             log;                                 \
             ^~~
/home/y00951989/ops-transformer/common/src/tiling_sink/../../include/err/ops_err.h:24:9: note: in expansion of macro 'REPORT_INNER_ERR_MSG'
         REPORT_INNER_ERR_MSG(ERR_CODE_STR, FMT, ##__VA_ARGS__);                                                        \
         ^~~~~~~~~~~~~~~~~~~~
/home/y00951989/ops-transformer/common/src/tiling_sink/../../include/err/ops_err.h:29:52: note: in expansion of macro 'OPS_INNER_ERR_STUB'
 #define OPS_REPORT_VECTOR_INNER_ERR(OPS_DESC, ...) OPS_INNER_ERR_STUB("E89999", OPS_DESC, __VA_ARGS__)
                                                    ^~~~~~~~~~~~~~~~~~
/home/y00951989/ops-transformer/attention/prompt_flash_attention/op_host/prompt_flash_attention_tiling_v2.cpp:996:13: note: in expansion of macro 'OPS_REPORT_VECTOR_INNER_ERR'
             OPS_REPORT_VECTOR_INNER_ERR(contextKeyParams.opName,
             ^~~~~~~~~~~~~~~~~~~~~~~~~~~
/home/y00951989/Ascend_newest/cann/include/base/err_msg.h:67:114: warning: format '%u' expects argument of type 'unsigned int', but argument 10 has type 'int64_t {aka long int}' [-Wformat=]
   (void) error_message::ReportInnerErrMsg(__FILE__, __FUNCTION__, __LINE__, (error_code), (format), ##__VA_ARGS__)
                                                                                                                  ^
/home/y00951989/Ascend_newest/cann/pkg_inc/op_common/log/log.h:239:13: note: in definition of macro 'OP_CHECK_IF'
             log;                                 \
             ^~~
/home/y00951989/ops-transformer/common/src/tiling_sink/../../include/err/ops_err.h:24:9: note: in expansion of macro 'REPORT_INNER_ERR_MSG'
         REPORT_INNER_ERR_MSG(ERR_CODE_STR, FMT, ##__VA_ARGS__);                                                        \
         ^~~~~~~~~~~~~~~~~~~~
/home/y00951989/ops-transformer/common/src/tiling_sink/../../include/err/ops_err.h:29:52: note: in expansion of macro 'OPS_INNER_ERR_STUB'
 #define OPS_REPORT_VECTOR_INNER_ERR(OPS_DESC, ...) OPS_INNER_ERR_STUB("E89999", OPS_DESC, __VA_ARGS__)
                                                    ^~~~~~~~~~~~~~~~~~
/home/y00951989/ops-transformer/attention/prompt_flash_attention/op_host/prompt_flash_attention_tiling_v2.cpp:1013:13: note: in expansion of macro 'OPS_REPORT_VECTOR_INNER_ERR'
             OPS_REPORT_VECTOR_INNER_ERR(contextKeyParams.opName,
             ^~~~~~~~~~~~~~~~~~~~~~~~~~~
/home/y00951989/Ascend_newest/cann/include/base/err_msg.h:67:114: warning: format '%u' expects argument of type 'unsigned int', but argument 11 has type 'int64_t {aka long int}' [-Wformat=]
   (void) error_message::ReportInnerErrMsg(__FILE__, __FUNCTION__, __LINE__, (error_code), (format), ##__VA_ARGS__)
                                                                                                                  ^
/home/y00951989/Ascend_newest/cann/pkg_inc/op_common/log/log.h:239:13: note: in definition of macro 'OP_CHECK_IF'
             log;                                 \
             ^~~
/home/y00951989/ops-transformer/common/src/tiling_sink/../../include/err/ops_err.h:24:9: note: in expansion of macro 'REPORT_INNER_ERR_MSG'
         REPORT_INNER_ERR_MSG(ERR_CODE_STR, FMT, ##__VA_ARGS__);                                                        \
         ^~~~~~~~~~~~~~~~~~~~
/home/y00951989/ops-transformer/common/src/tiling_sink/../../include/err/ops_err.h:29:52: note: in expansion of macro 'OPS_INNER_ERR_STUB'
 #define OPS_REPORT_VECTOR_INNER_ERR(OPS_DESC, ...) OPS_INNER_ERR_STUB("E89999", OPS_DESC, __VA_ARGS__)
                                                    ^~~~~~~~~~~~~~~~~~
/home/y00951989/ops-transformer/attention/prompt_flash_attention/op_host/prompt_flash_attention_tiling_v2.cpp:1013:13: note: in expansion of macro 'OPS_REPORT_VECTOR_INNER_ERR'
             OPS_REPORT_VECTOR_INNER_ERR(contextKeyParams.opName,
             ^~~~~~~~~~~~~~~~~~~~~~~~~~~
/home/y00951989/Ascend_newest/cann/include/base/err_msg.h:67:114: warning: format '%u' expects argument of type 'unsigned int', but argument 12 has type 'int64_t {aka long int}' [-Wformat=]
   (void) error_message::ReportInnerErrMsg(__FILE__, __FUNCTION__, __LINE__, (error_code), (format), ##__VA_ARGS__)
                                                                                                                  ^
/home/y00951989/Ascend_newest/cann/pkg_inc/op_common/log/log.h:239:13: note: in definition of macro 'OP_CHECK_IF'
             log;                                 \
             ^~~
/home/y00951989/ops-transformer/common/src/tiling_sink/../../include/err/ops_err.h:24:9: note: in expansion of macro 'REPORT_INNER_ERR_MSG'
         REPORT_INNER_ERR_MSG(ERR_CODE_STR, FMT, ##__VA_ARGS__);                                                        \
         ^~~~~~~~~~~~~~~~~~~~
/home/y00951989/ops-transformer/common/src/tiling_sink/../../include/err/ops_err.h:29:52: note: in expansion of macro 'OPS_INNER_ERR_STUB'
 #define OPS_REPORT_VECTOR_INNER_ERR(OPS_DESC, ...) OPS_INNER_ERR_STUB("E89999", OPS_DESC, __VA_ARGS__)
                                                    ^~~~~~~~~~~~~~~~~~
/home/y00951989/ops-transformer/attention/prompt_flash_attention/op_host/prompt_flash_attention_tiling_v2.cpp:1013:13: note: in expansion of macro 'OPS_REPORT_VECTOR_INNER_ERR'
             OPS_REPORT_VECTOR_INNER_ERR(contextKeyParams.opName,
             ^~~~~~~~~~~~~~~~~~~~~~~~~~~
/home/y00951989/Ascend_newest/cann/include/base/err_msg.h:67:114: warning: format '%u' expects argument of type 'unsigned int', but argument 13 has type 'int64_t {aka long int}' [-Wformat=]
   (void) error_message::ReportInnerErrMsg(__FILE__, __FUNCTION__, __LINE__, (error_code), (format), ##__VA_ARGS__)
                                                                                                                  ^
/home/y00951989/Ascend_newest/cann/pkg_inc/op_common/log/log.h:239:13: note: in definition of macro 'OP_CHECK_IF'
             log;                                 \
             ^~~
/home/y00951989/ops-transformer/common/src/tiling_sink/../../include/err/ops_err.h:24:9: note: in expansion of macro 'REPORT_INNER_ERR_MSG'
         REPORT_INNER_ERR_MSG(ERR_CODE_STR, FMT, ##__VA_ARGS__);                                                        \
         ^~~~~~~~~~~~~~~~~~~~
/home/y00951989/ops-transformer/common/src/tiling_sink/../../include/err/ops_err.h:29:52: note: in expansion of macro 'OPS_INNER_ERR_STUB'
 #define OPS_REPORT_VECTOR_INNER_ERR(OPS_DESC, ...) OPS_INNER_ERR_STUB("E89999", OPS_DESC, __VA_ARGS__)
                                                    ^~~~~~~~~~~~~~~~~~
/home/y00951989/ops-transformer/attention/prompt_flash_attention/op_host/prompt_flash_attention_tiling_v2.cpp:1013:13: note: in expansion of macro 'OPS_REPORT_VECTOR_INNER_ERR'
             OPS_REPORT_VECTOR_INNER_ERR(contextKeyParams.opName,
             ^~~~~~~~~~~~~~~~~~~~~~~~~~~
/home/y00951989/Ascend_newest/cann/include/base/err_msg.h:67:114: warning: format '%u' expects argument of type 'unsigned int', but argument 10 has type 'int64_t {aka long int}' [-Wformat=]
   (void) error_message::ReportInnerErrMsg(__FILE__, __FUNCTION__, __LINE__, (error_code), (format), ##__VA_ARGS__)
                                                                                                                  ^
/home/y00951989/Ascend_newest/cann/pkg_inc/op_common/log/log.h:239:13: note: in definition of macro 'OP_CHECK_IF'
             log;                                 \
             ^~~
/home/y00951989/ops-transformer/common/src/tiling_sink/../../include/err/ops_err.h:24:9: note: in expansion of macro 'REPORT_INNER_ERR_MSG'
         REPORT_INNER_ERR_MSG(ERR_CODE_STR, FMT, ##__VA_ARGS__);                                                        \
         ^~~~~~~~~~~~~~~~~~~~
/home/y00951989/ops-transformer/common/src/tiling_sink/../../include/err/ops_err.h:29:52: note: in expansion of macro 'OPS_INNER_ERR_STUB'
 #define OPS_REPORT_VECTOR_INNER_ERR(OPS_DESC, ...) OPS_INNER_ERR_STUB("E89999", OPS_DESC, __VA_ARGS__)
                                                    ^~~~~~~~~~~~~~~~~~
/home/y00951989/ops-transformer/attention/prompt_flash_attention/op_host/prompt_flash_attention_tiling_v2.cpp:1023:13: note: in expansion of macro 'OPS_REPORT_VECTOR_INNER_ERR'
             OPS_REPORT_VECTOR_INNER_ERR(contextKeyParams.opName,
             ^~~~~~~~~~~~~~~~~~~~~~~~~~~
/home/y00951989/Ascend_newest/cann/include/base/err_msg.h:67:114: warning: format '%u' expects argument of type 'unsigned int', but argument 11 has type 'int64_t {aka long int}' [-Wformat=]
   (void) error_message::ReportInnerErrMsg(__FILE__, __FUNCTION__, __LINE__, (error_code), (format), ##__VA_ARGS__)
                                                                                                                  ^
/home/y00951989/Ascend_newest/cann/pkg_inc/op_common/log/log.h:239:13: note: in definition of macro 'OP_CHECK_IF'
             log;                                 \
             ^~~
/home/y00951989/ops-transformer/common/src/tiling_sink/../../include/err/ops_err.h:24:9: note: in expansion of macro 'REPORT_INNER_ERR_MSG'
         REPORT_INNER_ERR_MSG(ERR_CODE_STR, FMT, ##__VA_ARGS__);                                                        \
         ^~~~~~~~~~~~~~~~~~~~
/home/y00951989/ops-transformer/common/src/tiling_sink/../../include/err/ops_err.h:29:52: note: in expansion of macro 'OPS_INNER_ERR_STUB'
 #define OPS_REPORT_VECTOR_INNER_ERR(OPS_DESC, ...) OPS_INNER_ERR_STUB("E89999", OPS_DESC, __VA_ARGS__)
                                                    ^~~~~~~~~~~~~~~~~~
/home/y00951989/ops-transformer/attention/prompt_flash_attention/op_host/prompt_flash_attention_tiling_v2.cpp:1023:13: note: in expansion of macro 'OPS_REPORT_VECTOR_INNER_ERR'
             OPS_REPORT_VECTOR_INNER_ERR(contextKeyParams.opName,
             ^~~~~~~~~~~~~~~~~~~~~~~~~~~
/home/y00951989/Ascend_newest/cann/include/base/err_msg.h:67:114: warning: format '%u' expects argument of type 'unsigned int', but argument 12 has type 'int64_t {aka long int}' [-Wformat=]
   (void) error_message::ReportInnerErrMsg(__FILE__, __FUNCTION__, __LINE__, (error_code), (format), ##__VA_ARGS__)
                                                                                                                  ^
/home/y00951989/Ascend_newest/cann/pkg_inc/op_common/log/log.h:239:13: note: in definition of macro 'OP_CHECK_IF'
             log;                                 \
             ^~~
/home/y00951989/ops-transformer/common/src/tiling_sink/../../include/err/ops_err.h:24:9: note: in expansion of macro 'REPORT_INNER_ERR_MSG'
         REPORT_INNER_ERR_MSG(ERR_CODE_STR, FMT, ##__VA_ARGS__);                                                        \
         ^~~~~~~~~~~~~~~~~~~~
/home/y00951989/ops-transformer/common/src/tiling_sink/../../include/err/ops_err.h:29:52: note: in expansion of macro 'OPS_INNER_ERR_STUB'
 #define OPS_REPORT_VECTOR_INNER_ERR(OPS_DESC, ...) OPS_INNER_ERR_STUB("E89999", OPS_DESC, __VA_ARGS__)
                                                    ^~~~~~~~~~~~~~~~~~
/home/y00951989/ops-transformer/attention/prompt_flash_attention/op_host/prompt_flash_attention_tiling_v2.cpp:1023:13: note: in expansion of macro 'OPS_REPORT_VECTOR_INNER_ERR'
             OPS_REPORT_VECTOR_INNER_ERR(contextKeyParams.opName,
             ^~~~~~~~~~~~~~~~~~~~~~~~~~~
/home/y00951989/Ascend_newest/cann/include/base/err_msg.h:67:114: warning: format '%u' expects argument of type 'unsigned int', but argument 13 has type 'int64_t {aka long int}' [-Wformat=]
   (void) error_message::ReportInnerErrMsg(__FILE__, __FUNCTION__, __LINE__, (error_code), (format), ##__VA_ARGS__)
                                                                                                                  ^
/home/y00951989/Ascend_newest/cann/pkg_inc/op_common/log/log.h:239:13: note: in definition of macro 'OP_CHECK_IF'
             log;                                 \
             ^~~
/home/y00951989/ops-transformer/common/src/tiling_sink/../../include/err/ops_err.h:24:9: note: in expansion of macro 'REPORT_INNER_ERR_MSG'
         REPORT_INNER_ERR_MSG(ERR_CODE_STR, FMT, ##__VA_ARGS__);                                                        \
         ^~~~~~~~~~~~~~~~~~~~
/home/y00951989/ops-transformer/common/src/tiling_sink/../../include/err/ops_err.h:29:52: note: in expansion of macro 'OPS_INNER_ERR_STUB'
 #define OPS_REPORT_VECTOR_INNER_ERR(OPS_DESC, ...) OPS_INNER_ERR_STUB("E89999", OPS_DESC, __VA_ARGS__)
                                                    ^~~~~~~~~~~~~~~~~~
/home/y00951989/ops-transformer/attention/prompt_flash_attention/op_host/prompt_flash_attention_tiling_v2.cpp:1023:13: note: in expansion of macro 'OPS_REPORT_VECTOR_INNER_ERR'
             OPS_REPORT_VECTOR_INNER_ERR(contextKeyParams.opName,
             ^~~~~~~~~~~~~~~~~~~~~~~~~~~
/home/y00951989/Ascend_newest/cann/include/base/err_msg.h:67:114: warning: format '%u' expects argument of type 'unsigned int', but argument 10 has type 'int64_t {aka long int}' [-Wformat=]
   (void) error_message::ReportInnerErrMsg(__FILE__, __FUNCTION__, __LINE__, (error_code), (format), ##__VA_ARGS__)
                                                                                                                  ^
/home/y00951989/Ascend_newest/cann/pkg_inc/op_common/log/log.h:239:13: note: in definition of macro 'OP_CHECK_IF'
             log;                                 \
             ^~~
/home/y00951989/ops-transformer/common/src/tiling_sink/../../include/err/ops_err.h:24:9: note: in expansion of macro 'REPORT_INNER_ERR_MSG'
         REPORT_INNER_ERR_MSG(ERR_CODE_STR, FMT, ##__VA_ARGS__);                                                        \
         ^~~~~~~~~~~~~~~~~~~~
/home/y00951989/ops-transformer/common/src/tiling_sink/../../include/err/ops_err.h:29:52: note: in expansion of macro 'OPS_INNER_ERR_STUB'
 #define OPS_REPORT_VECTOR_INNER_ERR(OPS_DESC, ...) OPS_INNER_ERR_STUB("E89999", OPS_DESC, __VA_ARGS__)
                                                    ^~~~~~~~~~~~~~~~~~
/home/y00951989/ops-transformer/attention/prompt_flash_attention/op_host/prompt_flash_attention_tiling_v2.cpp:1033:13: note: in expansion of macro 'OPS_REPORT_VECTOR_INNER_ERR'
             OPS_REPORT_VECTOR_INNER_ERR(contextKeyParams.opName,
             ^~~~~~~~~~~~~~~~~~~~~~~~~~~
/home/y00951989/Ascend_newest/cann/include/base/err_msg.h:67:114: warning: format '%u' expects argument of type 'unsigned int', but argument 11 has type 'int64_t {aka long int}' [-Wformat=]
   (void) error_message::ReportInnerErrMsg(__FILE__, __FUNCTION__, __LINE__, (error_code), (format), ##__VA_ARGS__)
                                                                                                                  ^
/home/y00951989/Ascend_newest/cann/pkg_inc/op_common/log/log.h:239:13: note: in definition of macro 'OP_CHECK_IF'
             log;                                 \
             ^~~
/home/y00951989/ops-transformer/common/src/tiling_sink/../../include/err/ops_err.h:24:9: note: in expansion of macro 'REPORT_INNER_ERR_MSG'
         REPORT_INNER_ERR_MSG(ERR_CODE_STR, FMT, ##__VA_ARGS__);                                                        \
         ^~~~~~~~~~~~~~~~~~~~
/home/y00951989/ops-transformer/common/src/tiling_sink/../../include/err/ops_err.h:29:52: note: in expansion of macro 'OPS_INNER_ERR_STUB'
 #define OPS_REPORT_VECTOR_INNER_ERR(OPS_DESC, ...) OPS_INNER_ERR_STUB("E89999", OPS_DESC, __VA_ARGS__)
                                                    ^~~~~~~~~~~~~~~~~~
/home/y00951989/ops-transformer/attention/prompt_flash_attention/op_host/prompt_flash_attention_tiling_v2.cpp:1033:13: note: in expansion of macro 'OPS_REPORT_VECTOR_INNER_ERR'
             OPS_REPORT_VECTOR_INNER_ERR(contextKeyParams.opName,
             ^~~~~~~~~~~~~~~~~~~~~~~~~~~
/home/y00951989/Ascend_newest/cann/include/base/err_msg.h:67:114: warning: format '%u' expects argument of type 'unsigned int', but argument 12 has type 'int64_t {aka long int}' [-Wformat=]
   (void) error_message::ReportInnerErrMsg(__FILE__, __FUNCTION__, __LINE__, (error_code), (format), ##__VA_ARGS__)
                                                                                                                  ^
/home/y00951989/Ascend_newest/cann/pkg_inc/op_common/log/log.h:239:13: note: in definition of macro 'OP_CHECK_IF'
             log;                                 \
             ^~~
/home/y00951989/ops-transformer/common/src/tiling_sink/../../include/err/ops_err.h:24:9: note: in expansion of macro 'REPORT_INNER_ERR_MSG'
         REPORT_INNER_ERR_MSG(ERR_CODE_STR, FMT, ##__VA_ARGS__);                                                        \
         ^~~~~~~~~~~~~~~~~~~~
/home/y00951989/ops-transformer/common/src/tiling_sink/../../include/err/ops_err.h:29:52: note: in expansion of macro 'OPS_INNER_ERR_STUB'
 #define OPS_REPORT_VECTOR_INNER_ERR(OPS_DESC, ...) OPS_INNER_ERR_STUB("E89999", OPS_DESC, __VA_ARGS__)
                                                    ^~~~~~~~~~~~~~~~~~
/home/y00951989/ops-transformer/attention/prompt_flash_attention/op_host/prompt_flash_attention_tiling_v2.cpp:1033:13: note: in expansion of macro 'OPS_REPORT_VECTOR_INNER_ERR'
             OPS_REPORT_VECTOR_INNER_ERR(contextKeyParams.opName,
             ^~~~~~~~~~~~~~~~~~~~~~~~~~~
/home/y00951989/Ascend_newest/cann/include/base/err_msg.h:67:114: warning: format '%u' expects argument of type 'unsigned int', but argument 13 has type 'int64_t {aka long int}' [-Wformat=]
   (void) error_message::ReportInnerErrMsg(__FILE__, __FUNCTION__, __LINE__, (error_code), (format), ##__VA_ARGS__)
                                                                                                                  ^
/home/y00951989/Ascend_newest/cann/pkg_inc/op_common/log/log.h:239:13: note: in definition of macro 'OP_CHECK_IF'
             log;                                 \
             ^~~
/home/y00951989/ops-transformer/common/src/tiling_sink/../../include/err/ops_err.h:24:9: note: in expansion of macro 'REPORT_INNER_ERR_MSG'
         REPORT_INNER_ERR_MSG(ERR_CODE_STR, FMT, ##__VA_ARGS__);                                                        \
         ^~~~~~~~~~~~~~~~~~~~
/home/y00951989/ops-transformer/common/src/tiling_sink/../../include/err/ops_err.h:29:52: note: in expansion of macro 'OPS_INNER_ERR_STUB'
 #define OPS_REPORT_VECTOR_INNER_ERR(OPS_DESC, ...) OPS_INNER_ERR_STUB("E89999", OPS_DESC, __VA_ARGS__)
                                                    ^~~~~~~~~~~~~~~~~~
/home/y00951989/ops-transformer/attention/prompt_flash_attention/op_host/prompt_flash_attention_tiling_v2.cpp:1033:13: note: in expansion of macro 'OPS_REPORT_VECTOR_INNER_ERR'
             OPS_REPORT_VECTOR_INNER_ERR(contextKeyParams.opName,
             ^~~~~~~~~~~~~~~~~~~~~~~~~~~
/home/y00951989/ops-transformer/attention/prompt_flash_attention/op_host/prompt_flash_attention_tiling_v2.cpp: In member function 'bool optiling::v2::PromptFlashAttentionTilingV2::CheckPostQuantParams(const optiling::ContextParamsForPFATiling&, const optiling::v2::PFAShapeInfo&, const optiling::v2::PFAShapeInfo&) const':
/home/y00951989/ops-transformer/attention/prompt_flash_attention/op_host/prompt_flash_attention_tiling_v2.cpp:1054:14: warning: unused variable 'queryD' [-Wunused-variable]
     uint32_t queryD = h / n;
              ^~~~~~
/home/y00951989/ops-transformer/attention/prompt_flash_attention/op_host/prompt_flash_attention_tiling_v2.cpp: In member function 'bool optiling::v2::PromptFlashAttentionTilingV2::CheckPFAMerge(optiling::ContextParamsForPFATiling&, const optiling::v2::PFAShapeInfo&) const':
/home/y00951989/ops-transformer/attention/prompt_flash_attention/op_host/prompt_flash_attention_tiling_v2.cpp:1567:74: warning: comparison between signed and unsigned integer expressions [-Wsign-compare]
     if ((nKV > 0) && (static_cast<uint32_t>(nQ / nKV) * queryShapeInfo.s > pfaMergeGSLimit)) {
                       ~~~~~~~~~~~~~~~~~~~~~~~~~~~~~~~~~~~~~~~~~~~~~~~~~~~^~~~~~~~~~~~~~~~~
/home/y00951989/ops-transformer/attention/prompt_flash_attention/op_host/prompt_flash_attention_tiling_v2.cpp:1570:41: warning: comparison between signed and unsigned integer expressions [-Wsign-compare]
     if ((nKV == 0) && (queryShapeInfo.s > pfaMergeGSLimit)) {
                        ~~~~~~~~~~~~~~~~~^~~~~~~~~~~~~~~~~
/home/y00951989/ops-transformer/attention/prompt_flash_attention/op_host/prompt_flash_attention_tiling_v2.cpp: In member function 'bool optiling::v2::PromptFlashAttentionTilingV2::CheckQScaleShape4MLAFullQuant(optiling::ContextParamsForPFATiling&)':
/home/y00951989/ops-transformer/attention/prompt_flash_attention/op_host/prompt_flash_attention_tiling_v2.cpp:1859:32: warning: comparison between signed and unsigned integer expressions [-Wsign-compare]
         for (uint32_t i = 0; i < qScaleDimNum; i++) {
                              ~~^~~~~~~~~~~~~~
In file included from /home/y00951989/ops-transformer/common/src/tiling_sink/../../include/err/ops_err.h:19:0,
                 from /home/y00951989/ops-transformer/attention/prompt_flash_attention/op_host/../../common/op_host/fia_tiling_base.h:24,
                 from /home/y00951989/ops-transformer/attention/prompt_flash_attention/op_host/../../common/op_host/fia_tiling_templates_registry.h:22,
                 from /home/y00951989/ops-transformer/attention/prompt_flash_attention/op_host/prompt_flash_attention_tiling_v2.h:22,
                 from /home/y00951989/ops-transformer/attention/prompt_flash_attention/op_host/prompt_flash_attention_tiling_v2.cpp:15:
/home/y00951989/ops-transformer/attention/prompt_flash_attention/op_host/prompt_flash_attention_tiling_v2.cpp: In member function 'bool optiling::v2::PromptFlashAttentionTilingV2::CheckKVScaleShape4MLAFullQuant(optiling::ContextParamsForPFATiling&)':
/home/y00951989/Ascend_newest/cann/include/base/err_msg.h:67:114: warning: format '%zu' expects argument of type 'size_t', but argument 6 has type 'int32_t {aka int}' [-Wformat=]
   (void) error_message::ReportInnerErrMsg(__FILE__, __FUNCTION__, __LINE__, (error_code), (format), ##__VA_ARGS__)
                                                                                                                  ^
/home/y00951989/Ascend_newest/cann/pkg_inc/op_common/log/log.h:239:13: note: in definition of macro 'OP_CHECK_IF'
             log;                                 \
             ^~~
/home/y00951989/ops-transformer/common/src/tiling_sink/../../include/err/ops_err.h:24:9: note: in expansion of macro 'REPORT_INNER_ERR_MSG'
         REPORT_INNER_ERR_MSG(ERR_CODE_STR, FMT, ##__VA_ARGS__);                                                        \
         ^~~~~~~~~~~~~~~~~~~~
/home/y00951989/ops-transformer/common/src/tiling_sink/../../include/err/ops_err.h:29:52: note: in expansion of macro 'OPS_INNER_ERR_STUB'
 #define OPS_REPORT_VECTOR_INNER_ERR(OPS_DESC, ...) OPS_INNER_ERR_STUB("E89999", OPS_DESC, __VA_ARGS__)
                                                    ^~~~~~~~~~~~~~~~~~
/home/y00951989/ops-transformer/attention/prompt_flash_attention/op_host/prompt_flash_attention_tiling_v2.cpp:1876:9: note: in expansion of macro 'OPS_REPORT_VECTOR_INNER_ERR'
         OPS_REPORT_VECTOR_INNER_ERR(contextKeyParams.opName,
         ^~~~~~~~~~~~~~~~~~~~~~~~~~~
/home/y00951989/Ascend_newest/cann/include/base/err_msg.h:67:114: warning: format '%zu' expects argument of type 'size_t', but argument 7 has type 'int32_t {aka int}' [-Wformat=]
   (void) error_message::ReportInnerErrMsg(__FILE__, __FUNCTION__, __LINE__, (error_code), (format), ##__VA_ARGS__)
                                                                                                                  ^
/home/y00951989/Ascend_newest/cann/pkg_inc/op_common/log/log.h:239:13: note: in definition of macro 'OP_CHECK_IF'
             log;                                 \
             ^~~
/home/y00951989/ops-transformer/common/src/tiling_sink/../../include/err/ops_err.h:24:9: note: in expansion of macro 'REPORT_INNER_ERR_MSG'
         REPORT_INNER_ERR_MSG(ERR_CODE_STR, FMT, ##__VA_ARGS__);                                                        \
         ^~~~~~~~~~~~~~~~~~~~
/home/y00951989/ops-transformer/common/src/tiling_sink/../../include/err/ops_err.h:29:52: note: in expansion of macro 'OPS_INNER_ERR_STUB'
 #define OPS_REPORT_VECTOR_INNER_ERR(OPS_DESC, ...) OPS_INNER_ERR_STUB("E89999", OPS_DESC, __VA_ARGS__)
                                                    ^~~~~~~~~~~~~~~~~~
/home/y00951989/ops-transformer/attention/prompt_flash_attention/op_host/prompt_flash_attention_tiling_v2.cpp:1876:9: note: in expansion of macro 'OPS_REPORT_VECTOR_INNER_ERR'
         OPS_REPORT_VECTOR_INNER_ERR(contextKeyParams.opName,
         ^~~~~~~~~~~~~~~~~~~~~~~~~~~
/home/y00951989/Ascend_newest/cann/include/base/err_msg.h:67:114: warning: format '%d' expects argument of type 'int', but argument 7 has type 'int64_t {aka long int}' [-Wformat=]
   (void) error_message::ReportInnerErrMsg(__FILE__, __FUNCTION__, __LINE__, (error_code), (format), ##__VA_ARGS__)
                                                                                                                  ^
/home/y00951989/Ascend_newest/cann/pkg_inc/op_common/log/log.h:239:13: note: in definition of macro 'OP_CHECK_IF'
             log;                                 \
             ^~~
/home/y00951989/ops-transformer/common/src/tiling_sink/../../include/err/ops_err.h:24:9: note: in expansion of macro 'REPORT_INNER_ERR_MSG'
         REPORT_INNER_ERR_MSG(ERR_CODE_STR, FMT, ##__VA_ARGS__);                                                        \
         ^~~~~~~~~~~~~~~~~~~~
/home/y00951989/ops-transformer/common/src/tiling_sink/../../include/err/ops_err.h:29:52: note: in expansion of macro 'OPS_INNER_ERR_STUB'
 #define OPS_REPORT_VECTOR_INNER_ERR(OPS_DESC, ...) OPS_INNER_ERR_STUB("E89999", OPS_DESC, __VA_ARGS__)
                                                    ^~~~~~~~~~~~~~~~~~
/home/y00951989/ops-transformer/attention/prompt_flash_attention/op_host/prompt_flash_attention_tiling_v2.cpp:1882:9: note: in expansion of macro 'OPS_REPORT_VECTOR_INNER_ERR'
         OPS_REPORT_VECTOR_INNER_ERR(contextKeyParams.opName,
         ^~~~~~~~~~~~~~~~~~~~~~~~~~~
/home/y00951989/Ascend_newest/cann/include/base/err_msg.h:67:114: warning: format '%d' expects argument of type 'int', but argument 8 has type 'int64_t {aka long int}' [-Wformat=]
   (void) error_message::ReportInnerErrMsg(__FILE__, __FUNCTION__, __LINE__, (error_code), (format), ##__VA_ARGS__)
                                                                                                                  ^
/home/y00951989/Ascend_newest/cann/pkg_inc/op_common/log/log.h:239:13: note: in definition of macro 'OP_CHECK_IF'
             log;                                 \
             ^~~
/home/y00951989/ops-transformer/common/src/tiling_sink/../../include/err/ops_err.h:24:9: note: in expansion of macro 'REPORT_INNER_ERR_MSG'
         REPORT_INNER_ERR_MSG(ERR_CODE_STR, FMT, ##__VA_ARGS__);                                                        \
         ^~~~~~~~~~~~~~~~~~~~
/home/y00951989/ops-transformer/common/src/tiling_sink/../../include/err/ops_err.h:29:52: note: in expansion of macro 'OPS_INNER_ERR_STUB'
 #define OPS_REPORT_VECTOR_INNER_ERR(OPS_DESC, ...) OPS_INNER_ERR_STUB("E89999", OPS_DESC, __VA_ARGS__)
                                                    ^~~~~~~~~~~~~~~~~~
/home/y00951989/ops-transformer/attention/prompt_flash_attention/op_host/prompt_flash_attention_tiling_v2.cpp:1882:9: note: in expansion of macro 'OPS_REPORT_VECTOR_INNER_ERR'
         OPS_REPORT_VECTOR_INNER_ERR(contextKeyParams.opName,
         ^~~~~~~~~~~~~~~~~~~~~~~~~~~
/home/y00951989/ops-transformer/attention/prompt_flash_attention/op_host/prompt_flash_attention_tiling_v2.cpp: In member function 'bool optiling::v2::PromptFlashAttentionTilingV2::CheckLearnSink(optiling::ContextParamsForPFATiling&, optiling::v2::PFAShapeInfo&, optiling::v2::PFAShapeInfo&, optiling::PromptFlashAttentionTilingData&)':
/home/y00951989/Ascend_newest/cann/include/base/err_msg.h:67:114: warning: too many arguments for format [-Wformat-extra-args]
   (void) error_message::ReportInnerErrMsg(__FILE__, __FUNCTION__, __LINE__, (error_code), (format), ##__VA_ARGS__)
                                                                                                                  ^
/home/y00951989/Ascend_newest/cann/pkg_inc/op_common/log/log.h:239:13: note: in definition of macro 'OP_CHECK_IF'
             log;                                 \
             ^~~
/home/y00951989/ops-transformer/common/src/tiling_sink/../../include/err/ops_err.h:24:9: note: in expansion of macro 'REPORT_INNER_ERR_MSG'
         REPORT_INNER_ERR_MSG(ERR_CODE_STR, FMT, ##__VA_ARGS__);                                                        \
         ^~~~~~~~~~~~~~~~~~~~
/home/y00951989/ops-transformer/common/src/tiling_sink/../../include/err/ops_err.h:29:52: note: in expansion of macro 'OPS_INNER_ERR_STUB'
 #define OPS_REPORT_VECTOR_INNER_ERR(OPS_DESC, ...) OPS_INNER_ERR_STUB("E89999", OPS_DESC, __VA_ARGS__)
                                                    ^~~~~~~~~~~~~~~~~~
/home/y00951989/ops-transformer/attention/prompt_flash_attention/op_host/prompt_flash_attention_tiling_v2.cpp:2490:34: note: in expansion of macro 'OPS_REPORT_VECTOR_INNER_ERR'
     OP_CHECK_IF(enablePostQuant, OPS_REPORT_VECTOR_INNER_ERR(contextKeyParams.opName,
                                  ^~~~~~~~~~~~~~~~~~~~~~~~~~~
/home/y00951989/Ascend_newest/cann/include/base/err_msg.h:67:114: warning: format '%ld' expects argument of type 'long int', but argument 6 has type 'int32_t {aka int}' [-Wformat=]
   (void) error_message::ReportInnerErrMsg(__FILE__, __FUNCTION__, __LINE__, (error_code), (format), ##__VA_ARGS__)
                                                                                                                  ^
/home/y00951989/Ascend_newest/cann/pkg_inc/op_common/log/log.h:239:13: note: in definition of macro 'OP_CHECK_IF'
             log;                                 \
             ^~~
/home/y00951989/ops-transformer/common/src/tiling_sink/../../include/err/ops_err.h:24:9: note: in expansion of macro 'REPORT_INNER_ERR_MSG'
         REPORT_INNER_ERR_MSG(ERR_CODE_STR, FMT, ##__VA_ARGS__);                                                        \
         ^~~~~~~~~~~~~~~~~~~~
/home/y00951989/ops-transformer/common/src/tiling_sink/../../include/err/ops_err.h:29:52: note: in expansion of macro 'OPS_INNER_ERR_STUB'
 #define OPS_REPORT_VECTOR_INNER_ERR(OPS_DESC, ...) OPS_INNER_ERR_STUB("E89999", OPS_DESC, __VA_ARGS__)
                                                    ^~~~~~~~~~~~~~~~~~
/home/y00951989/ops-transformer/attention/prompt_flash_attention/op_host/prompt_flash_attention_tiling_v2.cpp:2493:49: note: in expansion of macro 'OPS_REPORT_VECTOR_INNER_ERR'
     OP_CHECK_IF(innerPrecise != HIGH_PRECISION, OPS_REPORT_VECTOR_INNER_ERR(contextKeyParams.opName,
                                                 ^~~~~~~~~~~~~~~~~~~~~~~~~~~
/home/y00951989/ops-transformer/attention/prompt_flash_attention/op_host/prompt_flash_attention_tiling_v2.cpp: In member function 'bool optiling::v2::PromptFlashAttentionTilingV2::CheckPerblockCrossover(optiling::ContextParamsForPFATiling&)':
/home/y00951989/Ascend_newest/cann/include/base/err_msg.h:67:114: warning: format '%ld' expects argument of type 'long int', but argument 6 has type 'int32_t {aka int}' [-Wformat=]
   (void) error_message::ReportInnerErrMsg(__FILE__, __FUNCTION__, __LINE__, (error_code), (format), ##__VA_ARGS__)
                                                                                                                  ^
/home/y00951989/Ascend_newest/cann/pkg_inc/op_common/log/log.h:239:13: note: in definition of macro 'OP_CHECK_IF'
             log;                                 \
             ^~~
/home/y00951989/ops-transformer/common/src/tiling_sink/../../include/err/ops_err.h:24:9: note: in expansion of macro 'REPORT_INNER_ERR_MSG'
         REPORT_INNER_ERR_MSG(ERR_CODE_STR, FMT, ##__VA_ARGS__);                                                        \
         ^~~~~~~~~~~~~~~~~~~~
/home/y00951989/ops-transformer/common/src/tiling_sink/../../include/err/ops_err.h:29:52: note: in expansion of macro 'OPS_INNER_ERR_STUB'
 #define OPS_REPORT_VECTOR_INNER_ERR(OPS_DESC, ...) OPS_INNER_ERR_STUB("E89999", OPS_DESC, __VA_ARGS__)
                                                    ^~~~~~~~~~~~~~~~~~
/home/y00951989/ops-transformer/attention/prompt_flash_attention/op_host/prompt_flash_attention_tiling_v2.cpp:2809:9: note: in expansion of macro 'OPS_REPORT_VECTOR_INNER_ERR'
         OPS_REPORT_VECTOR_INNER_ERR(contextKeyParams.opName,
         ^~~~~~~~~~~~~~~~~~~~~~~~~~~
/home/y00951989/ops-transformer/attention/prompt_flash_attention/op_host/prompt_flash_attention_tiling_v2.cpp: In member function 'bool optiling::v2::PromptFlashAttentionTilingV2::TilingGetTilingKeyAttentionAscendC(optiling::ContextParamsForPFATiling&, optiling::PromptFlashAttentionTilingData&)':
/home/y00951989/ops-transformer/attention/prompt_flash_attention/op_host/prompt_flash_attention_tiling_v2.cpp:3778:10: warning: unused variable 'outputDataType' [-Wunused-variable]
     auto outputDataType = contextKeyParams.outputDataType; // output tensor
          ^~~~~~~~~~~~~~
In file included from /home/y00951989/ops-transformer/common/src/tiling_sink/../../include/err/ops_err.h:19:0,
                 from /home/y00951989/ops-transformer/attention/fused_infer_attention_score/op_host/../../prompt_flash_attention/op_host/../../common/op_host/fia_tiling_base.h:24,
                 from /home/y00951989/ops-transformer/attention/fused_infer_attention_score/op_host/../../prompt_flash_attention/op_host/../../common/op_host/fia_tiling_templates_registry.h:22,
                 from /home/y00951989/ops-transformer/attention/fused_infer_attention_score/op_host/../../prompt_flash_attention/op_host/prompt_flash_attention_tiling.h:33,
                 from /home/y00951989/ops-transformer/attention/fused_infer_attention_score/op_host/fused_infer_attention_score_tiling_compile_info.h:18,
                 from /home/y00951989/ops-transformer/attention/fused_infer_attention_score/op_host/fused_infer_attention_score_tiling.h:19,
                 from /home/y00951989/ops-transformer/attention/fused_infer_attention_score/op_host/fused_infer_attention_score_tiling.cpp:16:
/home/y00951989/ops-transformer/attention/fused_infer_attention_score/op_host/fused_infer_attention_score_tiling.cpp: In function 'ge::graphStatus optiling::CheckFAISinglePara(const gert::TilingContext*, bool)':
/home/y00951989/ops-transformer/attention/fused_infer_attention_score/op_host/fused_infer_attention_score_tiling.cpp:1100:37: warning: comparison between signed and unsigned integer expressions [-Wsign-compare]
         OP_CHECK_IF((inputBlockSize > MAX_BLOCK_SIZE),
                      ~~~~~~~~~~~~~~~^~~
/home/y00951989/Ascend_newest/cann/pkg_inc/op_common/log/log.h:120:39: note: in definition of macro 'unlikely'
 #define unlikely(x) __builtin_expect((x), 0)
                                       ^
/home/y00951989/ops-transformer/attention/fused_infer_attention_score/op_host/fused_infer_attention_score_tiling.cpp:1100:9: note: in expansion of macro 'OP_CHECK_IF'
         OP_CHECK_IF((inputBlockSize > MAX_BLOCK_SIZE),
         ^~~~~~~~~~~
/home/y00951989/ops-transformer/attention/fused_infer_attention_score/op_host/arch35/fused_infer_attention_score_tiling_v2.cpp: In function 'bool optiling::CheckNormalTensorList(gert::TilingContext*, optiling::ContextParamsForPFATiling&, std::__cxx11::string, int64_t)':
/home/y00951989/ops-transformer/attention/fused_infer_attention_score/op_host/arch35/fused_infer_attention_score_tiling_v2.cpp:122:17: warning: unused variable 'tmpNKv' [-Wunused-variable]
         int64_t tmpNKv = (*contextKeyParams.numKeyValueHeads != 0) ? *contextKeyParams.numKeyValueHeads : *contextKeyParams.headsNumber;
                 ^~~~~~
In file included from /home/y00951989/ops-transformer/common/src/tiling_sink/../../include/err/ops_err.h:19:0,
                 from /home/y00951989/ops-transformer/attention/fused_infer_attention_score/op_host/arch35/../../../common/op_host/fia_tiling_base.h:24,
                 from /home/y00951989/ops-transformer/attention/fused_infer_attention_score/op_host/arch35/fused_infer_attention_score_tiling_v2.h:19,
                 from /home/y00951989/ops-transformer/attention/fused_infer_attention_score/op_host/arch35/fused_infer_attention_score_tiling_v2.cpp:16:
/home/y00951989/ops-transformer/attention/fused_infer_attention_score/op_host/arch35/fused_infer_attention_score_tiling_v2.cpp: In member function 'virtual ge::graphStatus optiling::FusedInferAttentionScoreTilingV2::DoOpTiling()':
/home/y00951989/Ascend_newest/cann/include/base/err_msg.h:67:114: warning: format '%llu' expects argument of type 'long long unsigned int', but argument 6 has type 'int64_t {aka long int}' [-Wformat=]
   (void) error_message::ReportInnerErrMsg(__FILE__, __FUNCTION__, __LINE__, (error_code), (format), ##__VA_ARGS__)
                                                                                                                  ^
/home/y00951989/Ascend_newest/cann/pkg_inc/op_common/log/log.h:239:13: note: in definition of macro 'OP_CHECK_IF'
             log;                                 \
             ^~~
/home/y00951989/ops-transformer/common/src/tiling_sink/../../include/err/ops_err.h:24:9: note: in expansion of macro 'REPORT_INNER_ERR_MSG'
         REPORT_INNER_ERR_MSG(ERR_CODE_STR, FMT, ##__VA_ARGS__);                                                        \
         ^~~~~~~~~~~~~~~~~~~~
/home/y00951989/ops-transformer/common/src/tiling_sink/../../include/err/ops_err.h:29:52: note: in expansion of macro 'OPS_INNER_ERR_STUB'
 #define OPS_REPORT_VECTOR_INNER_ERR(OPS_DESC, ...) OPS_INNER_ERR_STUB("E89999", OPS_DESC, __VA_ARGS__)
                                                    ^~~~~~~~~~~~~~~~~~
/home/y00951989/ops-transformer/attention/fused_infer_attention_score/op_host/arch35/fused_infer_attention_score_tiling_v2.cpp:691:9: note: in expansion of macro 'OPS_REPORT_VECTOR_INNER_ERR'
         OPS_REPORT_VECTOR_INNER_ERR(context_->GetNodeName(), "query shape size is %llu byte, but attention Out shape size is %llu byte, they cannot be empty while the other is not",
         ^~~~~~~~~~~~~~~~~~~~~~~~~~~
/home/y00951989/Ascend_newest/cann/include/base/err_msg.h:67:114: warning: format '%llu' expects argument of type 'long long unsigned int', but argument 7 has type 'int64_t {aka long int}' [-Wformat=]
   (void) error_message::ReportInnerErrMsg(__FILE__, __FUNCTION__, __LINE__, (error_code), (format), ##__VA_ARGS__)
                                                                                                                  ^
/home/y00951989/Ascend_newest/cann/pkg_inc/op_common/log/log.h:239:13: note: in definition of macro 'OP_CHECK_IF'
             log;                                 \
             ^~~
/home/y00951989/ops-transformer/common/src/tiling_sink/../../include/err/ops_err.h:24:9: note: in expansion of macro 'REPORT_INNER_ERR_MSG'
         REPORT_INNER_ERR_MSG(ERR_CODE_STR, FMT, ##__VA_ARGS__);                                                        \
         ^~~~~~~~~~~~~~~~~~~~
/home/y00951989/ops-transformer/common/src/tiling_sink/../../include/err/ops_err.h:29:52: note: in expansion of macro 'OPS_INNER_ERR_STUB'
 #define OPS_REPORT_VECTOR_INNER_ERR(OPS_DESC, ...) OPS_INNER_ERR_STUB("E89999", OPS_DESC, __VA_ARGS__)
                                                    ^~~~~~~~~~~~~~~~~~
/home/y00951989/ops-transformer/attention/fused_infer_attention_score/op_host/arch35/fused_infer_attention_score_tiling_v2.cpp:691:9: note: in expansion of macro 'OPS_REPORT_VECTOR_INNER_ERR'
         OPS_REPORT_VECTOR_INNER_ERR(context_->GetNodeName(), "query shape size is %llu byte, but attention Out shape size is %llu byte, they cannot be empty while the other is not",
         ^~~~~~~~~~~~~~~~~~~~~~~~~~~
In file included from /home/y00951989/Ascend_newest/cann/pkg_inc/op_common/log/log.h:24:0,
                 from /home/y00951989/ops-transformer/attention/fused_infer_attention_score/op_host/arch32/fused_infer_attention_score_tiling_info_parser.cpp:18:
/home/y00951989/ops-transformer/attention/fused_infer_attention_score/op_host/arch32/fused_infer_attention_score_tiling_info_parser.cpp: In member function 'ge::graphStatus optiling::FiaInfoParser::GetEmptyTensorFlag()':
/home/y00951989/Ascend_newest/cann/include/base/err_msg.h:67:114: warning: format '%llu' expects argument of type 'long long unsigned int', but argument 6 has type 'int64_t {aka long int}' [-Wformat=]
   (void) error_message::ReportInnerErrMsg(__FILE__, __FUNCTION__, __LINE__, (error_code), (format), ##__VA_ARGS__)
                                                                                                                  ^
/home/y00951989/Ascend_newest/cann/pkg_inc/op_common/log/log.h:129:9: note: in expansion of macro 'REPORT_INNER_ERR_MSG'
         REPORT_INNER_ERR_MSG("EZ9999", ##__VA_ARGS__); \
         ^~~~~~~~~~~~~~~~~~~~
/home/y00951989/ops-transformer/attention/fused_infer_attention_score/op_host/arch32/fused_infer_attention_score_tiling_info_parser.cpp:98:13: note: in expansion of macro 'OP_LOGE'
             OP_LOGE(opName_, "query shape size is %llu byte, but attention Out shape size is %llu byte, they cannot be empty while the other is not",
             ^~~~~~~
/home/y00951989/Ascend_newest/cann/include/base/err_msg.h:67:114: warning: format '%llu' expects argument of type 'long long unsigned int', but argument 7 has type 'int64_t {aka long int}' [-Wformat=]
   (void) error_message::ReportInnerErrMsg(__FILE__, __FUNCTION__, __LINE__, (error_code), (format), ##__VA_ARGS__)
                                                                                                                  ^
/home/y00951989/Ascend_newest/cann/pkg_inc/op_common/log/log.h:129:9: note: in expansion of macro 'REPORT_INNER_ERR_MSG'
         REPORT_INNER_ERR_MSG("EZ9999", ##__VA_ARGS__); \
         ^~~~~~~~~~~~~~~~~~~~
/home/y00951989/ops-transformer/attention/fused_infer_attention_score/op_host/arch32/fused_infer_attention_score_tiling_info_parser.cpp:98:13: note: in expansion of macro 'OP_LOGE'
             OP_LOGE(opName_, "query shape size is %llu byte, but attention Out shape size is %llu byte, they cannot be empty while the other is not",
             ^~~~~~~
In file included from /home/y00951989/ops-transformer/attention/fused_infer_attention_score/op_host/arch32/fused_infer_attention_score_tiling_info_parser.h:19:0,
                 from /home/y00951989/ops-transformer/attention/fused_infer_attention_score/op_host/arch32/fused_infer_attention_score_tiling_info_parser.cpp:22:
/home/y00951989/ops-transformer/attention/fused_infer_attention_score/op_host/arch32/../../../common/op_host/fia_tiling_shape.h: At global scope:
/home/y00951989/ops-transformer/attention/fused_infer_attention_score/op_host/arch32/../../../common/op_host/fia_tiling_shape.h:49:20: warning: 'std::__cxx11::string optiling::GetShapeStr(gert::Shape)' defined but not used [-Wunused-function]
 static std::string GetShapeStr(gert::Shape shape)
                    ^~~~~~~~~~~
/home/y00951989/ops-transformer/attention/prompt_flash_attention/op_host/prompt_flash_attention_tiling_arch38.cpp: In member function 'bool optiling::arch38::PromptFlashAttentionTilingArch38::CheckPostQuantParams(const optiling::ContextParamsForPFATiling&, const optiling::PFAShapeInfo&, const optiling::PFAShapeInfo&) const':
/home/y00951989/ops-transformer/attention/prompt_flash_attention/op_host/prompt_flash_attention_tiling_arch38.cpp:818:14: warning: variable 'quantD' set but not used [-Wunused-but-set-variable]
     uint32_t quantD = 0;
              ^~~~~~
In file included from /home/y00951989/ops-transformer/common/src/tiling_sink/../../include/err/ops_err.h:19:0,
                 from /home/y00951989/ops-transformer/attention/prompt_flash_attention/op_host/./../../common/op_host/fia_tiling_base.h:24,
                 from /home/y00951989/ops-transformer/attention/prompt_flash_attention/op_host/./../../common/op_host/fia_tiling_templates_registry.h:22,
                 from /home/y00951989/ops-transformer/attention/prompt_flash_attention/op_host/./prompt_flash_attention_tiling.h:33,
                 from /home/y00951989/ops-transformer/attention/prompt_flash_attention/op_host/prompt_flash_attention_tiling_arch38.h:20,
                 from /home/y00951989/ops-transformer/attention/prompt_flash_attention/op_host/prompt_flash_attention_tiling_arch38.cpp:15:
/home/y00951989/ops-transformer/attention/prompt_flash_attention/op_host/prompt_flash_attention_tiling_arch38.cpp: In member function 'bool optiling::arch38::PromptFlashAttentionTilingArch38::CheckPerblockCrossover(optiling::ContextParamsForPFATiling&)':
/home/y00951989/Ascend_newest/cann/include/base/err_msg.h:67:114: warning: format '%ld' expects argument of type 'long int', but argument 6 has type 'int32_t {aka int}' [-Wformat=]
   (void) error_message::ReportInnerErrMsg(__FILE__, __FUNCTION__, __LINE__, (error_code), (format), ##__VA_ARGS__)
                                                                                                                  ^
/home/y00951989/Ascend_newest/cann/pkg_inc/op_common/log/log.h:239:13: note: in definition of macro 'OP_CHECK_IF'
             log;                                 \
             ^~~
/home/y00951989/ops-transformer/common/src/tiling_sink/../../include/err/ops_err.h:24:9: note: in expansion of macro 'REPORT_INNER_ERR_MSG'
         REPORT_INNER_ERR_MSG(ERR_CODE_STR, FMT, ##__VA_ARGS__);                                                        \
         ^~~~~~~~~~~~~~~~~~~~
/home/y00951989/ops-transformer/common/src/tiling_sink/../../include/err/ops_err.h:29:52: note: in expansion of macro 'OPS_INNER_ERR_STUB'
 #define OPS_REPORT_VECTOR_INNER_ERR(OPS_DESC, ...) OPS_INNER_ERR_STUB("E89999", OPS_DESC, __VA_ARGS__)
                                                    ^~~~~~~~~~~~~~~~~~
/home/y00951989/ops-transformer/attention/prompt_flash_attention/op_host/prompt_flash_attention_tiling_arch38.cpp:2211:9: note: in expansion of macro 'OPS_REPORT_VECTOR_INNER_ERR'
         OPS_REPORT_VECTOR_INNER_ERR(contextKeyParams.opName,
         ^~~~~~~~~~~~~~~~~~~~~~~~~~~
/home/y00951989/ops-transformer/attention/prompt_flash_attention/op_host/prompt_flash_attention_tiling_arch38.cpp: In member function 'void optiling::arch38::PromptFlashAttentionTilingArch38::GetEnableDN(optiling::PromptFlashAttentionTilingData&, optiling::PFAShapeInfo&, const optiling::PFAShapeInfo&, std::vector<long int>&, std::vector<long int>&)':
/home/y00951989/ops-transformer/attention/prompt_flash_attention/op_host/prompt_flash_attention_tiling_arch38.cpp:2285:24: warning: unused variable 'dLimitDN' [-Wunused-variable]
     constexpr uint32_t dLimitDN = 128;
                        ^~~~~~~~
/home/y00951989/ops-transformer/attention/prompt_flash_attention/op_host/prompt_flash_attention_tiling_arch38.cpp:2286:24: warning: unused variable 'vecCoreNum' [-Wunused-variable]
     constexpr uint32_t vecCoreNum = 2;
                        ^~~~~~~~~~
/home/y00951989/ops-transformer/attention/prompt_flash_attention/op_host/prompt_flash_attention_tiling_arch38.cpp:2287:24: warning: unused variable 'sOuterLimitDN' [-Wunused-variable]
     constexpr uint32_t sOuterLimitDN = 64;
                        ^~~~~~~~~~~~~
/home/y00951989/ops-transformer/attention/prompt_flash_attention/op_host/prompt_flash_attention_tiling.cpp: In member function 'virtual ge::graphStatus optiling::PromptFlashAttentionTiling::DoOpTiling()':
/home/y00951989/ops-transformer/attention/prompt_flash_attention/op_host/prompt_flash_attention_tiling.cpp:6513:10: warning: unused variable 'platformInfoPtr' [-Wunused-variable]
     auto platformInfoPtr = context_->GetPlatformInfo();
          ^~~~~~~~~~~~~~~
In file included from /home/y00951989/ops-transformer/common/src/tiling_sink/../../include/err/ops_err.h:19:0,
                 from /home/y00951989/ops-transformer/attention/incre_flash_attention/op_host/../../common/op_host/fia_tiling_base.h:24,
                 from /home/y00951989/ops-transformer/attention/incre_flash_attention/op_host/incre_flash_attention_tiling_v2.h:28,
                 from /home/y00951989/ops-transformer/attention/incre_flash_attention/op_host/incre_flash_attention_tiling_v2.cpp:16:
/home/y00951989/ops-transformer/attention/incre_flash_attention/op_host/incre_flash_attention_tiling_v2.cpp: In member function 'ge::graphStatus optiling::IFATilingV2::ProcessBaseTensors()':
/home/y00951989/Ascend_newest/cann/include/base/err_msg.h:67:114: warning: format '%llu' expects argument of type 'long long unsigned int', but argument 6 has type 'int64_t {aka long int}' [-Wformat=]
   (void) error_message::ReportInnerErrMsg(__FILE__, __FUNCTION__, __LINE__, (error_code), (format), ##__VA_ARGS__)
                                                                                                                  ^
/home/y00951989/Ascend_newest/cann/pkg_inc/op_common/log/log.h:239:13: note: in definition of macro 'OP_CHECK_IF'
             log;                                 \
             ^~~
/home/y00951989/ops-transformer/common/src/tiling_sink/../../include/err/ops_err.h:24:9: note: in expansion of macro 'REPORT_INNER_ERR_MSG'
         REPORT_INNER_ERR_MSG(ERR_CODE_STR, FMT, ##__VA_ARGS__);                                                        \
         ^~~~~~~~~~~~~~~~~~~~
/home/y00951989/ops-transformer/common/src/tiling_sink/../../include/err/ops_err.h:29:52: note: in expansion of macro 'OPS_INNER_ERR_STUB'
 #define OPS_REPORT_VECTOR_INNER_ERR(OPS_DESC, ...) OPS_INNER_ERR_STUB("E89999", OPS_DESC, __VA_ARGS__)
                                                    ^~~~~~~~~~~~~~~~~~
/home/y00951989/ops-transformer/attention/incre_flash_attention/op_host/incre_flash_attention_tiling_v2.cpp:361:15: note: in expansion of macro 'OPS_REPORT_VECTOR_INNER_ERR'
               OPS_REPORT_VECTOR_INNER_ERR(ifaContext_->opName, "query shape size is %llu byte, but attention Out shape size is %llu byte, they cannot be empty while the other is not",
               ^~~~~~~~~~~~~~~~~~~~~~~~~~~
/home/y00951989/Ascend_newest/cann/include/base/err_msg.h:67:114: warning: format '%llu' expects argument of type 'long long unsigned int', but argument 7 has type 'int64_t {aka long int}' [-Wformat=]
   (void) error_message::ReportInnerErrMsg(__FILE__, __FUNCTION__, __LINE__, (error_code), (format), ##__VA_ARGS__)
                                                                                                                  ^
/home/y00951989/Ascend_newest/cann/pkg_inc/op_common/log/log.h:239:13: note: in definition of macro 'OP_CHECK_IF'
             log;                                 \
             ^~~
/home/y00951989/ops-transformer/common/src/tiling_sink/../../include/err/ops_err.h:24:9: note: in expansion of macro 'REPORT_INNER_ERR_MSG'
         REPORT_INNER_ERR_MSG(ERR_CODE_STR, FMT, ##__VA_ARGS__);                                                        \
         ^~~~~~~~~~~~~~~~~~~~
/home/y00951989/ops-transformer/common/src/tiling_sink/../../include/err/ops_err.h:29:52: note: in expansion of macro 'OPS_INNER_ERR_STUB'
 #define OPS_REPORT_VECTOR_INNER_ERR(OPS_DESC, ...) OPS_INNER_ERR_STUB("E89999", OPS_DESC, __VA_ARGS__)
                                                    ^~~~~~~~~~~~~~~~~~
/home/y00951989/ops-transformer/attention/incre_flash_attention/op_host/incre_flash_attention_tiling_v2.cpp:361:15: note: in expansion of macro 'OPS_REPORT_VECTOR_INNER_ERR'
               OPS_REPORT_VECTOR_INNER_ERR(ifaContext_->opName, "query shape size is %llu byte, but attention Out shape size is %llu byte, they cannot be empty while the other is not",
               ^~~~~~~~~~~~~~~~~~~~~~~~~~~
/home/y00951989/ops-transformer/attention/incre_flash_attention/op_host/incre_flash_attention_tiling_v2.cpp: In member function 'bool optiling::IFATilingV2::CheckEmptyTensor()':
/home/y00951989/ops-transformer/attention/incre_flash_attention/op_host/incre_flash_attention_tiling_v2.cpp:654:31: warning: comparison between signed and unsigned integer expressions [-Wsign-compare]
   for (int64_t size = 0; size < ifaContext_->kCache.size(); ++size) {
                          ~~~~~^~~~~~~~~~~~~~~~~~~~~~~~~~~~
/home/y00951989/ops-transformer/attention/incre_flash_attention/op_host/incre_flash_attention_tiling_v2.cpp:660:31: warning: comparison between signed and unsigned integer expressions [-Wsign-compare]
   for (int64_t size = 0; size < ifaContext_->vCache.size(); ++size) {
                          ~~~~~^~~~~~~~~~~~~~~~~~~~~~~~~~~~
In file included from /home/y00951989/ops-transformer/common/src/tiling_sink/../../include/err/ops_err.h:19:0,
                 from /home/y00951989/ops-transformer/attention/incre_flash_attention/op_host/../../common/op_host/fia_tiling_base.h:24,
                 from /home/y00951989/ops-transformer/attention/incre_flash_attention/op_host/incre_flash_attention_tiling_v2.h:28,
                 from /home/y00951989/ops-transformer/attention/incre_flash_attention/op_host/incre_flash_attention_tiling_v2.cpp:16:
/home/y00951989/ops-transformer/attention/incre_flash_attention/op_host/incre_flash_attention_tiling_v2.cpp: In member function 'ge::graphStatus optiling::IFATilingV2::CheckQKOutShape() const':
/home/y00951989/Ascend_newest/cann/include/base/err_msg.h:67:114: warning: format '%ld' expects argument of type 'long int', but argument 7 has type 'uint32_t {aka unsigned int}' [-Wformat=]
   (void) error_message::ReportInnerErrMsg(__FILE__, __FUNCTION__, __LINE__, (error_code), (format), ##__VA_ARGS__)
                                                                                                                  ^
/home/y00951989/Ascend_newest/cann/pkg_inc/op_common/log/log.h:239:13: note: in definition of macro 'OP_CHECK_IF'
             log;                                 \
             ^~~
/home/y00951989/Ascend_newest/cann/pkg_inc/op_common/log/log.h:129:9: note: in expansion of macro 'REPORT_INNER_ERR_MSG'
         REPORT_INNER_ERR_MSG("EZ9999", ##__VA_ARGS__); \
         ^~~~~~~~~~~~~~~~~~~~
/home/y00951989/ops-transformer/attention/incre_flash_attention/op_host/incre_flash_attention_tiling_v2.cpp:758:7: note: in expansion of macro 'OP_LOGE'
       OP_LOGE(ifaContext_->opName, "When inputLayout is TND, the headDims in queryShape[%ld] is not equal to numHeads[%ld] or the headDims in kvShape[%ld] is not equal to numKvHeads[%ld].",
       ^~~~~~~
/home/y00951989/Ascend_newest/cann/include/base/err_msg.h:67:114: warning: format '%ld' expects argument of type 'long int', but argument 9 has type 'uint32_t {aka unsigned int}' [-Wformat=]
   (void) error_message::ReportInnerErrMsg(__FILE__, __FUNCTION__, __LINE__, (error_code), (format), ##__VA_ARGS__)
                                                                                                                  ^
/home/y00951989/Ascend_newest/cann/pkg_inc/op_common/log/log.h:239:13: note: in definition of macro 'OP_CHECK_IF'
             log;                                 \
             ^~~
/home/y00951989/Ascend_newest/cann/pkg_inc/op_common/log/log.h:129:9: note: in expansion of macro 'REPORT_INNER_ERR_MSG'
         REPORT_INNER_ERR_MSG("EZ9999", ##__VA_ARGS__); \
         ^~~~~~~~~~~~~~~~~~~~
/home/y00951989/ops-transformer/attention/incre_flash_attention/op_host/incre_flash_attention_tiling_v2.cpp:758:7: note: in expansion of macro 'OP_LOGE'
       OP_LOGE(ifaContext_->opName, "When inputLayout is TND, the headDims in queryShape[%ld] is not equal to numHeads[%ld] or the headDims in kvShape[%ld] is not equal to numKvHeads[%ld].",
       ^~~~~~~
/home/y00951989/ops-transformer/attention/incre_flash_attention/op_host/incre_flash_attention_tiling_v2.cpp: In member function 'ge::graphStatus optiling::IFATilingV2::CheckLse() const':
/home/y00951989/Ascend_newest/cann/include/base/err_msg.h:67:114: warning: format '%u' expects argument of type 'unsigned int', but argument 9 has type 'int64_t {aka long int}' [-Wformat=]
   (void) error_message::ReportInnerErrMsg(__FILE__, __FUNCTION__, __LINE__, (error_code), (format), ##__VA_ARGS__)
                                                                                                                  ^
/home/y00951989/Ascend_newest/cann/pkg_inc/op_common/log/log.h:239:13: note: in definition of macro 'OP_CHECK_IF'
             log;                                 \
             ^~~
/home/y00951989/Ascend_newest/cann/pkg_inc/op_common/log/log.h:129:9: note: in expansion of macro 'REPORT_INNER_ERR_MSG'
         REPORT_INNER_ERR_MSG("EZ9999", ##__VA_ARGS__); \
         ^~~~~~~~~~~~~~~~~~~~
/home/y00951989/ops-transformer/attention/incre_flash_attention/op_host/incre_flash_attention_tiling_v2.cpp:799:15: note: in expansion of macro 'OP_LOGE'
               OP_LOGE(ifaContext_->opName, "SoftmaxLse shape[%ld, %ld, %ld] does not match TN1[%u, %u, 1]!",
               ^~~~~~~
/home/y00951989/ops-transformer/attention/incre_flash_attention/op_host/incre_flash_attention_tiling_v2.cpp: In member function 'bool optiling::IFATilingV2::GetAndCheckPrefixShape(std::__cxx11::string, gert::Shape, gert::Shape, gert::Shape)':
/home/y00951989/Ascend_newest/cann/include/base/err_msg.h:67:114: warning: format '%u' expects argument of type 'unsigned int', but argument 10 has type 'int64_t {aka long int}' [-Wformat=]
   (void) error_message::ReportInnerErrMsg(__FILE__, __FUNCTION__, __LINE__, (error_code), (format), ##__VA_ARGS__)
                                                                                                                  ^
/home/y00951989/Ascend_newest/cann/pkg_inc/op_common/log/log.h:239:13: note: in definition of macro 'OP_CHECK_IF'
             log;                                 \
             ^~~
/home/y00951989/Ascend_newest/cann/pkg_inc/op_common/log/log.h:129:9: note: in expansion of macro 'REPORT_INNER_ERR_MSG'
         REPORT_INNER_ERR_MSG("EZ9999", ##__VA_ARGS__); \
         ^~~~~~~~~~~~~~~~~~~~
/home/y00951989/ops-transformer/attention/incre_flash_attention/op_host/incre_flash_attention_tiling_v2.cpp:1473:17: note: in expansion of macro 'OP_LOGE'
                 OP_LOGE(ifaContext_->opName, "key shared prefix N(%ld) and D(%ld) / value shared prefix N(%ld) and D(%ld) should be same with KV N(%u) and D(%u)!",
                 ^~~~~~~
/home/y00951989/Ascend_newest/cann/include/base/err_msg.h:67:114: warning: format '%u' expects argument of type 'unsigned int', but argument 11 has type 'int64_t {aka long int}' [-Wformat=]
   (void) error_message::ReportInnerErrMsg(__FILE__, __FUNCTION__, __LINE__, (error_code), (format), ##__VA_ARGS__)
                                                                                                                  ^
/home/y00951989/Ascend_newest/cann/pkg_inc/op_common/log/log.h:239:13: note: in definition of macro 'OP_CHECK_IF'
             log;                                 \
             ^~~
/home/y00951989/Ascend_newest/cann/pkg_inc/op_common/log/log.h:129:9: note: in expansion of macro 'REPORT_INNER_ERR_MSG'
         REPORT_INNER_ERR_MSG("EZ9999", ##__VA_ARGS__); \
         ^~~~~~~~~~~~~~~~~~~~
/home/y00951989/ops-transformer/attention/incre_flash_attention/op_host/incre_flash_attention_tiling_v2.cpp:1473:17: note: in expansion of macro 'OP_LOGE'
                 OP_LOGE(ifaContext_->opName, "key shared prefix N(%ld) and D(%ld) / value shared prefix N(%ld) and D(%ld) should be same with KV N(%u) and D(%u)!",
                 ^~~~~~~
/home/y00951989/ops-transformer/attention/incre_flash_attention/op_host/incre_flash_attention_tiling_v2.cpp: In member function 'bool optiling::IFATilingV2::CheckActualSharedPrefixLen(const gert::Tensor*, gert::Shape, uint32_t)':
/home/y00951989/Ascend_newest/cann/include/base/err_msg.h:67:114: warning: format '%zu' expects argument of type 'size_t', but argument 6 has type 'uint32_t {aka unsigned int}' [-Wformat=]
   (void) error_message::ReportInnerErrMsg(__FILE__, __FUNCTION__, __LINE__, (error_code), (format), ##__VA_ARGS__)
                                                                                                                  ^
/home/y00951989/Ascend_newest/cann/pkg_inc/op_common/log/log.h:239:13: note: in definition of macro 'OP_CHECK_IF'
             log;                                 \
             ^~~
/home/y00951989/Ascend_newest/cann/pkg_inc/op_common/log/log.h:129:9: note: in expansion of macro 'REPORT_INNER_ERR_MSG'
         REPORT_INNER_ERR_MSG("EZ9999", ##__VA_ARGS__); \
         ^~~~~~~~~~~~~~~~~~~~
/home/y00951989/ops-transformer/attention/incre_flash_attention/op_host/incre_flash_attention_tiling_v2.cpp:1516:15: note: in expansion of macro 'OP_LOGE'
               OP_LOGE(ifaContext_->opName, "actualSharedPrefixLen dim num(%zu) should be 1!", actualPrefixlenDim),
               ^~~~~~~
/home/y00951989/Ascend_newest/cann/include/base/err_msg.h:67:114: warning: format '%zu' expects argument of type 'size_t', but argument 6 has type 'uint32_t {aka unsigned int}' [-Wformat=]
   (void) error_message::ReportInnerErrMsg(__FILE__, __FUNCTION__, __LINE__, (error_code), (format), ##__VA_ARGS__)
                                                                                                                  ^
/home/y00951989/Ascend_newest/cann/pkg_inc/op_common/log/log.h:239:13: note: in definition of macro 'OP_CHECK_IF'
             log;                                 \
             ^~~
/home/y00951989/Ascend_newest/cann/pkg_inc/op_common/log/log.h:129:9: note: in expansion of macro 'REPORT_INNER_ERR_MSG'
         REPORT_INNER_ERR_MSG("EZ9999", ##__VA_ARGS__); \
         ^~~~~~~~~~~~~~~~~~~~
/home/y00951989/ops-transformer/attention/incre_flash_attention/op_host/incre_flash_attention_tiling_v2.cpp:1520:15: note: in expansion of macro 'OP_LOGE'
               OP_LOGE(ifaContext_->opName, "actualSharedPrefixLen length(%zu) should be 1!", actualPrefixlenShapeSize),
               ^~~~~~~
/home/y00951989/Ascend_newest/cann/include/base/err_msg.h:67:114: warning: format '%ld' expects argument of type 'long int', but argument 6 has type 'uint32_t {aka unsigned int}' [-Wformat=]
   (void) error_message::ReportInnerErrMsg(__FILE__, __FUNCTION__, __LINE__, (error_code), (format), ##__VA_ARGS__)
                                                                                                                  ^
/home/y00951989/Ascend_newest/cann/pkg_inc/op_common/log/log.h:239:13: note: in definition of macro 'OP_CHECK_IF'
             log;                                 \
             ^~~
/home/y00951989/Ascend_newest/cann/pkg_inc/op_common/log/log.h:129:9: note: in expansion of macro 'REPORT_INNER_ERR_MSG'
         REPORT_INNER_ERR_MSG("EZ9999", ##__VA_ARGS__); \
         ^~~~~~~~~~~~~~~~~~~~
/home/y00951989/ops-transformer/attention/incre_flash_attention/op_host/incre_flash_attention_tiling_v2.cpp:1526:15: note: in expansion of macro 'OP_LOGE'
               OP_LOGE(ifaContext_->opName, "actualSharedPrefixLen(%ld) must be in range[0, %ld]!",
               ^~~~~~~
/home/y00951989/Ascend_newest/cann/include/base/err_msg.h:67:114: warning: format '%ld' expects argument of type 'long int', but argument 7 has type 'uint32_t {aka unsigned int}' [-Wformat=]
   (void) error_message::ReportInnerErrMsg(__FILE__, __FUNCTION__, __LINE__, (error_code), (format), ##__VA_ARGS__)
                                                                                                                  ^
/home/y00951989/Ascend_newest/cann/pkg_inc/op_common/log/log.h:239:13: note: in definition of macro 'OP_CHECK_IF'
             log;                                 \
             ^~~
/home/y00951989/Ascend_newest/cann/pkg_inc/op_common/log/log.h:129:9: note: in expansion of macro 'REPORT_INNER_ERR_MSG'
         REPORT_INNER_ERR_MSG("EZ9999", ##__VA_ARGS__); \
         ^~~~~~~~~~~~~~~~~~~~
/home/y00951989/ops-transformer/attention/incre_flash_attention/op_host/incre_flash_attention_tiling_v2.cpp:1526:15: note: in expansion of macro 'OP_LOGE'
               OP_LOGE(ifaContext_->opName, "actualSharedPrefixLen(%ld) must be in range[0, %ld]!",
               ^~~~~~~
/home/y00951989/ops-transformer/attention/incre_flash_attention/op_host/incre_flash_attention_tiling_v2.cpp: In member function 'ge::graphStatus optiling::IFATilingV2::ProcessQuant2Attribute(const gert::Tensor*)':
/home/y00951989/Ascend_newest/cann/include/base/err_msg.h:67:114: warning: format '%d' expects argument of type 'int', but argument 6 has type 'int64_t {aka long int}' [-Wformat=]
   (void) error_message::ReportInnerErrMsg(__FILE__, __FUNCTION__, __LINE__, (error_code), (format), ##__VA_ARGS__)
                                                                                                                  ^
/home/y00951989/Ascend_newest/cann/pkg_inc/op_common/log/log.h:239:13: note: in definition of macro 'OP_CHECK_IF'
             log;                                 \
             ^~~
/home/y00951989/ops-transformer/common/src/tiling_sink/../../include/err/ops_err.h:24:9: note: in expansion of macro 'REPORT_INNER_ERR_MSG'
         REPORT_INNER_ERR_MSG(ERR_CODE_STR, FMT, ##__VA_ARGS__);                                                        \
         ^~~~~~~~~~~~~~~~~~~~
/home/y00951989/ops-transformer/common/src/tiling_sink/../../include/err/ops_err.h:29:52: note: in expansion of macro 'OPS_INNER_ERR_STUB'
 #define OPS_REPORT_VECTOR_INNER_ERR(OPS_DESC, ...) OPS_INNER_ERR_STUB("E89999", OPS_DESC, __VA_ARGS__)
                                                    ^~~~~~~~~~~~~~~~~~
/home/y00951989/ops-transformer/attention/incre_flash_attention/op_host/incre_flash_attention_tiling_v2.cpp:2197:13: note: in expansion of macro 'OPS_REPORT_VECTOR_INNER_ERR'
             OPS_REPORT_VECTOR_INNER_ERR(ifaContext_->opName,
             ^~~~~~~~~~~~~~~~~~~~~~~~~~~
/home/y00951989/ops-transformer/attention/incre_flash_attention/op_host/incre_flash_attention_tiling_v2.cpp: In member function 'ge::graphStatus optiling::IFATilingV2::GenTilingKey()':
/home/y00951989/ops-transformer/attention/incre_flash_attention/op_host/incre_flash_attention_tiling_v2.cpp:3780:13: warning: variable 'inputQVal' set but not used [-Wunused-but-set-variable]
     uint8_t inputQVal = 0;
             ^~~~~~~~~
/home/y00951989/ops-transformer/attention/incre_flash_attention/op_host/incre_flash_attention_tiling_v2.cpp:3781:13: warning: variable 'inputKvVal' set but not used [-Wunused-but-set-variable]
     uint8_t inputKvVal = 0;
             ^~~~~~~~~~
/home/y00951989/ops-transformer/attention/incre_flash_attention/op_host/incre_flash_attention_tiling_v2.cpp:3782:13: warning: variable 'outputVal' set but not used [-Wunused-but-set-variable]
     uint8_t outputVal = 0;
             ^~~~~~~~~
/home/y00951989/ops-transformer/attention/incre_flash_attention/op_host/incre_flash_attention_tiling.cpp: In member function 'bool optiling::IFATiling::CheckHeadDimensions(int32_t, int32_t, int32_t, int32_t) const':
/home/y00951989/ops-transformer/attention/incre_flash_attention/op_host/incre_flash_attention_tiling.cpp:192:23: warning: comparison between signed and unsigned integer expressions [-Wsign-compare]
     return (numHeads_ == numHeads &&
             ~~~~~~~~~~^~~~~~~~~~~
/home/y00951989/ops-transformer/attention/incre_flash_attention/op_host/incre_flash_attention_tiling.cpp:193:25: warning: comparison between signed and unsigned integer expressions [-Wsign-compare]
             numKvHeads_ == numKvHeads &&
             ~~~~~~~~~~~~^~~~~~~~~~~~~
/home/y00951989/ops-transformer/attention/incre_flash_attention/op_host/incre_flash_attention_tiling.cpp:194:22: warning: comparison between signed and unsigned integer expressions [-Wsign-compare]
             headDim_ == headDim &&
             ~~~~~~~~~^~~~~~~~~~
/home/y00951989/ops-transformer/attention/incre_flash_attention/op_host/incre_flash_attention_tiling.cpp:195:23: warning: comparison between signed and unsigned integer expressions [-Wsign-compare]
             headDimV_ == headDimV);
             ~~~~~~~~~~^~~~~~~~~~~
/home/y00951989/ops-transformer/attention/incre_flash_attention/op_host/incre_flash_attention_tiling.cpp: In member function 'bool optiling::IFATiling::CheckQuantizationFlags(int32_t) const':
/home/y00951989/ops-transformer/attention/incre_flash_attention/op_host/incre_flash_attention_tiling.cpp:202:21: warning: comparison between signed and unsigned integer expressions [-Wsign-compare]
     if (sparseMode_ != sparseMode)
         ~~~~~~~~~~~~^~~~~~~~~~~~~
/home/y00951989/ops-transformer/attention/incre_flash_attention/op_host/incre_flash_attention_tiling.cpp: In member function 'ge::graphStatus optiling::IFATiling::SplitBalancedFd()':
/home/y00951989/ops-transformer/attention/incre_flash_attention/op_host/incre_flash_attention_tiling.cpp:2241:19: warning: unused variable 'balanceFDCoreS1Arr' [-Wunused-variable]
         uint32_t *balanceFDCoreS1Arr = tilingDataMla_.tndSplitCoreParams.get_balanceFDCoreS1Arr();
                   ^~~~~~~~~~~~~~~~~~
/home/y00951989/ops-transformer/attention/incre_flash_attention/op_host/incre_flash_attention_tiling.cpp: At global scope:
/home/y00951989/ops-transformer/attention/incre_flash_attention/op_host/incre_flash_attention_tiling.cpp:3802:13: warning: 'void optiling::PFAConvertAttrs(optiling::ContextParamsForPFATiling&, const gert::RuntimeAttrs*)' defined but not used [-Wunused-function]
 static void PFAConvertAttrs(ContextParamsForPFATiling &contextKeyParams, const gert::RuntimeAttrs *attrs)
             ^~~~~~~~~~~~~~~
/home/y00951989/ops-transformer/attention/incre_flash_attention/op_host/incre_flash_attention_tiling.cpp:3785:13: warning: 'void optiling::PFAConvertInputShapes(optiling::ContextParamsForPFATiling&, const gert::TilingContext*)' defined but not used [-Wunused-function]
 static void PFAConvertInputShapes(ContextParamsForPFATiling &contextKeyParams, const gert::TilingContext *context)
             ^~~~~~~~~~~~~~~~~~~~~
/home/y00951989/ops-transformer/attention/incre_flash_attention/op_host/incre_flash_attention_tiling.cpp:3761:13: warning: 'void optiling::PFAConvertDataTypes(optiling::ContextParamsForPFATiling&, const gert::TilingContext*)' defined but not used [-Wunused-function]
 static void PFAConvertDataTypes(ContextParamsForPFATiling &contextKeyParams, const gert::TilingContext *context)
             ^~~~~~~~~~~~~~~~~~~
/home/y00951989/ops-transformer/attention/incre_flash_attention/op_host/incre_flash_attention_tiling.cpp:3750:13: warning: 'void optiling::PFAConvertOptionalInputTensor(optiling::ContextParamsForPFATiling&, const gert::TilingContext*)' defined but not used [-Wunused-function]
 static void PFAConvertOptionalInputTensor(ContextParamsForPFATiling &contextKeyParams, const gert::TilingContext *context)
             ^~~~~~~~~~~~~~~~~~~~~~~~~~~~~
master.dir/home/y00951989/ops-transformer/attention/fused_infer_attention_score/op_host/arch35/fused_infer_attention_score_tiling_v2.cpp.o
[2026-02-09 09:57:09] [ 86%] Building CXX object CMakeFiles/opmaster.dir/home/y00951989/ops-transformer/attention/incre_flash_attention/op_host/incre_flash_attention_tiling.cpp.o
[2026-02-09 09:57:09] [ 86%] Building CXX object CMakeFiles/opmaster.dir/home/y00951989/ops-transformer/attention/prompt_flash_attention/op_host/prompt_flash_attention_tiling_arch38.cpp.o
[2026-02-09 09:57:09] [ 91%] Building CXX object CMakeFiles/opmaster.dir/home/y00951989/ops-transformer/attention/incre_flash_attention/op_host/incre_flash_attention_tiling_check.cpp.o
[2026-02-09 09:57:09] [ 95%] Building CXX object CMakeFiles/opmaster.dir/tiling_sink_registry.cpp.o
[2026-02-09 09:57:09] [100%] Linking CXX shared library libcust_opmaster.so
[2026-02-09 09:57:09] -- [download 1% complete]
[2026-02-09 09:57:09] -- [download 2% complete]
[2026-02-09 09:57:09] -- [download 3% complete]
[2026-02-09 09:57:09] -- [download 4% complete]
[2026-02-09 09:57:09] -- [download 5% complete]
[2026-02-09 09:57:09] -- [download 6% complete]
[2026-02-09 09:57:09] -- [download 7% complete]
[2026-02-09 09:57:09] -- [download 8% complete]
[2026-02-09 09:57:09] -- [download 9% complete]
[2026-02-09 09:57:09] -- [download 10% complete]
[2026-02-09 09:57:09] -- [download 11% complete]
[2026-02-09 09:57:09] -- [download 12% complete]
[2026-02-09 09:57:09] -- [download 13% complete]
[2026-02-09 09:57:09] -- [download 14% complete]
[2026-02-09 09:57:09] -- [download 15% complete]
[2026-02-09 09:57:09] -- [download 16% complete]
[2026-02-09 09:57:09] -- [download 17% complete]
[2026-02-09 09:57:09] -- [download 18% complete]
[2026-02-09 09:57:09] -- [download 19% complete]
[2026-02-09 09:57:09] -- [download 20% complete]
[2026-02-09 09:57:09] -- [download 21% complete]
[2026-02-09 09:57:09] [100%] Built target opmaster
[2026-02-09 09:57:09] [ 80%] No install step for 'tiling_sink_task'
[2026-02-09 09:57:09] [ 81%] Completed 'tiling_sink_task'
[2026-02-09 09:57:09] -- [download 22% complete]
[2026-02-09 09:57:09] -- [download 23% complete]
[2026-02-09 09:57:09] [ 81%] Built target tiling_sink_task
[2026-02-09 09:57:09] -- [download 24% complete]
[2026-02-09 09:57:09] -- [download 25% complete]
[2026-02-09 09:57:09] -- [download 26% complete]
[2026-02-09 09:57:09] -- [download 27% complete]
[2026-02-09 09:57:09] -- [download 28% complete]
[2026-02-09 09:57:09] -- [download 29% complete]
[2026-02-09 09:57:09] -- [download 30% complete]
[2026-02-09 09:57:09] -- [download 31% complete]
[2026-02-09 09:57:09] -- [download 32% complete]
[2026-02-09 09:57:09] -- [download 33% complete]
[2026-02-09 09:57:09] -- [download 34% complete]
[2026-02-09 09:57:09] -- [download 35% complete]
[2026-02-09 09:57:09] -- [download 36% complete]
[2026-02-09 09:57:09] -- [download 37% complete]
[2026-02-09 09:57:09] -- [download 38% complete]
[2026-02-09 09:57:09] -- [download 39% complete]
[2026-02-09 09:57:09] -- [download 40% complete]
[2026-02-09 09:57:09] -- [download 41% complete]
[2026-02-09 09:57:09] -- [download 42% complete]
[2026-02-09 09:57:09] -- [download 43% complete]
[2026-02-09 09:57:09] -- [download 44% complete]
[2026-02-09 09:57:09] -- [download 45% complete]
[2026-02-09 09:57:09] -- Configuring done (0.7s)
[2026-02-09 09:57:09] -- [download 46% complete]
[2026-02-09 09:57:09] -- [download 47% complete]
[2026-02-09 09:57:09] -- [download 48% complete]
[2026-02-09 09:57:09] -- [download 49% complete]
[2026-02-09 09:57:09] -- [download 50% complete]
[2026-02-09 09:57:09] -- [download 51% complete]
[2026-02-09 09:57:09] -- [download 52% complete]
[2026-02-09 09:57:09] -- [download 53% complete]
[2026-02-09 09:57:09] -- [download 54% complete]
[2026-02-09 09:57:09] -- [download 55% complete]
[2026-02-09 09:57:09] -- [download 56% complete]
[2026-02-09 09:57:09] -- [download 57% complete]
[2026-02-09 09:57:09] -- [download 58% complete]
[2026-02-09 09:57:09] -- [download 59% complete]
[2026-02-09 09:57:09] -- [download 60% complete]
[2026-02-09 0In file included from /home/y00951989/ops-transformer/mc2/moe_distribute_combine_v2/op_api/aclnn_moe_distribute_combine_v2_base.cpp:27:
/home/y00951989/Ascend_newest/cann/include/hccl/hccl_comm.h:127:19: warning: redundant redeclaration of ‘HcclResult HcclGetRankSize(HcclComm, uint32_t*)’ in same scope [-Wredundant-decls]
  127 | extern HcclResult HcclGetRankSize(HcclComm comm, uint32_t *rankSize) HCOMM_WEAK_SYMBOL;
      |                   ^~~~~~~~~~~~~~~
In file included from /home/y00951989/Ascend_newest/cann/x86_64-linux/pkg_inc/hccl/hcom.h:22,
                 from /home/y00951989/ops-transformer/mc2/moe_distribute_combine_v2/op_api/aclnn_moe_distribute_combine_v2_base.cpp:25:
/home/y00951989/Ascend_newest/cann/include/hccl/hccl_rank_graph.h:134:19: note: previous declaration of ‘HcclResult HcclGetRankSize(HcclComm, uint32_t*)’
  134 | extern HcclResult HcclGetRankSize(HcclComm comm, uint32_t *rankSize);
      |                   ^~~~~~~~~~~~~~~
In file included from /home/y00951989/ops-transformer/mc2/moe_distribute_combine_v2/op_api/aclnn_moe_distribute_combine_v2_base.cpp:27:
/home/y00951989/Ascend_newest/cann/include/hccl/hccl_comm.h:136:19: warning: redundant redeclaration of ‘HcclResult HcclGetRankId(HcclComm, uint32_t*)’ in same scope [-Wredundant-decls]
  136 | extern HcclResult HcclGetRankId(HcclComm comm, uint32_t *rank) HCOMM_WEAK_SYMBOL;
      |                   ^~~~~~~~~~~~~
In file included from /home/y00951989/Ascend_newest/cann/x86_64-linux/pkg_inc/hccl/hcom.h:22,
                 from /home/y00951989/ops-transformer/mc2/moe_distribute_combine_v2/op_api/aclnn_moe_distribute_combine_v2_base.cpp:25:
/home/y00951989/Ascend_newest/cann/include/hccl/hccl_rank_graph.h:120:19: note: previous declaration of ‘HcclResult HcclGetRankId(HcclComm, uint32_t*)’
  120 | extern HcclResult HcclGetRankId(HcclComm comm, uint32_t *rank);
      |                   ^~~~~~~~~~~~~
In file included from /home/y00951989/Ascend_newest/cann/x86_64-linux/include/aclnn/opdev/pool_allocator.h:18,
                 from /home/y00951989/Ascend_newest/cann/x86_64-linux/include/aclnn/opdev/fast_vector.h:14,
                 from /home/y00951989/Ascend_newest/cann/x86_64-linux/include/aclnn/opdev/common_types.h:22,
                 from /home/y00951989/ops-transformer/mc2/common/inc/op_mc2_def.h:21,
                 from /home/y00951989/ops-transformer/mc2/moe_distribute_combine_v2/op_api/aclnn_moe_distribute_combine_v2_base.cpp:19:
/home/y00951989/ops-transformer/mc2/moe_distribute_combine_v2/op_api/aclnn_moe_distribute_combine_v2_base.cpp: In function ‘aclnnStatus {anonymous}::CheckHccl(HcclResult, aclnnStatus, const char*)’:
/home/y00951989/ops-transformer/mc2/moe_distribute_combine_v2/op_api/aclnn_moe_distribute_combine_v2_base.cpp:75:22: error: expected ‘)’ before ‘msg’
   75 |         OP_LOGE(err, msg);
      |                      ^~~
/home/y00951989/ops-transformer/mc2/moe_distribute_combine_v2/op_api/aclnn_moe_distribute_combine_v2_base.cpp:75:9: note: to match this ‘(’
   75 |         OP_LOGE(err, msg);
      |         ^~~~~~~
/home/y00951989/ops-transformer/mc2/moe_distribute_combine_v2/op_api/aclnn_moe_distribute_combine_v2_base.cpp: In function ‘aclnnStatus DetectTopoType(HcclComm, int64_t, int64_t, uint32_t&)’:
/home/y00951989/ops-transformer/mc2/moe_distribute_combine_v2/op_api/aclnn_moe_distribute_combine_v2_base.cpp:141:22: error: ‘HcclGetNeyLayers’ was not declared in this scope
  141 |     HcclResult res = HcclGetNeyLayers(hcclHandle, &netLayers, netLayerNum);
      |                      ^~~~~~~~~~~~~~~~
/home/y00951989/ops-transformer/mc2/moe_distribute_combine_v2/op_api/aclnn_moe_distribute_combine_v2_base.cpp:136:57: warning: unused parameter ‘epRankId’ [-Wunused-parameter]
  136 | aclnnStatus DetectTopoType(HcclComm hcclHandle, int64_t epRankId, int64_t epRankSize, uint32_t &topoTypeOut)
      |                                                 ~~~~~~~~^~~~~~~~
/home/y00951989/ops-transformer/mc2/moe_distribute_combine_v2/op_api/aclnn_moe_distribute_combine_v2_base.cpp: In function ‘aclnnStatus BuildMc2Context(const char*, int64_t, void*&, aclTensor*&, uint32_t&, int64_t&)’:
/home/y00951989/ops-transformer/mc2/moe_distribute_combine_v2/op_api/aclnn_moe_distribute_combine_v2_base.cpp:175:9: error: ‘Mc2MoeContext’ was not declared in this scope; did you mean ‘Mc2Moe::Mc2MoeContext’?
  175 |         Mc2MoeContext mc2Context{};
      |         ^~~~~~~~~~~~~
      |         Mc2Moe::Mc2MoeContext
In file included from /home/y00951989/ops-transformer/mc2/moe_distribute_combine_v2/op_api/aclnn_moe_distribute_combine_v2_base.cpp:28:
/home/y00951989/ops-transformer/mc2/common/inc/mc2_moe_struct.h:22:8: note: ‘Mc2Moe::Mc2MoeContext’ declared here
   22 | struct Mc2MoeContext {
      |        ^~~~~~~~~~~~~
/home/y00951989/ops-transformer/mc2/moe_distribute_combine_v2/op_api/aclnn_moe_distribute_combine_v2_base.cpp:176:42: error: ‘mc2Context’ was not declared in this scope; did you mean ‘aclrtContext’?
  176 |         res = HcclGetRankId(hcclHandle, &mc2Context.epRankId);
      |                                          ^~~~~~~~~~
      |                                          aclrtContext
/home/y00951989/ops-transformer/mc2/moe_distribute_combine_v2/op_api/aclnn_moe_distribute_combine_v2_base.cpp:191:9: error: ‘ret’ was not declared in this scope; did you mean ‘res’?
  191 |         ret = HcclEngineCtxCreate(hcclHandle, mc2CtxTag.c_str(), commEngine, sizeof(Mc2MoeContext), &devCtx);
      |         ^~~
      |         res
/home/y00951989/ops-transformer/mc2/moe_distribute_combine_v2/op_api/aclnn_moe_distribute_combine_v2_base.cpp:195:58: error: invalid conversion from ‘int64_t*’ {aka ‘long int*’} to ‘uint64_t*’ {aka ‘long unsigned int*’} [-fpermissive]
  195 |         res = HcclGetHcclBuffer(hcclHandle, &hcclBuffer, &hcclBuffSize);
      |                                                          ^~~~~~~~~~~~~
      |                                                          |
      |                                                          int64_t* {aka long int*}
In file included from /home/y00951989/Ascend_newest/cann/include/hccl/hccl_rank_graph.h:16,
                 from /home/y00951989/Ascend_newest/cann/x86_64-linux/pkg_inc/hccl/hcom.h:22,
                 from /home/y00951989/ops-transformer/mc2/moe_distribute_combine_v2/op_api/aclnn_moe_distribute_combine_v2_base.cpp:25:
/home/y00951989/Ascend_newest/cann/include/hccl/hccl_res.h:256:77: note:   initializing argument 3 of ‘HcclResult HcclGetHcclBuffer(HcclComm, void**, uint64_t*)’
  256 | extern HcclResult HcclGetHcclBuffer(HcclComm comm, void **buffer, uint64_t *size);
      |                                                                   ~~~~~~~~~~^~~~
/home/y00951989/ops-transformer/mc2/moe_distribute_combine_v2/op_api/aclnn_moe_distribute_combine_v2_base.cpp:197:35: error: ‘HCCL_HOST_KFC_MAX_RANK_NUM’ was not declared in this scope; did you mean ‘Mc2Moe::HCCL_HOST_KFC_MAX_RANK_NUM’?
  197 |         if (mc2Context.epRankId < HCCL_HOST_KFC_MAX_RANK_NUM) {
      |                                   ^~~~~~~~~~~~~~~~~~~~~~~~~~
      |                                   Mc2Moe::HCCL_HOST_KFC_MAX_RANK_NUM
In file included from /home/y00951989/ops-transformer/mc2/moe_distribute_combine_v2/op_api/aclnn_moe_distribute_combine_v2_base.cpp:28:
/home/y00951989/ops-transformer/mc2/common/inc/mc2_moe_struct.h:20:20: note: ‘Mc2Moe::HCCL_HOST_KFC_MAX_RANK_NUM’ declared here
   20 | constexpr uint32_t HCCL_HOST_KFC_MAX_RANK_NUM = 64;
      |                    ^~~~~~~~~~~~~~~~~~~~~~~~~~
/home/y00951989/ops-transformer/mc2/moe_distribute_combine_v2/op_api/aclnn_moe_distribute_combine_v2_base.cpp:210:46: error: invalid conversion from ‘long unsigned int*’ to ‘uint32_t’ {aka ‘unsigned int’} [-fpermissive]
  210 |             res = HcclChannelDescInit(descs, ch);
      |                                              ^~
      |                                              |
      |                                              long unsigned int*
In file included from /home/y00951989/Ascend_newest/cann/include/hccl/hccl_rank_graph.h:16,
                 from /home/y00951989/Ascend_newest/cann/x86_64-linux/pkg_inc/hccl/hcom.h:22,
                 from /home/y00951989/ops-transformer/mc2/moe_distribute_combine_v2/op_api/aclnn_moe_distribute_combine_v2_base.cpp:25:
/home/y00951989/Ascend_newest/cann/include/hccl/hccl_res.h:211:78: note:   initializing argument 2 of ‘HcclResult HcclChannelDescInit(HcclChannelDesc*, uint32_t)’
  211 | inline HcclResult HcclChannelDescInit(HcclChannelDesc *channelDesc, uint32_t descNum)
      |                                                                     ~~~~~~~~~^~~~~~~
/home/y00951989/ops-transformer/mc2/moe_distribute_combine_v2/op_api/aclnn_moe_distribute_combine_v2_base.cpp:238:34: error: ‘HCCL_HOST_KFC_MAX_RANK_NUM’ was not declared in this scope; did you mean ‘Mc2Moe::HCCL_HOST_KFC_MAX_RANK_NUM’?
  238 |                 if (remoteRank < HCCL_HOST_KFC_MAX_RANK_NUM) {
      |                                  ^~~~~~~~~~~~~~~~~~~~~~~~~~
      |                                  Mc2Moe::HCCL_HOST_KFC_MAX_RANK_NUM
In file included from /home/y00951989/ops-transformer/mc2/moe_distribute_combine_v2/op_api/aclnn_moe_distribute_combine_v2_base.cpp:28:
/home/y00951989/ops-transformer/mc2/common/inc/mc2_moe_struct.h:20:20: note: ‘Mc2Moe::HCCL_HOST_KFC_MAX_RANK_NUM’ declared here
   20 | constexpr uint32_t HCCL_HOST_KFC_MAX_RANK_NUM = 64;
      |                    ^~~~~~~~~~~~~~~~~~~~~~~~~~
/home/y00951989/ops-transformer/mc2/moe_distribute_combine_v2/op_api/aclnn_moe_distribute_combine_v2_base.cpp:250:29: error: ‘Mc2MoeContext’ was not declared in this scope; did you mean ‘Mc2Moe::Mc2MoeContext’?
  250 |     uint64_t bytes = sizeof(Mc2MoeContext);
      |                             ^~~~~~~~~~~~~
      |                             Mc2Moe::Mc2MoeContext
In file included from /home/y00951989/ops-transformer/mc2/moe_distribute_combine_v2/op_api/aclnn_moe_distribute_combine_v2_base.cpp:28:
/home/y00951989/ops-transformer/mc2/common/inc/mc2_moe_struct.h:22:8: note: ‘Mc2Moe::Mc2MoeContext’ declared here
   22 | struct Mc2MoeContext {
      |        ^~~~~~~~~~~~~
/home/y00951989/ops-transformer/mc2/moe_distribute_combine_v2/op_api/aclnn_moe_distribute_combine_v2_base.cpp:254:33: error: expected ‘)’ before ‘aclDataType’
  254 |         aclCreateTensor(shape, 1 aclDataType::ACL_UINT32, strides, 0, aclFormat::ACL_FORMAT_ND, shape, 1, devCtx);
      |                        ~        ^~~~~~~~~~~~
      |                                 )
/home/y00951989/ops-transformer/mc2/moe_distribute_combine_v2/op_api/aclnn_moe_distribute_combine_v2_base.cpp:254:59: error: cannot convert ‘int64_t*’ {aka ‘long int*’} to ‘aclDataType’
  254 |         aclCreateTensor(shape, 1 aclDataType::ACL_UINT32, strides, 0, aclFormat::ACL_FORMAT_ND, shape, 1, devCtx);
      |                                                           ^~~~~~~
      |                                                           |
      |                                                           int64_t* {aka long int*}
In file included from /home/y00951989/Ascend_newest/cann/include/aclnn/aclnn_base.h:16,
                 from /home/y00951989/Ascend_newest/cann/x86_64-linux/include/aclnn/opdev/op_def.h:18,
                 from /home/y00951989/Ascend_newest/cann/x86_64-linux/include/aclnn/opdev/common_types.h:26,
                 from /home/y00951989/ops-transformer/mc2/common/inc/op_mc2_def.h:21,
                 from /home/y00951989/ops-transformer/mc2/moe_distribute_combine_v2/op_api/aclnn_moe_distribute_combine_v2_base.cpp:19:
/home/y00951989/Ascend_newest/cann/include/aclnn/acl_meta.h:62:107: note:   initializing argument 3 of ‘aclTensor* aclCreateTensor(const int64_t*, uint64_t, aclDataType, const int64_t*, int64_t, aclFormat, const int64_t*, uint64_t, void*)’
   62 | ACL_FUNC_VISIBILITY aclTensor *aclCreateTensor(const int64_t *viewDims, uint64_t viewDimsNum, aclDataType dataType,
      |                                                                                               ~~~~~~~~~~~~^~~~~~~~
/home/y00951989/ops-transformer/mc2/moe_distribute_combine_v2/op_api/aclnn_moe_distribute_combine_v2_base.cpp: In function ‘aclnnStatus aclnnMoeDistributeCombineBaseGetWorkspaceSize(const aclTensor*, const aclTensor*, const aclTensor*, const aclTensor*, const aclTensor*, const aclTensor*, const aclTensor*, const aclTensor*, const aclTensor*, const aclTensor*, const aclTensor*, const aclTensor*, const aclTensor*, const aclTensor*, const aclTensor*, const aclTensor*, const aclTensor*, const aclTensor*, const char*, int64_t, int64_t, int64_t, const char*, int64_t, int64_t, int64_t, int64_t, int64_t, int64_t, int64_t, int64_t, int64_t, const char*, int64_t, int64_t, int64_t, aclTensor*, uint64_t*, aclOpExecutor**)’:
/home/y00951989/ops-transformer/mc2/moe_distribute_combine_v2/op_api/aclnn_moe_distribute_combine_v2_base.cpp:290:11: error: assignment of read-only variable ‘{anonymous}::isCcu’
  290 |     isCcu = (commAlg != nullptr && std::strcmp(commAlg, "ccu") == 0);
      |     ~~~~~~^~~~~~~~~~~~~~~~~~~~~~~~~~~~~~~~~~~~~~~~~~~~~~~~~~~~~~~~~~
/home/y00951989/ops-transformer/mc2/moe_distribute_combine_v2/op_api/aclnn_moe_distribute_combine_v2_base.cpp:293:20: warning: declaration of ‘mc2Context’ shadows a previous local [-Wshadow]
  293 |         aclTensor *mc2Context = nullptr;
      |                    ^~~~~~~~~~
/home/y00951989/ops-transformer/mc2/moe_distribute_combine_v2/op_api/aclnn_moe_distribute_combine_v2_base.cpp:282:22: note: shadowed declaration is here
  282 |     const aclTensor *mc2Context = nullptr;
      |                      ^~~~~~~~~~
/home/y00951989/ops-transformer/mc2/moe_distribute_combine_v2/op_api/aclnn_moe_distribute_combine_v2_base.cpp:297:80: error: cannot bind non-const lvalue reference of type ‘uint32_t&’ {aka ‘unsigned int&’} to an rvalue of type ‘uint32_t’ {aka ‘unsigned int’}
  297 |         auto resBuild = BuildMc2Context(groupEp, epRankId, devCtx, mc2Context, topoType, hcclBuffSize);
      |                                                                                ^~~~~~~~
/home/y00951989/ops-transformer/mc2/moe_distribute_combine_v2/op_api/aclnn_moe_distribute_combine_v2_base.cpp:164:39: note:   initializing argument 5 of ‘aclnnStatus BuildMc2Context(const char*, int64_t, void*&, aclTensor*&, uint32_t&, int64_t&)’
  164 |                             uint32_t &topoTypeOut, int64_t &hcclBuffSize)
      |                             ~~~~~~~~~~^~~~~~~~~~~
/home/y00951989/ops-transformer/mc2/moe_distribute_combine_v2/op_api/aclnn_moe_distribute_combine_v2_base.cpp:282:22: warning: unused variable ‘mc2Context’ [-Wunused-variable]
  282 |     const aclTensor *mc2Context = nullptr;
      |                      ^~~~~~~~~~
/home/y00951989/ops-transformer/mc2/moe_distribute_combine_v2/op_api/aclnn_moe_distribute_combine_v2_base.cpp: In function ‘aclnnStatus aclnnMoeDistributeCombineBase(void*, uint64_t, aclOpExecutor*, aclrtStream)’:
/home/y00951989/ops-transformer/mc2/moe_distribute_combine_v2/op_api/aclnn_moe_distribute_combine_v2_base.cpp:342:32: error: ‘aclnnInnerMoeDistributeCombineV2Extend’ was not declared in this scope; did you mean ‘aclnnInnerMoeDistributeCombineV2Extned’?
  342 |         getWorkspaceSizesRes = aclnnInnerMoeDistributeCombineV2Extend(workspace, workspaceSize, executor, stream);
      |                                ^~~~~~~~~~~~~~~~~~~~~~~~~~~~~~~~~~~~~~
      |                                aclnnInnerMoeDistributeCombineV2Extned
/home/y00951989/ops-transformer/mc2/moe_distribute_combine_v2/op_api/aclnn_moe_distribute_combine_v2_base.cpp:338:23: warning: unused variable ‘is910B’ [-Wunused-variable]
  338 |     const static bool is910B = GetCurrentPlatformInfo().GetSocVersion() == SocVersion::ASCEND910B;
      |                       ^~~~~~
make[2]: *** [mc2/moe_distribute_combine_v2/op_host/CMakeFiles/ophost_transformer_opapi_obj.dir/build.make:90: mc2/moe_distribute_combine_v2/op_host/CMakeFiles/ophost_transformer_opapi_obj.dir/__/op_api/aclnn_moe_distribute_combine_v2_base.cpp.o] Error 1
make[1]: *** [CMakeFiles/Makefile2:1545: mc2/moe_distribute_combine_v2/op_host/CMakeFiles/ophost_transformer_opapi_obj.dir/all] Error 2
make[1]: *** Waiting for unfinished jobs....
CMake Warning:
  Manually-specified variables were not used by the project:

    CMAKE_CXX_LDFLAGS


9:57:09] -- [download 61% complete]
[2026-02-09 09:57:09] -- [download 62% complete]
[2026-02-09 09:57:09] -- [download 63% complete]
[2026-02-09 09:57:09] -- [download 64% complete]
[2026-02-09 09:57:09] -- [download 65% complete]
[2026-02-09 09:57:09] -- [download 66% complete]
[2026-02-09 09:57:09] -- [download 67% complete]
[2026-02-09 09:57:09] -- [download 68% complete]
[2026-02-09 09:57:09] -- [download 69% complete]
[2026-02-09 09:57:09] -- [download 70% complete]
[2026-02-09 09:57:09] -- [download 71% complete]
[2026-02-09 09:57:09] -- [download 72% complete]
[2026-02-09 09:57:09] -- Generating done (0.2s)
[2026-02-09 09:57:09] -- [download 73% complete]
[2026-02-09 09:57:09] -- Build files have been written to: /home/y00951989/ops-transformer/build/ascend_protobuf_build_transformer-prefix/src/ascend_protobuf_build_transformer-build
[2026-02-09 09:57:09] -- [download 74% complete]
[2026-02-09 09:57:09] -- [download 75% complete]
[2026-02-09 09:57:09] -- [download 76% complete]
[2026-02-09 09:57:09] [ 81%] Performing build step for 'ascend_protobuf_build_transformer'
[2026-02-09 09:57:09] -- [download 77% complete]
[2026-02-09 09:57:09] -- [download 78% complete]
[2026-02-09 09:57:09] [  0%] Building CXX object third_party/abseil-cpp/absl/numeric/CMakeFiles/int128.dir/int128.cc.o
[2026-02-09 09:57:09] [  0%] Building CXX object third_party/abseil-cpp/absl/profiling/CMakeFiles/exponential_biased.dir/internal/exponential_biased.cc.o
[2026-02-09 09:57:09] [  1%] Building CXX object third_party/abseil-cpp/absl/base/CMakeFiles/log_severity.dir/log_severity.cc.o
[2026-02-09 09:57:09] [  1%] Building CXX object third_party/abseil-cpp/absl/time/CMakeFiles/civil_time.dir/internal/cctz/src/civil_time_detail.cc.o
[2026-02-09 09:57:09] [  2%] Building CXX object third_party/abseil-cpp/absl/log/CMakeFiles/log_internal_nullguard.dir/internal/nullguard.cc.o
[2026-02-09 09:57:09] [  2%] Building CXX object third_party/abseil-cpp/absl/debugging/CMakeFiles/leak_check.dir/leak_check.cc.o
[2026-02-09 09:57:09] [  2%] Building CXX object third_party/abseil-cpp/absl/base/CMakeFiles/spinlock_wait.dir/internal/spinlock_wait.cc.o
[2026-02-09 09:57:09] [  2%] Building CXX object third_party/abseil-cpp/absl/time/CMakeFiles/time_zone.dir/internal/cctz/src/time_zone_impl.cc.o
[2026-02-09 09:57:09] -- [download 79% complete]
[2026-02-09 09:57:09] [  2%] Building CXX object third_party/abseil-cpp/absl/flags/CMakeFiles/flags_commandlineflag_internal.dir/internal/commandlineflag.cc.o
[2026-02-09 09:57:09] [  2%] Building CXX object third_party/abseil-cpp/absl/time/CMakeFiles/time_zone.dir/internal/cctz/src/time_zone_fixed.cc.o
[2026-02-09 09:57:09] [  2%] Building CXX object third_party/abseil-cpp/absl/time/CMakeFiles/time_zone.dir/internal/cctz/src/time_zone_format.cc.o
[2026-02-09 09:57:09] [  3%] Building CXX object third_party/abseil-cpp/absl/random/CMakeFiles/random_seed_gen_exception.dir/seed_gen_exception.cc.o
[2026-02-09 09:57:09] [  3%] Building C object third_party/utf8_range/CMakeFiles/utf8_range.dir/naive.c.o
[2026-02-09 09:57:09] [  4%] Building CXX object third_party/abseil-cpp/absl/time/CMakeFiles/time_zone.dir/internal/cctz/src/time_zone_if.cc.o
[2026-02-09 09:57:09] [  4%] Building CXX object third_party/abseil-cpp/absl/time/CMakeFiles/time_zone.dir/internal/cctz/src/time_zone_info.cc.o
[2026-02-09 09:57:09] [  5%] Building C object third_party/utf8_range/CMakeFiles/utf8_range.dir/range2-neon.c.o
[2026-02-09 09:57:09] [  5%] Building CXX object third_party/abseil-cpp/absl/base/CMakeFiles/strerror.dir/internal/strerror.cc.o
[2026-02-09 09:57:09] [  5%] Building CXX object third_party/abseil-cpp/absl/random/CMakeFiles/random_internal_platform.dir/internal/randen_round_keys.cc.o
[2026-02-09 09:57:09] [  6%] Building CXX object third_party/abseil-cpp/absl/time/CMakeFiles/time_zone.dir/internal/cctz/src/time_zone_libc.cc.o
[2026-02-09 09:57:09] [  6%] Building CXX object third_party/abseil-cpp/absl/time/CMakeFiles/time_zone.dir/internal/cctz/src/time_zone_lookup.cc.o
[2026-02-09 09:57:09] [  6%] Building C object third_party/utf8_range/CMakeFiles/utf8_range.dir/range2-sse.c.o
[2026-02-09 09:57:09] [  6%] Building CXX object third_party/abseil-cpp/absl/time/CMakeFiles/time_zone.dir/internal/cctz/src/time_zone_posix.cc.o
[2026-02-09 09:57:09] [  6%] Building CXX object third_party/abseil-cpp/absl/time/CMakeFiles/time_zone.dir/internal/cctz/src/zone_info_source.cc.o
[2026-02-09 09:57:09] -- [download 80% complete]
[2026-02-09 09:57:09] -- [download 81% complete]
[2026-02-09 09:57:09] [  7%] Linking CXX static library libabsl_exponential_biased.a
[2026-02-09 09:57:09] [  7%] Linking CXX static library libabsl_leak_check.a
[2026-02-09 09:57:09] [  7%] Linking CXX static library libabsl_log_severity.a
[2026-02-09 09:57:09] [  7%] Linking CXX static library libabsl_spinlock_wait.a
[2026-02-09 09:57:09] [  7%] Linking CXX static library libabsl_civil_time.a
[2026-02-09 09:57:09] [  7%] Linking CXX static library libabsl_flags_commandlineflag_internal.a
[2026-02-09 09:57:09] [  7%] Linking C static library libutf8_range.a
[2026-02-09 09:57:09] [  7%] Linking CXX static library libabsl_strerror.a
[2026-02-09 09:57:09] [  8%] Linking CXX static library libabsl_random_internal_platform.a
[2026-02-09 09:57:09] [  8%] Linking CXX static library libabsl_int128.a
[2026-02-09 09:57:09] [  8%] Linking CXX static library libabsl_log_internal_nullguard.a
[2026-02-09 09:57:09] [  8%] Linking CXX static library libabsl_random_seed_gen_exception.a
[2026-02-09 09:57:09] [  8%] Linking CXX static library libabsl_time_zone.a
[2026-02-09 09:57:09] [  8%] Built target exponential_biased
[2026-02-09 09:57:09] -- [download 82% complete]
[2026-02-09 09:57:09] [  8%] Built target spinlock_wait
[2026-02-09 09:57:09] [  8%] Built target civil_time
[2026-02-09 09:57:09] [  8%] Built target leak_check
[2026-02-09 09:57:09] [  8%] Built target random_internal_platform
[2026-02-09 09:57:09] -- [download 83% complete]
[2026-02-09 09:57:09] [  8%] Built target flags_commandlineflag_internal
[2026-02-09 09:57:09] [  8%] Built target utf8_range
[2026-02-09 09:57:09] [  8%] Built target log_severity
[2026-02-09 09:57:09] [  8%] Built target log_internal_nullguard
[2026-02-09 09:57:09] [  8%] Built target int128
[2026-02-09 09:57:09] [  8%] Built target random_seed_gen_exception
[2026-02-09 09:57:09] [  8%] Built target strerror
[2026-02-09 09:57:09] [  8%] Building CXX object third_party/abseil-cpp/absl/profiling/CMakeFiles/periodic_sampler.dir/internal/periodic_sampler.cc.o
[2026-02-09 09:57:09] [  8%] Built target time_zone
[2026-02-09 09:57:09] [  9%] Building CXX object third_party/abseil-cpp/absl/random/CMakeFiles/random_internal_randen_slow.dir/internal/randen_slow.cc.o
[2026-02-09 09:57:09] [  9%] Building CXX object third_party/abseil-cpp/absl/base/CMakeFiles/raw_logging_internal.dir/internal/raw_logging.cc.o
[2026-02-09 09:57:09] [  9%] Building CXX object third_party/abseil-cpp/absl/random/CMakeFiles/random_internal_randen_hwaes_impl.dir/internal/randen_hwaes.cc.o
[2026-02-09 09:57:09] [ 10%] Linking CXX static library libabsl_periodic_sampler.a
[2026-02-09 09:57:09] [ 10%] Linking CXX static library libabsl_random_internal_randen_slow.a
[2026-02-09 09:57:09] -- [download 84% complete]
[2026-02-09 09:57:09] [ 10%] Linking CXX static library libabsl_raw_logging_internal.a
[2026-02-09 09:57:09] [ 10%] Linking CXX static library libabsl_random_internal_randen_hwaes_impl.a
[2026-02-09 09:57:09] -- [download 85% complete]
[2026-02-09 09:57:09] [ 10%] Built target periodic_sampler
[2026-02-09 09:57:09] [ 10%] Built target random_internal_randen_slow
[2026-02-09 09:57:09] [ 10%] Built target raw_logging_internal
[2026-02-09 09:57:09] [ 10%] Built target random_internal_randen_hwaes_impl
[2026-02-09 09:57:09] [ 10%] Building CXX object third_party/abseil-cpp/absl/types/CMakeFiles/bad_optional_access.dir/bad_optional_access.cc.o
[2026-02-09 09:57:09] [ 10%] Building CXX object third_party/abseil-cpp/absl/base/CMakeFiles/throw_delegate.dir/internal/throw_delegate.cc.o
[2026-02-09 09:57:09] [ 10%] Building CXX object third_party/abseil-cpp/absl/base/CMakeFiles/base.dir/internal/spinlock.cc.o
[2026-02-09 09:57:09] -- [download 86% complete]
[2026-02-09 09:57:09] [ 10%] Building CXX object third_party/abseil-cpp/absl/debugging/CMakeFiles/debugging_internal.dir/internal/address_is_readable.cc.o
[2026-02-09 09:57:09] [ 10%] Building CXX object third_party/abseil-cpp/absl/types/CMakeFiles/bad_any_cast_impl.dir/bad_any_cast.cc.o
[2026-02-09 09:57:09] [ 10%] Building CXX object third_party/abseil-cpp/absl/base/CMakeFiles/base.dir/internal/cycleclock.cc.o
[2026-02-09 09:57:09] [ 11%] Building CXX object third_party/abseil-cpp/absl/debugging/CMakeFiles/debugging_internal.dir/internal/vdso_support.cc.o
[2026-02-09 09:57:09] [ 11%] Building CXX object third_party/abseil-cpp/absl/debugging/CMakeFiles/debugging_internal.dir/internal/elf_mem_image.cc.o
[2026-02-09 09:57:09] [ 11%] Building CXX object third_party/abseil-cpp/absl/base/CMakeFiles/base.dir/internal/unscaledcycleclock.cc.o
[2026-02-09 09:57:09] [ 12%] Building CXX object third_party/abseil-cpp/absl/types/CMakeFiles/bad_variant_access.dir/bad_variant_access.cc.o
[2026-02-09 09:57:09] [ 12%] Building CXX object third_party/abseil-cpp/absl/base/CMakeFiles/scoped_set_env.dir/internal/scoped_set_env.cc.o
[2026-02-09 09:57:09] [ 12%] Building CXX object third_party/abseil-cpp/absl/random/CMakeFiles/random_internal_randen_hwaes.dir/internal/randen_detect.cc.o
[2026-02-09 09:57:09] [ 12%] Building CXX object third_party/abseil-cpp/absl/base/CMakeFiles/base.dir/internal/sysinfo.cc.o
[2026-02-09 09:57:09] [ 13%] Building CXX object third_party/abseil-cpp/absl/base/CMakeFiles/base.dir/internal/thread_identity.cc.o
[2026-02-09 09:57:09] -- [download 87% complete]
[2026-02-09 09:57:09] [ 13%] Building CXX object third_party/abseil-cpp/absl/strings/CMakeFiles/cordz_functions.dir/internal/cordz_functions.cc.o
[2026-02-09 09:57:09] -- [download 88% complete]
[2026-02-09 09:57:09] [ 13%] Linking CXX static library libabsl_random_internal_randen_hwaes.a
[2026-02-09 09:57:09] [ 13%] Linking CXX static library libabsl_bad_any_cast_impl.a
[2026-02-09 09:57:09] [ 13%] Linking CXX static library libabsl_bad_variant_access.a
[2026-02-09 09:57:09] [ 14%] Linking CXX static library libabsl_scoped_set_env.a
[2026-02-09 09:57:09] [ 14%] Linking CXX static library libabsl_bad_optional_access.a
[2026-02-09 09:57:09] [ 15%] Linking CXX static library libabsl_throw_delegate.a
[2026-02-09 09:57:09] [ 15%] Linking CXX static library libabsl_debugging_internal.a
[2026-02-09 09:57:09] [ 15%] Linking CXX static library libabsl_cordz_functions.a
[2026-02-09 09:57:09] [ 15%] Linking CXX static library libabsl_base.a
[2026-02-09 09:57:09] [ 15%] Built target bad_any_cast_impl
[2026-02-09 09:57:09] [ 15%] Built target random_internal_randen_hwaes
[2026-02-09 09:57:09] -- [download 89% complete]
[2026-02-09 09:57:09] [ 15%] Built target bad_optional_access
[2026-02-09 09:57:09] [ 15%] Built target bad_variant_access
[2026-02-09 09:57:09] [ 15%] Built target scoped_set_env
[2026-02-09 09:57:09] [ 15%] Built target throw_delegate
[2026-02-09 09:57:09] [ 15%] Built target cordz_functions
[2026-02-09 09:57:09] -- [download 90% complete]
[2026-02-09 09:57:09] [ 15%] Built target base
[2026-02-09 09:57:09] [ 15%] Built target debugging_internal
[2026-02-09 09:57:09] [ 15%] Building CXX object third_party/abseil-cpp/absl/random/CMakeFiles/random_internal_randen.dir/internal/randen.cc.o
[2026-02-09 09:57:09] [ 15%] Building CXX object third_party/abseil-cpp/absl/strings/CMakeFiles/strings_internal.dir/internal/ostringstream.cc.o
[2026-02-09 09:57:09] [ 16%] Building CXX object third_party/abseil-cpp/absl/strings/CMakeFiles/strings_internal.dir/internal/utf8.cc.o
[2026-02-09 09:57:09] [ 17%] Building CXX object third_party/abseil-cpp/absl/strings/CMakeFiles/string_view.dir/string_view.cc.o
[2026-02-09 09:57:09] [ 17%] Building CXX object third_party/abseil-cpp/absl/debugging/CMakeFiles/stacktrace.dir/stacktrace.cc.o
[2026-02-09 09:57:09] [ 17%] Building CXX object third_party/abseil-cpp/absl/debugging/CMakeFiles/demangle_internal.dir/internal/demangle.cc.o
[2026-02-09 09:57:09] [ 17%] Building CXX object third_party/abseil-cpp/absl/hash/CMakeFiles/city.dir/internal/city.cc.o
[2026-02-09 09:57:09] [ 17%] Building CXX object third_party/abseil-cpp/absl/strings/CMakeFiles/strings_internal.dir/internal/escaping.cc.o
[2026-02-09 09:57:09] [ 18%] Building CXX object third_party/abseil-cpp/absl/log/CMakeFiles/log_internal_conditions.dir/internal/conditions.cc.o
[2026-02-09 09:57:09] [ 18%] Building CXX object third_party/abseil-cpp/absl/crc/CMakeFiles/crc_cpu_detect.dir/internal/cpu_detect.cc.o
[2026-02-09 09:57:09] [ 18%] Building CXX object third_party/abseil-cpp/absl/hash/CMakeFiles/low_level_hash.dir/internal/low_level_hash.cc.o
[2026-02-09 09:57:09] [ 18%] Building CXX object third_party/abseil-cpp/absl/base/CMakeFiles/malloc_internal.dir/internal/low_level_alloc.cc.o
[2026-02-09 09:57:09] [ 19%] Linking CXX static library libabsl_random_internal_randen.a
[2026-02-09 09:57:09] -- [download 91% complete]
[2026-02-09 09:57:09] [ 19%] Linking CXX static library libabsl_demangle_internal.a
[2026-02-09 09:57:09] [ 19%] Linking CXX static library libabsl_log_internal_conditions.a
[2026-02-09 09:57:09] [ 19%] Linking CXX static library libabsl_stacktrace.a
[2026-02-09 09:57:09] [ 19%] Linking CXX static library libabsl_strings_internal.a
[2026-02-09 09:57:09] [ 19%] Linking CXX static library libabsl_string_view.a
[2026-02-09 09:57:09] -- [download 92% complete]
[2026-02-09 09:57:09] [ 20%] Linking CXX static library libabsl_city.a
[2026-02-09 09:57:09] [ 21%] Linking CXX static library libabsl_low_level_hash.a
[2026-02-09 09:57:09] -- [download 93% complete]
[2026-02-09 09:57:09] [ 21%] Linking CXX static library libabsl_crc_cpu_detect.a
[2026-02-09 09:57:09] [ 21%] Linking CXX static library libabsl_malloc_internal.a
[2026-02-09 09:57:09] [ 21%] Built target log_internal_conditions
[2026-02-09 09:57:09] [ 21%] Built target city
[2026-02-09 09:57:09] [ 21%] Built target low_level_hash
[2026-02-09 09:57:09] [ 21%] Built target string_view
[2026-02-09 09:57:10] [ 21%] Built target crc_cpu_detect
[2026-02-09 09:57:10] [ 21%] Built target strings_internal
[2026-02-09 09:57:10] [ 21%] Built target random_internal_randen
[2026-02-09 09:57:10] [ 21%] Built target malloc_internal
[2026-02-09 09:57:10] [ 21%] Built target demangle_internal
[2026-02-09 09:57:10] [ 21%] Built target stacktrace
[2026-02-09 09:57:10] -- [download 94% complete]
[2026-02-09 09:57:10] -- [download 95% complete]
[2026-02-09 09:57:10] [ 21%] Building CXX object third_party/abseil-cpp/absl/synchronization/CMakeFiles/graphcycles_internal.dir/internal/graphcycles.cc.o
[2026-02-09 09:57:10] [ 22%] Building CXX object third_party/abseil-cpp/absl/crc/CMakeFiles/crc_internal.dir/internal/crc.cc.o
[2026-02-09 09:57:10] [ 22%] Building CXX object third_party/abseil-cpp/absl/crc/CMakeFiles/crc_internal.dir/internal/crc_x86_arm_combined.cc.o
[2026-02-09 09:57:10] [ 22%] Building CXX object third_party/abseil-cpp/absl/strings/CMakeFiles/strings.dir/ascii.cc.o
[2026-02-09 09:57:10] [ 22%] Building CXX object third_party/abseil-cpp/absl/strings/CMakeFiles/strings.dir/charconv.cc.o
[2026-02-09 09:57:10] [ 22%] Building CXX object third_party/abseil-cpp/absl/strings/CMakeFiles/strings.dir/internal/charconv_bigint.cc.o
[2026-02-09 09:57:10] [ 22%] Building CXX object third_party/abseil-cpp/absl/strings/CMakeFiles/strings.dir/internal/charconv_parse.cc.o
[2026-02-09 09:57:10] [ 22%] Building CXX object third_party/abseil-cpp/absl/strings/CMakeFiles/strings.dir/internal/memutil.cc.o
[2026-02-09 09:57:10] [ 23%] Building CXX object third_party/abseil-cpp/absl/strings/CMakeFiles/strings.dir/escaping.cc.o
[2026-02-09 09:57:10] [ 23%] Building CXX object third_party/abseil-cpp/absl/strings/CMakeFiles/strings.dir/internal/damerau_levenshtein_distance.cc.o
[2026-02-09 09:57:10] [ 24%] Building CXX object third_party/abseil-cpp/absl/strings/CMakeFiles/strings.dir/internal/stringify_sink.cc.o
[2026-02-09 09:57:10] [ 24%] Building CXX object third_party/abseil-cpp/absl/strings/CMakeFiles/strings.dir/match.cc.o
[2026-02-09 09:57:10] [ 24%] Building CXX object third_party/abseil-cpp/absl/strings/CMakeFiles/strings.dir/numbers.cc.o
[2026-02-09 09:57:10] [ 24%] Building CXX object third_party/abseil-cpp/absl/strings/CMakeFiles/strings.dir/str_cat.cc.o
[2026-02-09 09:57:10] [ 24%] Building CXX object third_party/abseil-cpp/absl/strings/CMakeFiles/strings.dir/substitute.cc.o
[2026-02-09 09:57:10] [ 24%] Building CXX object third_party/abseil-cpp/absl/strings/CMakeFiles/strings.dir/str_replace.cc.o
[2026-02-09 09:57:10] [ 25%] Building CXX object third_party/abseil-cpp/absl/strings/CMakeFiles/strings.dir/str_split.cc.o
[2026-02-09 09:57:10] [ 26%] Linking CXX static library libabsl_graphcycles_internal.a
[2026-02-09 09:57:10] [ 26%] Linking CXX static library libabsl_crc_internal.a
[2026-02-09 09:57:10] [ 26%] Linking CXX static library libabsl_strings.a
[2026-02-09 09:57:10] -- [download 96% complete]
[2026-02-09 09:57:10] -- [download 97% complete]
[2026-02-09 09:57:10] [ 26%] Built target graphcycles_internal
[2026-02-09 09:57:10] [ 26%] Built target crc_internal
[2026-02-09 09:57:10] [ 26%] Built target strings
[2026-02-09 09:57:10] -- [download 98% complete]
[2026-02-09 09:57:10] [ 26%] Building CXX object third_party/abseil-cpp/absl/debugging/CMakeFiles/symbolize.dir/symbolize.cc.o
[2026-02-09 09:57:10] [ 26%] Building CXX object third_party/utf8_range/CMakeFiles/utf8_validity.dir/utf8_validity.cc.o
[2026-02-09 09:57:10] -- [download 99% complete]
[2026-02-09 09:57:10] [ 27%] Building CXX object third_party/abseil-cpp/absl/time/CMakeFiles/time.dir/format.cc.o
[2026-02-09 09:57:10] [ 27%] Building CXX object third_party/abseil-cpp/absl/log/CMakeFiles/log_internal_proto.dir/internal/proto.cc.o
[2026-02-09 09:57:10] [ 28%] Building CXX object third_party/abseil-cpp/absl/flags/CMakeFiles/flags_commandlineflag.dir/commandlineflag.cc.o
[2026-02-09 09:57:10] [ 28%] Building CXX object third_party/abseil-cpp/absl/hash/CMakeFiles/hash.dir/internal/hash.cc.o
[2026-02-09 09:57:10] [ 29%] Building CXX object third_party/abseil-cpp/absl/random/CMakeFiles/random_distributions.dir/discrete_distribution.cc.o
[2026-02-09 09:57:10] [ 29%] Building CXX object third_party/abseil-cpp/absl/strings/CMakeFiles/str_format_internal.dir/internal/str_format/arg.cc.o
[2026-02-09 09:57:10] [ 29%] Building CXX object third_party/abseil-cpp/absl/strings/CMakeFiles/str_format_internal.dir/internal/str_format/extension.cc.o
[2026-02-09 09:57:10] [ 29%] Building CXX object third_party/abseil-cpp/absl/time/CMakeFiles/time.dir/clock.cc.o
[2026-02-09 09:57:10] [ 29%] Building CXX object third_party/abseil-cpp/absl/time/CMakeFiles/time.dir/duration.cc.o
[2026-02-09 09:57:10] [ 29%] Building CXX object third_party/abseil-cpp/absl/time/CMakeFiles/time.dir/time.cc.o
[2026-02-09 09:57:10] [ 29%] Building CXX object third_party/abseil-cpp/absl/time/CMakeFiles/time.dir/civil_time.cc.o
[2026-02-09 09:57:10] [ 29%] Building CXX object third_party/abseil-cpp/absl/strings/CMakeFiles/str_format_internal.dir/internal/str_format/bind.cc.o
[2026-02-09 09:57:10] [ 29%] Building CXX object third_party/abseil-cpp/absl/random/CMakeFiles/random_distributions.dir/gaussian_distribution.cc.o
[2026-02-09 09:57:10] [ 29%] Building CXX object third_party/abseil-cpp/absl/random/CMakeFiles/random_internal_seed_material.dir/internal/seed_material.cc.o
[2026-02-09 09:57:10] [ 29%] Building CXX object third_party/abseil-cpp/absl/strings/CMakeFiles/str_format_internal.dir/internal/str_format/parser.cc.o
[2026-02-09 09:57:10] [ 30%] Building CXX object third_party/abseil-cpp/absl/strings/CMakeFiles/str_format_internal.dir/internal/str_format/float_conversion.cc.o
[2026-02-09 09:57:10] [ 30%] Building CXX object third_party/abseil-cpp/absl/strings/CMakeFiles/str_format_internal.dir/internal/str_format/output.cc.o
[2026-02-09 09:57:10] -- [download 100% complete]
[2026-02-09 09:57:10] -- Downloading... done
[2026-02-09 09:57:10] [ 30%] Linking CXX static library libabsl_symbolize.a
[2026-02-09 09:57:10] [ 30%] Linking CXX static library libabsl_hash.a
[2026-02-09 09:57:10] [ 31%] Linking CXX static library libutf8_validity.a
[2026-02-09 09:57:10] [ 31%] Linking CXX static library libabsl_flags_commandlineflag.a
[2026-02-09 09:57:10] [ 31%] Linking CXX static library libabsl_log_internal_proto.a
[2026-02-09 09:57:10] -- extracting...
[2026-02-09 09:57:10]      src='/home/y00951989/ops-transformer/build/download/eigen/eigen-3.4.0.tar.gz'
[2026-02-09 09:57:10]      dst='/home/y00951989/ops-transformer/build/third_party/src/external_eigen_transformer'
[2026-02-09 09:57:10] -- extracting... [tar xfz]
[2026-02-09 09:57:10] [ 31%] Linking CXX static library libabsl_random_internal_seed_material.a
[2026-02-09 09:57:10] [ 32%] Linking CXX static library libabsl_random_distributions.a
[2026-02-09 09:57:10] [ 32%] Linking CXX static library libabsl_time.a
[2026-02-09 09:57:10] [ 32%] Linking CXX static library libabsl_str_format_internal.a
[2026-02-09 09:57:10] [ 32%] Built target symbolize
[2026-02-09 09:57:10] [ 32%] Built target utf8_validity
[2026-02-09 09:57:10] [ 32%] Built target log_internal_proto
[2026-02-09 09:57:10] [ 32%] Built target random_internal_seed_material
[2026-02-09 09:57:10] [ 32%] Built target flags_commandlineflag
[2026-02-09 09:57:10] [ 32%] Built target hash
[2026-02-09 09:57:10] [ 32%] Built target random_distributions
[2026-02-09 09:57:10] [ 32%] Built target time
[2026-02-09 09:57:10] [ 32%] Built target str_format_internal
[2026-02-09 09:57:10] [ 32%] Building CXX object third_party/abseil-cpp/absl/debugging/CMakeFiles/examine_stack.dir/internal/examine_stack.cc.o
[2026-02-09 09:57:10] [ 32%] Building CXX object third_party/abseil-cpp/absl/random/CMakeFiles/random_internal_pool_urbg.dir/internal/pool_urbg.cc.o
[2026-02-09 09:57:10] [ 32%] Building CXX object third_party/abseil-cpp/absl/log/CMakeFiles/log_globals.dir/globals.cc.o
[2026-02-09 09:57:10] [ 32%] Building CXX object third_party/abseil-cpp/absl/flags/CMakeFiles/flags_private_handle_accessor.dir/internal/private_handle_accessor.cc.o
[2026-02-09 09:57:10] [ 32%] Building CXX object third_party/abseil-cpp/absl/synchronization/CMakeFiles/kernel_timeout_internal.dir/internal/kernel_timeout.cc.o
[2026-02-09 09:57:10] [ 32%] Building CXX object third_party/abseil-cpp/absl/log/CMakeFiles/log_entry.dir/log_entry.cc.o
[2026-02-09 09:57:10] [ 32%] Building CXX object third_party/abseil-cpp/absl/log/CMakeFiles/log_internal_globals.dir/internal/globals.cc.o
[2026-02-09 09:57:10] [ 32%] Building CXX object third_party/abseil-cpp/absl/random/CMakeFiles/random_internal_distribution_test_util.dir/internal/chi_square.cc.o
[2026-02-09 09:57:10] [ 32%] Building CXX object third_party/abseil-cpp/absl/random/CMakeFiles/random_internal_distribution_test_util.dir/internal/distribution_test_util.cc.o
[2026-02-09 09:57:10] [ 32%] Building CXX object third_party/abseil-cpp/absl/crc/CMakeFiles/crc32c.dir/internal/crc_memcpy_fallback.cc.o
[2026-02-09 09:57:10] [ 32%] Building CXX object third_party/abseil-cpp/absl/crc/CMakeFiles/crc32c.dir/internal/crc_non_temporal_memcpy.cc.o
[2026-02-09 09:57:10] [ 32%] Building CXX object third_party/abseil-cpp/absl/flags/CMakeFiles/flags_marshalling.dir/marshalling.cc.o
[2026-02-09 09:57:10] [ 33%] Building CXX object third_party/abseil-cpp/absl/crc/CMakeFiles/crc32c.dir/crc32c.cc.o
[2026-02-09 09:57:10] [ 33%] Building CXX object third_party/abseil-cpp/absl/crc/CMakeFiles/crc32c.dir/internal/crc_memcpy_x86_64.cc.o
[2026-02-09 09:57:10] [ 33%] Linking CXX static library libabsl_examine_stack.a
[2026-02-09 09:57:10] [ 33%] Linking CXX static library libabsl_flags_private_handle_accessor.a
[2026-02-09 09:57:10] [ 33%] Linking CXX static library libabsl_random_internal_pool_urbg.a
[2026-02-09 09:57:10] [ 34%] Linking CXX static library libabsl_kernel_timeout_internal.a
[2026-02-09 09:57:10] [ 35%] Linking CXX static library libabsl_log_entry.a
[2026-02-09 09:57:10] [ 36%] Linking CXX static library libabsl_log_internal_globals.a
[2026-02-09 09:57:10] [ 36%] Linking CXX static library libabsl_log_globals.a
[2026-02-09 09:57:10] [ 36%] Linking CXX static library libabsl_random_internal_distribution_test_util.a
[2026-02-09 09:57:10] [ 36%] Linking CXX static library libabsl_crc32c.a
[2026-02-09 09:57:10] [ 37%] Linking CXX static library libabsl_flags_marshalling.a
[2026-02-09 09:57:10] [ 37%] Built target examine_stack
[2026-02-09 09:57:10] [ 37%] Built target flags_private_handle_accessor
[2026-02-09 09:57:10] [ 37%] Built target kernel_timeout_internal
[2026-02-09 09:57:10] [ 37%] Built target log_internal_globals
[2026-02-09 09:57:10] [ 37%] Built target log_globals
[2026-02-09 09:57:10] [ 37%] Built target random_internal_pool_urbg
[2026-02-09 09:57:10] [ 37%] Built target log_entry
[2026-02-09 09:57:10] [ 37%] Built target random_internal_distribution_test_util
[2026-02-09 09:57:10] [ 37%] Building CXX object third_party/abseil-cpp/absl/debugging/CMakeFiles/failure_signal_handler.dir/failure_signal_handler.cc.o
[2026-02-09 09:57:10] [ 37%] Built target flags_marshalling
[2026-02-09 09:57:10] [ 37%] Built target crc32c
[2026-02-09 09:57:10] [ 37%] Building CXX object third_party/abseil-cpp/absl/synchronization/CMakeFiles/synchronization.dir/internal/create_thread_identity.cc.o
[2026-02-09 09:57:10] [ 37%] Building CXX object third_party/abseil-cpp/absl/synchronization/CMakeFiles/synchronization.dir/blocking_counter.cc.o
[2026-02-09 09:57:10] [ 38%] Building CXX object third_party/abseil-cpp/absl/synchronization/CMakeFiles/synchronization.dir/barrier.cc.o
[2026-02-09 09:57:10] [ 38%] Building CXX object third_party/abseil-cpp/absl/synchronization/CMakeFiles/synchronization.dir/internal/stdcpp_waiter.cc.o
[2026-02-09 09:57:10] [ 38%] Building CXX object third_party/abseil-cpp/absl/synchronization/CMakeFiles/synchronization.dir/internal/futex_waiter.cc.o
[2026-02-09 09:57:10] [ 39%] Building CXX object third_party/abseil-cpp/absl/synchronization/CMakeFiles/synchronization.dir/internal/per_thread_sem.cc.o
[2026-02-09 09:57:10] [ 39%] Building CXX object third_party/abseil-cpp/absl/synchronization/CMakeFiles/synchronization.dir/notification.cc.o
[2026-02-09 09:57:10] [ 39%] Building CXX object third_party/abseil-cpp/absl/synchronization/CMakeFiles/synchronization.dir/internal/sem_waiter.cc.o
[2026-02-09 09:57:10] [ 39%] Building CXX object third_party/abseil-cpp/absl/synchronization/CMakeFiles/synchronization.dir/internal/pthread_waiter.cc.o
[2026-02-09 09:57:10] [ 40%] Building CXX object third_party/abseil-cpp/absl/synchronization/CMakeFiles/synchronization.dir/internal/waiter_base.cc.o
[2026-02-09 09:57:10] [ 40%] Building CXX object third_party/abseil-cpp/absl/synchronization/CMakeFiles/synchronization.dir/internal/win32_waiter.cc.o
[2026-02-09 09:57:10] [ 40%] Building CXX object third_party/abseil-cpp/absl/log/CMakeFiles/log_internal_format.dir/internal/log_format.cc.o
[2026-02-09 09:57:10] [ 40%] Building CXX object third_party/abseil-cpp/absl/random/CMakeFiles/random_seed_sequences.dir/seed_sequences.cc.o
[2026-02-09 09:57:10] [ 40%] Building CXX object third_party/abseil-cpp/absl/synchronization/CMakeFiles/synchronization.dir/mutex.cc.o
[2026-02-09 09:57:10] [ 41%] Building CXX object third_party/abseil-cpp/absl/log/CMakeFiles/log_initialize.dir/initialize.cc.o
[2026-02-09 09:57:10] [ 41%] Building CXX object third_party/abseil-cpp/absl/log/CMakeFiles/log_sink.dir/log_sink.cc.o
[2026-02-09 09:57:10] [ 41%] Linking CXX static library libabsl_failure_signal_handler.a
[2026-02-09 09:57:10] [ 42%] Building CXX object third_party/abseil-cpp/absl/crc/CMakeFiles/crc_cord_state.dir/internal/crc_cord_state.cc.o
[2026-02-09 09:57:10] [ 42%] Linking CXX static library libabsl_log_sink.a
[2026-02-09 09:57:10] [ 42%] Linking CXX static library libabsl_log_internal_format.a
[2026-02-09 09:57:10] [ 42%] Linking CXX static library libabsl_synchronization.a
[2026-02-09 09:57:10] [ 42%] Linking CXX static library libabsl_log_initialize.a
[2026-02-09 09:57:10] [ 42%] Linking CXX static library libabsl_random_seed_sequences.a
[2026-02-09 09:57:10] [ 42%] Linking CXX static library libabsl_crc_cord_state.a
[2026-02-09 09:57:10] [ 42%] Built target failure_signal_handler
[2026-02-09 09:57:10] -- extracting... [analysis]
[2026-02-09 09:57:10] -- extracting... [rename]
[2026-02-09 09:57:10] -- extracting... [clean up]
[2026-02-09 09:57:10] -- extracting... done
[2026-02-09 09:57:10] [ 42%] Built target log_internal_format
[2026-02-09 09:57:10] [ 42%] Built target log_sink
[2026-02-09 09:57:10] [ 42%] Built target random_seed_sequences
[2026-02-09 09:57:10] [ 42%] Built target log_initialize
[2026-02-09 09:57:10] [ 81%] No update step for 'external_eigen_transformer'
[2026-02-09 09:57:10] [ 42%] Built target synchronization
[2026-02-09 09:57:10] [ 42%] Built target crc_cord_state
[2026-02-09 09:57:10] [ 82%] No patch step for 'external_eigen_transformer'
[2026-02-09 09:57:10] [ 42%] Building CXX object third_party/abseil-cpp/absl/container/CMakeFiles/hashtablez_sampler.dir/internal/hashtablez_sampler.cc.o
[2026-02-09 09:57:10] [ 43%] Building CXX object third_party/abseil-cpp/absl/flags/CMakeFiles/flags_program_name.dir/internal/program_name.cc.o
[2026-02-09 09:57:10] [ 43%] Building CXX object third_party/abseil-cpp/absl/strings/CMakeFiles/cordz_handle.dir/internal/cordz_handle.cc.o
[2026-02-09 09:57:10] [ 44%] Building CXX object third_party/abseil-cpp/absl/container/CMakeFiles/hashtablez_sampler.dir/internal/hashtablez_sampler_force_weak_definition.cc.o
[2026-02-09 09:57:10] [ 44%] Building CXX object third_party/abseil-cpp/absl/strings/CMakeFiles/cord_internal.dir/internal/cord_internal.cc.o
[2026-02-09 09:57:10] [ 44%] Building CXX object third_party/abseil-cpp/absl/log/CMakeFiles/log_internal_log_sink_set.dir/internal/log_sink_set.cc.o
[2026-02-09 09:57:10] [ 44%] Building CXX object third_party/abseil-cpp/absl/strings/CMakeFiles/cord_internal.dir/internal/cord_rep_btree.cc.o
[2026-02-09 09:57:10] [ 44%] Building CXX object third_party/abseil-cpp/absl/strings/CMakeFiles/cord_internal.dir/internal/cord_rep_btree_reader.cc.o
[2026-02-09 09:57:10] [ 45%] Building CXX object third_party/abseil-cpp/absl/strings/CMakeFiles/cord_internal.dir/internal/cord_rep_btree_navigator.cc.o
[2026-02-09 09:57:10] [ 45%] Building CXX object third_party/abseil-cpp/absl/strings/CMakeFiles/cord_internal.dir/internal/cord_rep_ring.cc.o
[2026-02-09 09:57:10] [ 45%] Building CXX object third_party/abseil-cpp/absl/strings/CMakeFiles/cord_internal.dir/internal/cord_rep_crc.cc.o
[2026-02-09 09:57:10] [ 45%] Building CXX object third_party/abseil-cpp/absl/strings/CMakeFiles/cord_internal.dir/internal/cord_rep_consume.cc.o
[2026-02-09 09:57:10] [ 83%] No configure step for 'external_eigen_transformer'
[2026-02-09 09:57:10] [ 45%] Linking CXX static library libabsl_flags_program_name.a
[2026-02-09 09:57:10] [ 45%] Linking CXX static library libabsl_log_internal_log_sink_set.a
[2026-02-09 09:57:10] [ 46%] Linking CXX static library libabsl_cord_internal.a
[2026-02-09 09:57:10] [ 46%] Linking CXX static library libabsl_cordz_handle.a
[2026-02-09 09:57:10] [ 84%] No build step for 'external_eigen_transformer'
[2026-02-09 09:57:10] [ 46%] Linking CXX static library libabsl_hashtablez_sampler.a
[2026-02-09 09:57:10] [ 85%] No install step for 'external_eigen_transformer'
[2026-02-09 09:57:10] [ 46%] Built target flags_program_name
[2026-02-09 09:57:10] [ 46%] Built target log_internal_log_sink_set
[2026-02-09 09:57:10] [ 46%] Built target cordz_handle
[2026-02-09 09:57:10] [ 46%] Built target hashtablez_sampler
[2026-02-09 09:57:10] [ 46%] Built target cord_internal
[2026-02-09 09:57:10] [ 85%] Completed 'external_eigen_transformer'
[2026-02-09 09:57:10] [ 47%] Building CXX object third_party/abseil-cpp/absl/flags/CMakeFiles/flags_config.dir/usage_config.cc.o
[2026-02-09 09:57:10] [ 47%] Building CXX object third_party/abseil-cpp/absl/log/CMakeFiles/log_internal_message.dir/internal/log_message.cc.o
[2026-02-09 09:57:10] [ 47%] Building CXX object third_party/abseil-cpp/absl/container/CMakeFiles/raw_hash_set.dir/internal/raw_hash_set.cc.o
[2026-02-09 09:57:10] [ 48%] Building CXX object third_party/abseil-cpp/absl/strings/CMakeFiles/cordz_info.dir/internal/cordz_info.cc.o
[2026-02-09 09:57:10] [ 85%] Built target external_eigen_transformer
[2026-02-09 09:57:10] [ 48%] Linking CXX static library libabsl_flags_config.a
[2026-02-09 09:57:10] [ 48%] Linking CXX static library libabsl_log_internal_message.a
[2026-02-09 09:57:10] [ 49%] Linking CXX static library libabsl_raw_hash_set.a
[2026-02-09 09:57:10] [ 49%] Linking CXX static library libabsl_cordz_info.a
[2026-02-09 09:57:10] [ 49%] Built target flags_config
[2026-02-09 09:57:10] [ 49%] Built target log_internal_message
[2026-02-09 09:57:10] [ 49%] Built target raw_hash_set
[2026-02-09 09:57:10] [ 49%] Built target cordz_info
[2026-02-09 09:57:10] [ 49%] Building CXX object third_party/abseil-cpp/absl/flags/CMakeFiles/flags_internal.dir/internal/flag.cc.o
[2026-02-09 09:57:10] [ 49%] Building CXX object third_party/abseil-cpp/absl/log/CMakeFiles/log_internal_check_op.dir/internal/check_op.cc.o
[2026-02-09 09:57:10] [ 49%] Building CXX object third_party/abseil-cpp/absl/log/CMakeFiles/die_if_null.dir/die_if_null.cc.o
[2026-02-09 09:57:10] [ 49%] Building CXX object third_party/abseil-cpp/absl/strings/CMakeFiles/cord.dir/cord.cc.o
[2026-02-09 09:57:10] [ 49%] Building CXX object third_party/abseil-cpp/absl/strings/CMakeFiles/cord.dir/cord_analysis.cc.o
[2026-02-09 09:57:10] [ 49%] Building CXX object third_party/abseil-cpp/absl/strings/CMakeFiles/cordz_sample_token.dir/internal/cordz_sample_token.cc.o
[2026-02-09 09:57:10] [ 50%] Building CXX object third_party/abseil-cpp/absl/strings/CMakeFiles/cord.dir/cord_buffer.cc.o
[2026-02-09 09:57:10] [ 50%] Linking CXX static library libabsl_flags_internal.a
[2026-02-09 09:57:10] [ 51%] Linking CXX static library libabsl_die_if_null.a
[2026-02-09 09:57:10] [ 51%] Linking CXX static library libabsl_log_internal_check_op.a
[2026-02-09 09:57:10] [ 51%] Linking CXX static library libabsl_cordz_sample_token.a
[2026-02-09 09:57:10] [ 51%] Linking CXX static library libabsl_cord.a
[2026-02-09 09:57:10] [ 51%] Built target flags_internal
[2026-02-09 09:57:10] [ 51%] Built target die_if_null
[2026-02-09 09:57:10] [ 51%] Built target log_internal_check_op
[2026-02-09 09:57:10] [ 51%] Built target cordz_sample_token
[2026-02-09 09:57:10] [ 51%] Built target cord
[2026-02-09 09:57:10] [ 51%] Building CXX object third_party/abseil-cpp/absl/flags/CMakeFiles/flags_reflection.dir/reflection.cc.o
[2026-02-09 09:57:10] [ 52%] Building CXX object third_party/abseil-cpp/absl/status/CMakeFiles/status.dir/status.cc.o
[2026-02-09 09:57:10] [ 52%] Building CXX object third_party/abseil-cpp/absl/status/CMakeFiles/status.dir/status_payload_printer.cc.o
[2026-02-09 09:57:10] [ 52%] Linking CXX static library libabsl_flags_reflection.a
[2026-02-09 09:57:10] [ 52%] Linking CXX static library libabsl_status.a
[2026-02-09 09:57:10] [ 52%] Built target flags_reflection
[2026-02-09 09:57:10] [ 52%] Built target status
[2026-02-09 09:57:10] [ 52%] Building CXX object third_party/abseil-cpp/absl/flags/CMakeFiles/flags.dir/flag.cc.o
[2026-02-09 09:57:10] [ 52%] Building CXX object third_party/abseil-cpp/absl/status/CMakeFiles/statusor.dir/statusor.cc.o
[2026-02-09 09:57:10] [ 52%] Linking CXX static library libabsl_flags.a
[2026-02-09 09:57:10] [ 52%] Linking CXX static library libabsl_statusor.a
[2026-02-09 09:57:10] [ 52%] Built target flags
[2026-02-09 09:57:10] [ 52%] Built target statusor
[2026-02-09 09:57:10] [ 52%] Building CXX object third_party/abseil-cpp/absl/flags/CMakeFiles/flags_usage_internal.dir/internal/usage.cc.o
[2026-02-09 09:57:10] [ 52%] Building CXX object third_party/abseil-cpp/absl/log/CMakeFiles/log_flags.dir/flags.cc.o
[2026-02-09 09:57:10] [ 52%] Building CXX object CMakeFiles/libprotobuf-lite.dir/src/google/protobuf/arena.cc.o
[2026-02-09 09:57:10] [ 52%] Building CXX object CMakeFiles/libprotobuf-lite.dir/src/google/protobuf/any_lite.cc.o
[2026-02-09 09:57:10] [ 53%] Building CXX object CMakeFiles/libprotobuf-lite.dir/src/google/protobuf/arena_align.cc.o
[2026-02-09 09:57:10] [ 53%] Building CXX object CMakeFiles/libprotobuf-lite.dir/src/google/protobuf/arenaz_sampler.cc.o
[2026-02-09 09:57:10] [ 53%] Building CXX object CMakeFiles/libprotobuf-lite.dir/src/google/protobuf/arenastring.cc.o
[2026-02-09 09:57:10] [ 53%] Building CXX object CMakeFiles/libprotobuf-lite.dir/src/google/protobuf/extension_set.cc.o
[2026-02-09 09:57:1In file included from /home/y00951989/ops-transformer/third_party/ascend_protobuf/src/google/protobuf/generated_message_tctable_decl.h:22,
                 from /home/y00951989/ops-transformer/third_party/ascend_protobuf/src/google/protobuf/generated_message_tctable_lite.cc:22:
/home/y00951989/ops-transformer/third_party/ascend_protobuf/src/google/protobuf/parse_context.h:1125:1: warning: always_inline function might not be inlinable [-Wattributes]
 1125 | ParseContext::ParseLengthDelimitedInlined(const char* ptr, const Func& func) {
      | ^~~~~~~~~~~~
/home/y00951989/ops-transformer/third_party/ascend_protobuf/src/google/protobuf/parse_context.h:1125:1: warning: always_inline function might not be inlinable [-Wattributes]
/home/y00951989/ops-transformer/third_party/ascend_protobuf/src/google/protobuf/generated_message_tctable_lite.cc:830:36: warning: always_inline function might not be inlinable [-Wattributes]
  830 | PROTOBUF_ALWAYS_INLINE const char* TcParser::FastVarintS1(
      |                                    ^~~~~~~~
/home/y00951989/ops-transformer/third_party/ascend_protobuf/src/google/protobuf/generated_message_tctable_lite.cc:830:36: warning: always_inline function might not be inlinable [-Wattributes]
/home/y00951989/ops-transformer/third_party/ascend_protobuf/src/google/protobuf/generated_message_tctable_lite.cc:753:29: warning: always_inline function might not be inlinable [-Wattributes]
  753 | PROTOBUF_ALWAYS_INLINE bool EnumIsValidAux(int32_t val, uint16_t xform_val,
      |                             ^~~~~~~~~~~~~~
/home/y00951989/ops-transformer/third_party/ascend_protobuf/src/google/protobuf/generated_message_tctable_lite.cc:741:29: warning: always_inline function might not be inlinable [-Wattributes]
  741 | PROTOBUF_ALWAYS_INLINE void PrefetchEnumData(uint16_t xform_val,
      |                             ^~~~~~~~~~~~~~~~
/home/y00951989/ops-transformer/third_party/ascend_protobuf/src/google/protobuf/message_lite.cc: In member function ‘int ascend_private::protobuf::MessageLite::GetCachedSize() const’:
/home/y00951989/ops-transformer/third_party/ascend_protobuf/src/google/protobuf/message_lite.cc:69:71: warning: ‘int ascend_private::protobuf::MessageLite::ByteSize() const’ is deprecated: Please use ByteSizeLong() instead [-Wdeprecated-declarations]
   69 |   if (PROTOBUF_PREDICT_FALSE(cached_size == nullptr)) return ByteSize();
      |                                                                       ^
In file included from /home/y00951989/ops-transformer/third_party/ascend_protobuf/src/google/protobuf/message_lite.cc:13:
/home/y00951989/ops-transformer/third_party/ascend_protobuf/src/google/protobuf/message_lite.h:454:59: note: declared here
  454 |   [[deprecated("Please use ByteSizeLong() instead")]] int ByteSize() const {
      |                                                           ^~~~~~~~
0] [ 53%] Building CXX object CMakeFiles/libprotobuf-lite.dir/src/google/protobuf/generated_message_tctable_lite.cc.o
[2026-02-09 09:57:10] [ 53%] Building CXX object CMakeFiles/libprotobuf-lite.dir/src/google/protobuf/generated_message_util.cc.o
[2026-02-09 09:57:10] [ 54%] Building CXX object CMakeFiles/libprotobuf-lite.dir/src/google/protobuf/generated_enum_util.cc.o
[2026-02-09 09:57:10] [ 54%] Building CXX object CMakeFiles/libprotobuf-lite.dir/src/google/protobuf/implicit_weak_message.cc.o
[2026-02-09 09:57:10] [ 55%] Building CXX object CMakeFiles/libprotobuf-lite.dir/src/google/protobuf/io/coded_stream.cc.o
[2026-02-09 09:57:10] [ 55%] Building CXX object CMakeFiles/libprotobuf-lite.dir/src/google/protobuf/inlined_string_field.cc.o
[2026-02-09 09:57:10] [ 55%] Building CXX object CMakeFiles/libprotobuf-lite.dir/src/google/protobuf/io/io_win32.cc.o
[2026-02-09 09:57:10] [ 55%] Building CXX object CMakeFiles/libprotobuf-lite.dir/src/google/protobuf/io/zero_copy_stream.cc.o
[2026-02-09 09:57:10] [ 55%] Building CXX object CMakeFiles/libprotobuf-lite.dir/src/google/protobuf/io/zero_copy_stream_impl.cc.o
[2026-02-09 09:57:10] [ 56%] Building CXX object CMakeFiles/libprotobuf-lite.dir/src/google/protobuf/io/zero_copy_stream_impl_lite.cc.o
[2026-02-09 09:57:10] [ 56%] Building CXX object CMakeFiles/libprotobuf-lite.dir/src/google/protobuf/message_lite.cc.o
[2026-02-09 09:57:10] [ 56%] Building CXX object CMakeFiles/libprotobuf.dir/src/google/protobuf/duration.pb.cc.o
[2026-02-09 09:57:10] [ 56%] Building CXX object CMakeFiles/libprotobuf.dir/src/google/protobuf/any.pb.cc.o
[2026-02-09 09:57:10] [ 57%] Building CXX object CMakeFiles/libprotobuf.dir/src/google/protobuf/api.pb.cc.o
[2026-02-09 09:57:10] [ 57%] Building CXX object CMakeFiles/libprotobuf-lite.dir/src/google/protobuf/parse_context.cc.o
[2026-02-09 09:57:10] [ 57%] Building CXX object CMakeFiles/libprotobuf-lite.dir/src/google/protobuf/map.cc.o
[2026-02-09 09:57:10] [ 57%] Building CXX object CMakeFiles/libprotobuf-lite.dir/src/google/protobuf/port.cc.o
[2026-02-09 09:57:10] [ 58%] Building CXX object CMakeFiles/libprotobuf.dir/src/google/protobuf/field_mask.pb.cc.o
[2026-02-09 09:57:10] [ 58%] Building CXX object CMakeFiles/libprotobuf-lite.dir/src/google/protobuf/raw_ptr.cc.o
[2026-02-09 09:57:10] [ 58%] Building CXX object CMakeFiles/libprotobuf.dir/src/google/protobuf/source_context.pb.cc.o
[2026-02-09 09:57:10] [ 58%] Building CXX object CMakeFiles/libprotobuf.dir/src/google/protobuf/empty.pb.cc.o
[2026-02-09 09:57:10] [ 58%] Building CXX object CMakeFiles/libprotobuf-lite.dir/src/google/protobuf/repeated_field.cc.o
[2026-02-09 09:57:10] [ 59%] Building CXX object CMakeFiles/libprotobuf.dir/src/google/protobuf/struct.pb.cc.o
[2026-02-09 09:57:10] [ 59%] Linking CXX static library libabsl_flags_usage_internal.a
[2026-02-09 09:57:10] [ 59%] Linking CXX static library libabsl_log_flags.a
[2026-02-09 09:57:10] [ 59%] Building CXX object CMakeFiles/libprotobuf-lite.dir/src/google/protobuf/repeated_ptr_field.cc.o
[2026-02-09 09:57:10] [ 59%] Building CXX object CMakeFiles/libprotobuf-lite.dir/src/google/protobuf/stubs/common.cc.o
[2026-02-09 09:57:10] [ 60%] Building CXX object CMakeFiles/libprotobuf-lite.dir/src/google/protobuf/wire_format_lite.cc.o
[2026-02-09 09:57:10] [ 60%] Building CXX object CMakeFiles/libprotobuf.dir/src/google/protobuf/wrappers.pb.cc.o
[2026-02-09 09:57:10] [ 60%] Building CXX object CMakeFiles/libprotobuf.dir/src/google/protobuf/timestamp.pb.cc.o
[2026-02-09 09:57:10] [ 60%] Building CXX object CMakeFiles/libprotobuf.dir/src/google/protobuf/type.pb.cc.o
[2026-02-09 09:57:10] [ 60%] Building CXX object CMakeFiles/libprotobuf.dir/src/google/protobuf/any.cc.o
[2026-02-09 09:57:10] [ 61%] Building CXX object CMakeFiles/libprotobuf.dir/src/google/protobuf/arena.cc.o
[2026-02-09 09:57:10] [ 61%] Building CXX object CMakeFiles/libprotobuf.dir/src/google/protobuf/any_lite.cc.o
[2026-02-09 09:57:10] [ 61%] Building CXX object CMakeFiles/libprotobuf.dir/src/google/protobuf/arena_align.cc.o
[2026-02-09 09:57:10] [ 61%] Building CXX object CMakeFIn file included from /home/y00951989/ops-transformer/third_party/ascend_protobuf/src/google/protobuf/generated_message_tctable_decl.h:22,
                 from /home/y00951989/ops-transformer/third_party/ascend_protobuf/src/google/protobuf/generated_message_tctable_lite.cc:22:
/home/y00951989/ops-transformer/third_party/ascend_protobuf/src/google/protobuf/parse_context.h:1125:1: warning: always_inline function might not be inlinable [-Wattributes]
 1125 | ParseContext::ParseLengthDelimitedInlined(const char* ptr, const Func& func) {
      | ^~~~~~~~~~~~
/home/y00951989/ops-transformer/third_party/ascend_protobuf/src/google/protobuf/parse_context.h:1125:1: warning: always_inline function might not be inlinable [-Wattributes]
/home/y00951989/ops-transformer/third_party/ascend_protobuf/src/google/protobuf/generated_message_tctable_lite.cc:830:36: warning: always_inline function might not be inlinable [-Wattributes]
  830 | PROTOBUF_ALWAYS_INLINE const char* TcParser::FastVarintS1(
      |                                    ^~~~~~~~
/home/y00951989/ops-transformer/third_party/ascend_protobuf/src/google/protobuf/generated_message_tctable_lite.cc:830:36: warning: always_inline function might not be inlinable [-Wattributes]
/home/y00951989/ops-transformer/third_party/ascend_protobuf/src/google/protobuf/generated_message_tctable_lite.cc:753:29: warning: always_inline function might not be inlinable [-Wattributes]
  753 | PROTOBUF_ALWAYS_INLINE bool EnumIsValidAux(int32_t val, uint16_t xform_val,
      |                             ^~~~~~~~~~~~~~
/home/y00951989/ops-transformer/third_party/ascend_protobuf/src/google/protobuf/generated_message_tctable_lite.cc:741:29: warning: always_inline function might not be inlinable [-Wattributes]
  741 | PROTOBUF_ALWAYS_INLINE void PrefetchEnumData(uint16_t xform_val,
      |                             ^~~~~~~~~~~~~~~~
iles/libprotobuf.dir/src/google/protobuf/arenastring.cc.o
[2026-02-09 09:57:10] [ 61%] Building CXX object CMakeFiles/libprotobuf.dir/src/google/protobuf/compiler/parser.cc.o
[2026-02-09 09:57:10] [ 62%] Building CXX object CMakeFiles/libprotobuf.dir/src/google/protobuf/arenaz_sampler.cc.o
[2026-02-09 09:57:10] [ 62%] Building CXX object CMakeFiles/libprotobuf.dir/src/google/protobuf/compiler/importer.cc.o
[2026-02-09 09:57:10] [ 62%] Building CXX object CMakeFiles/libprotobuf.dir/src/google/protobuf/cpp_features.pb.cc.o
[2026-02-09 09:57:10] [ 62%] Building CXX object CMakeFiles/libprotobuf.dir/src/google/protobuf/descriptor.cc.o
[2026-02-09 09:57:10] [ 63%] Building CXX object CMakeFiles/libprotobuf.dir/src/google/protobuf/descriptor.pb.cc.o
[2026-02-09 09:57:10] [ 63%] Building CXX object CMakeFiles/libprotobuf.dir/src/google/protobuf/descriptor_database.cc.o
[2026-02-09 09:57:10] [ 63%] Building CXX object CMakeFiles/libprotobuf.dir/src/google/protobuf/dynamic_message.cc.o
[2026-02-09 09:57:10] [ 63%] Building CXX object CMakeFiles/libprotobuf.dir/src/google/protobuf/extension_set.cc.o
[2026-02-09 09:57:10] [ 64%] Building CXX object CMakeFiles/libprotobuf.dir/src/google/protobuf/extension_set_heavy.cc.o
[2026-02-09 09:57:10] [ 64%] Building CXX object CMakeFiles/libprotobuf.dir/src/google/protobuf/feature_resolver.cc.o
[2026-02-09 09:57:10] [ 64%] Building CXX object CMakeFiles/libprotobuf.dir/src/google/protobuf/generated_message_reflection.cc.o
[2026-02-09 09:57:10] [ 64%] Building CXX object CMakeFiles/libprotobuf.dir/src/google/protobuf/generated_enum_util.cc.o
[2026-02-09 09:57:10] [ 64%] Building CXX object CMakeFiles/libprotobuf.dir/src/google/protobuf/generated_message_bases.cc.o
[2026-02-09 09:57:10] [ 65%] Building CXX object CMakeFiles/libprotobuf.dir/src/google/protobuf/generated_message_tctable_full.cc.o
[2026-02-09 09:57:10] [ 65%] Building CXX object CMakeFiles/libprotobuf.dir/src/google/protobuf/generated_message_tctable_gen.cc.o
[2026-02-09 09:57:10] [ 65%] Building CXX object CMakeFiles/libprotobuf.dir/src/google/protobuf/generated_message_tctable_lite.cc.o
[2026-02-09 09:57:10] [ 65%] Linking CXX static library libascend_protobuf-lite.a
[2026-02-09 09:57:10] [ 65%] Built target log_flags
[2026-02-09 09:57:10] [ 65%] Building CXX object CMakeFiles/libprotobuf.dir/src/google/protobuf/generated_message_util.cc.o
[2026-02-09 09:57:10] [ 65%] Built target flags_usage_internal
[2026-02-09 09:57:10] [ 65%] Building CXX object CMakeFiles/libprotobuf.dir/src/google/protobuf/implicit_weak_message.cc.o
[2026-02-09 09:57:10] [ 65%] Building CXX object CMakeFiles/libprotobuf.dir/src/google/protobuf/internal_message_util.cc.o
[2026-02-09 09:57:10] [ 66%] Building CXX object CMakeFiles/libprotobuf.dir/src/google/protobuf/inlined_string_field.cc.o
[2026-02-09 09:57:10] [ 66%] Building CXX object CMakeFiles/libprotobuf.dir/src/google/protobuf/io/coded_stream.cc.o
[2026-02-09 09:57:10] [ 67%] Building CXX object CMakeFiles/libprotobuf.dir/src/google/protobuf/io/io_win32.cc.o
[2026-02-09 09:57:10] [ 67%] Building CXX object CMakeFiles/libprotobuf.dir/src/google/protobuf/io/gzip_stream.cc.o
[2026-02-09 09:57:10] [ 68%] Building CXX object CMakeFiles/libprotobuf.dir/src/google/protobuf/io/zero_copy_stream.cc.o
[2026-02-09 09:57:10] [ 68%] Building CXX object CMakeFiles/libprotobuf.dir/src/google/protobuf/io/tokenizer.cc.o
[2026-02-09 09:57:10] [ 68%] Building CXX object CMakeFiles/libprotobuf.dir/src/google/protobuf/io/strtod.cc.o
[2026-02-09 09:57:10] [ 68%] Building CXX object CMakeFiles/libprotobuf.dir/src/google/protobuf/io/printer.cc.o
[2026-02-09 09:57:10] [ 68%] Building CXX object CMakeFiles/libprotobuf.dir/src/google/protobuf/io/zero_copy_sink.cc.o
[2026-02-09 09:57:10] [ 68%] Building CXX object CMakeFiles/libprotobuf.dir/src/google/protobuf/io/zero_copy_stream_impl.cc.o
[2026-02-09 09:57:10] [ 68%] Building CXX object CMakeFiles/libprotobuf.dir/src/google/protobuf/io/zero_copy_stream_impl_lite.cc.o
[2026-02-09 09:57:10] [ 68%] Building CXX object CMakeFiles/libprotobuf.dir/src/google/protobuf/json/internal//home/y00951989/ops-transformer/third_party/ascend_protobuf/src/google/protobuf/message_lite.cc: In member function ‘int ascend_private::protobuf::MessageLite::GetCachedSize() const’:
/home/y00951989/ops-transformer/third_party/ascend_protobuf/src/google/protobuf/message_lite.cc:69:71: warning: ‘int ascend_private::protobuf::MessageLite::ByteSize() const’ is deprecated: Please use ByteSizeLong() instead [-Wdeprecated-declarations]
   69 |   if (PROTOBUF_PREDICT_FALSE(cached_size == nullptr)) return ByteSize();
      |                                                                       ^
In file included from /home/y00951989/ops-transformer/third_party/ascend_protobuf/src/google/protobuf/message_lite.cc:13:
/home/y00951989/ops-transformer/third_party/ascend_protobuf/src/google/protobuf/message_lite.h:454:59: note: declared here
  454 |   [[deprecated("Please use ByteSizeLong() instead")]] int ByteSize() const {
      |                                                           ^~~~~~~~
lexer.cc.o
[2026-02-09 09:57:10] [ 69%] Building CXX object CMakeFiles/libprotobuf.dir/src/google/protobuf/json/internal/message_path.cc.o
[2026-02-09 09:57:10] [ 69%] Building CXX object CMakeFiles/libprotobuf.dir/src/google/protobuf/json/internal/untyped_message.cc.o
[2026-02-09 09:57:10] [ 69%] Building CXX object CMakeFiles/libprotobuf.dir/src/google/protobuf/map.cc.o
[2026-02-09 09:57:10] [ 69%] Building CXX object CMakeFiles/libprotobuf.dir/src/google/protobuf/json/internal/parser.cc.o
[2026-02-09 09:57:10] [ 69%] Building CXX object CMakeFiles/libprotobuf.dir/src/google/protobuf/json/internal/unparser.cc.o
[2026-02-09 09:57:10] [ 69%] Building CXX object CMakeFiles/libprotobuf.dir/src/google/protobuf/json/internal/writer.cc.o
[2026-02-09 09:57:10] [ 70%] Building CXX object CMakeFiles/libprotobuf.dir/src/google/protobuf/json/internal/zero_copy_buffered_stream.cc.o
[2026-02-09 09:57:10] [ 70%] Building CXX object CMakeFiles/libprotobuf.dir/src/google/protobuf/map_field.cc.o
[2026-02-09 09:57:10] [ 70%] Building CXX object CMakeFiles/libprotobuf.dir/src/google/protobuf/json/json.cc.o
[2026-02-09 09:57:10] [ 71%] Building CXX object CMakeFiles/libprotobuf.dir/src/google/protobuf/message_lite.cc.o
[2026-02-09 09:57:10] [ 71%] Building CXX object CMakeFiles/libprotobuf.dir/src/google/protobuf/parse_context.cc.o
[2026-02-09 09:57:10] [ 71%] Building CXX object CMakeFiles/libprotobuf.dir/src/google/protobuf/port.cc.o
[2026-02-09 09:57:10] [ 71%] Building CXX object CMakeFiles/libprotobuf.dir/src/google/protobuf/message.cc.o
[2026-02-09 09:57:10] [ 71%] Building CXX object CMakeFiles/libprotobuf.dir/src/google/protobuf/raw_ptr.cc.o
[2026-02-09 09:57:10] [ 72%] Building CXX object CMakeFiles/libprotobuf.dir/src/google/protobuf/reflection_mode.cc.o
[2026-02-09 09:57:10] [ 72%] Building CXX object CMakeFiles/libprotobuf.dir/src/google/protobuf/reflection_ops.cc.o
[2026-02-09 09:57:10] [ 73%] Building CXX object third_party/abseil-cpp/absl/flags/CMakeFiles/flags_usage.dir/usage.cc.o
[2026-02-09 09:57:10] [ 73%] Building CXX object CMakeFiles/libprotobuf.dir/src/google/protobuf/repeated_field.cc.o
[2026-02-09 09:57:10] [ 73%] Building CXX object CMakeFiles/libprotobuf.dir/src/google/protobuf/repeated_ptr_field.cc.o
[2026-02-09 09:57:10] [ 74%] Building CXX object CMakeFiles/libprotobuf.dir/src/google/protobuf/stubs/common.cc.o
[2026-02-09 09:57:10] [ 74%] Building CXX object CMakeFiles/libprotobuf.dir/src/google/protobuf/service.cc.o
[2026-02-09 09:57:10] [ 74%] Building CXX object CMakeFiles/libprotobuf.dir/src/google/protobuf/util/delimited_message_util.cc.o
[2026-02-09 09:57:10] [ 74%] Building CXX object CMakeFiles/libprotobuf.dir/src/google/protobuf/util/field_mask_util.cc.o
[2026-02-09 09:57:10] [ 74%] Building CXX object CMakeFiles/libprotobuf.dir/src/google/protobuf/text_format.cc.o
[2026-02-09 09:57:10] [ 74%] Building CXX object CMakeFiles/libprotobuf.dir/src/google/protobuf/unknown_field_set.cc.o
[2026-02-09 09:57:10] [ 75%] Building CXX object CMakeFiles/libprotobuf.dir/src/google/protobuf/util/field_comparator.cc.o
[2026-02-09 09:57:10] [ 75%] Building CXX object CMakeFiles/libprotobuf.dir/src/google/protobuf/util/message_differencer.cc.o
[2026-02-09 09:57:10] [ 75%] Building CXX object CMakeFiles/libprotobuf.dir/src/google/protobuf/util/time_util.cc.o
[2026-02-09 09:57:10] [ 75%] Building CXX object CMakeFiles/libprotobuf.dir/src/google/protobuf/util/type_resolver_util.cc.o
[2026-02-09 09:57:10] [ 76%] Building CXX object CMakeFiles/libprotobuf.dir/src/google/protobuf/wire_format_lite.cc.o
[2026-02-09 09:57:10] [ 76%] Building CXX object CMakeFiles/libprotobuf.dir/src/google/protobuf/wire_format.cc.o
[2026-02-09 09:57:10] [ 76%] Built target libprotobuf-lite
[2026-02-09 09:57:10] [ 76%] Linking CXX static library libabsl_flags_usage.a
[2026-02-09 09:57:10] [ 76%] Linking CXX static library libascend_protobuf.a
[2026-02-09 09:57:10] [ 76%] Built target flags_usage
[2026-02-09 09:57:10] [ 76%] Building CXX object third_party/abseil-cpp/absl/flags/CMakeFiles/flags_parse.dir/parse.cc.o
[2026-02-09 09:57:10] [ 76%] Linking CXX static library libabsl_flags_parse.a
[2026-02-09 09:57:10] [ 76%] Built target flags_parse
[2026-02-09 09:57:10] [ 76%] Built target libprotobuf
[2026-02-09 09:57:10] [ 76%] Building CXX object CMakeFiles/libprotoc.dir/src/google/protobuf/compiler/allowlists/editions.cc.o
[2026-02-09 09:57:10] [ 76%] Building CXX object CMakeFiles/libprotoc.dir/src/google/protobuf/compiler/allowlists/empty_package.cc.o
[2026-02-09 09:57:10] [ 77%] Building CXX object CMakeFiles/libprotoc.dir/src/google/protobuf/compiler/allowlists/open_enum.cc.o
[2026-02-09 09:57:10] [ 77%] Building CXX object CMakeFiles/libprotoc.dir/src/google/protobuf/compiler/allowlists/unused_imports.cc.o
[2026-02-09 09:57:10] [ 77%] Building CXX object CMakeFiles/libprotoc.dir/src/google/protobuf/compiler/code_generator.cc.o
[2026-02-09 09:57:10] [ 77%] Building CXX object CMakeFiles/libprotoc.dir/src/google/protobuf/compiler/allowlists/weak_imports.cc.o
[2026-02-09 09:57:10] [ 77%] Building CXX object CMakeFiles/libprotoc.dir/src/google/protobuf/compiler/command_line_interface.cc.o
[2026-02-09 09:57:10] [ 77%] Building CXX object CMakeFiles/libprotoc.dir/src/google/protobuf/compiler/cpp/enum.cc.o
[2026-02-09 09:57:10] [ 78%] Building CXX object CMakeFiles/libprotoc.dir/src/google/protobuf/compiler/cpp/field.cc.o
[2026-02-09 09:57:10] [ 78%] Building CXX object CMakeFiles/libprotoc.dir/src/google/protobuf/compiler/cpp/extension.cc.o
[2026-02-09 09:57:10] [ 78%] Building CXX object CMakeFiles/libprotoc.dir/src/google/protobuf/compiler/cpp/field_generators/cord_field.cc.o
[2026-02-09 09:57:10] [ 78%] Building CXX object CMakeFiles/libprotoc.dir/src/google/protobuf/compiler/cpp/field_generators/enum_field.cc.o
[2026-02-09 09:57:10] [ 79%] Building CXX object CMakeFiles/libprotoc.dir/src/google/protobuf/compiler/cpp/field_generators/map_field.cc.o
[2026-02-09 09:57:10] [ 79%] Building CXX object CMakeFiles/libprotoc.dir/src/google/protobuf/compiler/cpp/field_generators/primitive_field.cc.o
[2026-02-09 09:57:10] [ 79%] Building CXX object CMakeFiles/libprotoc.dir/src/google/protobuf/compiler/cpp/field_generators/message_field.cc.o
[2026-02-09 09:57:10] [ 80%] Building CXX object CMakeFiles/libprotoc.dir/src/google/protobuf/compiler/cpp/generator.cc.o
[2026-02-09 09:57:10] [ 80%] Building CXX object CMakeFiles/libprotoc.dir/src/google/protobuf/compiler/cpp/field_generators/string_field.cc.o
[2026-02-09 09:57:10] [ 80%] Building CXX object CMakeFiles/libprotoc.dir/src/google/protobuf/compiler/cpp/file.cc.o
[2026-02-09 09:57:10] [ 80%] Building CXX object CMakeFiles/libprotoc.dir/src/google/protobuf/compiler/cpp/helpers.cc.o
[2026-02-09 09:57:10] [ 80%] Building CXX object CMakeFiles/libprotoc.dir/src/google/protobuf/compiler/cpp/padding_optimizer.cc.o
[2026-02-09 09:57:10] [ 80%] Building CXX object CMakeFiles/libprotoc.dir/src/google/protobuf/compiler/cpp/message.cc.o
[2026-02-09 09:57:10] [ 80%] Building CXX object CMakeFiles/libprotoc.dir/src/google/protobuf/compiler/cpp/tracker.cc.o
[2026-02-09 09:57:10] [ 81%] Building CXX object CMakeFiles/libprotoc.dir/src/google/protobuf/compiler/csharp/csharp_doc_comment.cc.o
[2026-02-09 09:57:10] [ 81%] Building CXX object CMakeFiles/libprotoc.dir/src/google/protobuf/compiler/cpp/parse_function_generator.cc.o
[2026-02-09 09:57:10] [ 81%] Building CXX object CMakeFiles/libprotoc.dir/src/google/protobuf/compiler/cpp/service.cc.o
[2026-02-09 09:57:10] [ 81%] Building CXX object CMakeFiles/libprotoc.dir/src/google/protobuf/compiler/csharp/csharp_enum.cc.o
[2026-02-09 09:57:10] [ 82%] Building CXX object CMakeFiles/libprotoc.dir/src/google/protobuf/compiler/csharp/csharp_enum_field.cc.o
[2026-02-09 09:57:10] [ 82%] Building CXX object CMakeFiles/libprotoc.dir/src/google/protobuf/compiler/csharp/csharp_field_base.cc.o
[2026-02-09 09:57:10] [ 82%] Building CXX object CMakeFiles/libprotoc.dir/src/google/protobuf/compiler/csharp/csharp_generator.cc.o
[2026-02-09 09:57:10] [ 82%] Building CXX object CMakeFiles/libprotoc.dir/src/google/protobuf/compiler/csharp/csharp_helpers.cc.o
[2026-02-09 09:57:10] [ 82%] Building CXX object CMakeFiles/libprotoc.dir/src/google/protobuf/compiler/csharp/csharp_map_field.cc.o
[2026-02-09 09:57:10] [ 83%] Building CXX object CMakeFiles/libprotoc.dir/src/google/protobuf/compiler/csharp/csharp_message.cc.o
[2026-02-09 09:57:10] [ 83%] Building CXX object CMakeFiles/libprotoc.dir/src/google/protobuf/compiler/csharp/csharp_message_field.cc.o
[2026-02-09 09:57:10] [ 83%] Building CXX object CMakeFiles/libprotoc.dir/src/google/protobuf/compiler/csharp/csharp_reflection_class.cc.o
[2026-02-09 09:57:10] [ 83%] Building CXX object CMakeFiles/libprotoc.dir/src/google/protobuf/compiler/csharp/csharp_primitive_field.cc.o
[2026-02-09 09:57:10] [ 84%] Building CXX object CMakeFiles/libprotoc.dir/src/google/protobuf/compiler/csharp/csharp_repeated_enum_field.cc.o
[2026-02-09 09:57:10] [ 84%] Building CXX object CMakeFiles/libprotoc.dir/src/google/protobuf/compiler/csharp/csharp_repeated_message_field.cc.o
[2026-02-09 09:57:10] [ 84%] Building CXX object CMakeFiles/libprotoc.dir/src/google/protobuf/compiler/csharp/csharp_repeated_primitive_field.cc.o
[2026-02-09 09:57:10] [ 84%] Building CXX object CMakeFiles/libprotoc.dir/src/google/protobuf/compiler/csharp/csharp_source_generator_base.cc.o
[2026-02-09 09:57:10] [ 84%] Building CXX object CMakeFiles/libprotoc.dir/src/google/protobuf/compiler/csharp/csharp_wrapper_field.cc.o
[2026-02-09 09:57:10] [ 84%] Building CXX object CMakeFiles/libprotoc.dir/src/google/protobuf/compiler/java/context.cc.o
[2026-02-09 09:57:10] [ 85%] Building CXX object CMakeFiles/libprotoc.dir/src/google/protobuf/compiler/csharp/names.cc.o
[2026-02-09 09:57:10] [ 85%] Building CXX object CMakeFiles/libprotoc.dir/src/google/protobuf/compiler/java/doc_comment.cc.o
[2026-02-09 09:57:10] [ 85%] Building CXX object CMakeFiles/libprotoc.dir/src/google/protobuf/compiler/java/enum.cc.o
[2026-02-09 09:57:10] [ 86%] Building CXX object CMakeFiles/libprotoc.dir/src/google/protobuf/compiler/java/enum_field.cc.o
[2026-02-09 09:57:10] [ 86%] Building CXX object CMakeFiles/libprotoc.dir/src/google/protobuf/compiler/java/enum_field_lite.cc.o
[2026-02-09 09:57:10] [ 86%] Building CXX object CMakeFiles/libprotoc.dir/src/google/protobuf/compiler/java/enum_lite.cc.o
[2026-02-09 09:57:10] [ 86%] Building CXX object CMakeFiles/libprotoc.dir/src/google/protobuf/compiler/java/extension.cc.o
[2026-02-09 09:57:10] [ 86%] Building CXX object CMakeFiles/libprotoc.dir/src/google/protobuf/compiler/java/extension_lite.cc.o
[2026-02-09 09:57:10] [ 86%] Building CXX object CMakeFiles/libprotoc.dir/src/google/protobuf/compiler/java/file.cc.o
[2026-02-09 09:57:10] [ 87%] Building CXX object CMakeFiles/libprotoc.dir/src/google/protobuf/compiler/java/field.cc.o
[2026-02-09 09:57:10] [ 87%] Building CXX object CMakeFiles/libprotoc.dir/src/google/protobuf/compiler/java/generator.cc.o
[2026-02-09 09:57:10] [ 87%] Building CXX object CMakeFiles/libprotoc.dir/src/google/protobuf/compiler/java/generator_factory.cc.o
[2026-02-09 09:57:10] [ 87%] Building CXX object CMakeFiles/libprotoc.dir/src/google/protobuf/compiler/java/map_field.cc.o
[2026-02-09 09:57:10] [ 87%] Building CXX object CMakeFiles/libprotoc.dir/src/google/protobuf/compiler/java/kotlin_generator.cc.o
[2026-02-09 09:57:10] [ 87%] Building CXX object CMakeFiles/libprotoc.dir/src/google/protobuf/compiler/java/helpers.cc.o
[2026-02-09 09:57:10] [ 87%] Building CXX object CMakeFiles/libprotoc.dir/src/google/protobuf/compiler/java/map_field_lite.cc.o
[2026-02-09 09:57:10] [ 88%] Building CXX object CMakeFiles/libprotoc.dir/src/google/protobuf/compiler/java/java_features.pb.cc.o
[2026-02-09 09:57:10] [ 89%] Building CXX object CMakeFiles/libprotoc.dir/src/google/protobuf/compiler/java/message.cc.o
[2026-02-09 09:57:10] [ 89%] Building CXX object CMakeFiles/libprotoc.dir/src/google/protobuf/compiler/java/message_builder.cc.o
[2026-02-09 09:57:10] [ 89%] Building CXX object CMakeFiles/libprotoc.dir/src/google/protobuf/compiler/java/message_builder_lite.cc.o
[2026-02-09 09:57:10] [ 89%] Building CXX object CMakeFiles/libprotoc.dir/src/google/protobuf/compiler/java/message_field_lite.cc.o
[2026-02-09 09:57:10] [ 90%] Building CXX object CMakeFiles/libprotoc.dir/src/google/protobuf/compiler/java/message_lite.cc.o
[2026-02-09 09:57:10] [ 90%] Building CXX object CMakeFiles/libprotoc.dir/src/google/protobuf/compiler/java/message_serialization.cc.o
[2026-02-09 09:57:10] [ 90%] Building CXX object CMakeFiles/libprotoc.dir/src/google/protobuf/compiler/java/name_resolver.cc.o
[2026-02-09 09:57:10] [ 90%] Building CXX object CMakeFiles/libprotoc.dir/src/google/protobuf/compiler/java/message_field.cc.o
[2026-02-09 09:57:10] [ 91%] Building CXX object CMakeFiles/libprotoc.dir/src/google/protobuf/compiler/java/primitive_field.cc.o
[2026-02-09 09:57:10] [ 91%] Building CXX object CMakeFiles/libprotoc.dir/src/google/protobuf/compiler/java/service.cc.o
[2026-02-09 09:57:10] [ 91%] Building CXX object CMakeFiles/libprotoc.dir/src/google/protobuf/compiler/java/primitive_field_lite.cc.o
[2026-02-09 09:57:10] [ 91%] Building CXX object CMakeFiles/libprotoc.dir/src/google/protobuf/compiler/java/shared_code_generator.cc.o
[2026-02-09 09:57:10] [ 91%] Building CXX object CMakeFiles/libprotoc.dir/src/google/protobuf/compiler/java/names.cc.o
[2026-02-09 09:57:10] [ 91%] Building CXX object CMakeFiles/libprotoc.dir/src/google/protobuf/compiler/java/string_field.cc.o
[2026-02-09 09:57:10] [ 92%] Building CXX object CMakeFiles/libprotoc.dir/src/google/protobuf/compiler/java/string_field_lite.cc.o
[2026-02-09 09:57:10] [ 92%] Building CXX object CMakeFiles/libprotoc.dir/src/google/protobuf/compiler/objectivec/enum.cc.o
[2026-02-09 09:57:10] [ 92%] Building CXX object CMakeFiles/libprotoc.dir/src/google/protobuf/compiler/objectivec/enum_field.cc.o
[2026-02-09 09:57:10] [ 92%] Building CXX object CMakeFiles/libprotoc.dir/src/google/protobuf/compiler/objectivec/extension.cc.o
[2026-02-09 09:57:10] [ 93%] Building CXX object CMakeFiles/libprotoc.dir/src/google/protobuf/compiler/objectivec/file.cc.o
[2026-02-09 09:57:10] [ 93%] Building CXX object CMakeFiles/libprotoc.dir/src/google/protobuf/compiler/objectivec/field.cc.o
[2026-02-09 09:57:10] [ 93%] Building CXX object CMakeFiles/libprotoc.dir/src/google/protobuf/compiler/objectivec/helpers.cc.o
[2026-02-09 09:57:10] [ 93%] Building CXX object CMakeFiles/libprotoc.dir/src/google/protobuf/compiler/objectivec/generator.cc.o
[2026-02-09 09:57:10] [ 93%] Building CXX object CMakeFiles/libprotoc.dir/src/google/protobuf/compiler/objectivec/import_writer.cc.o
[2026-02-09 09:57:10] [ 94%] Building CXX object CMakeFiles/libprotoc.dir/src/google/protobuf/compiler/objectivec/line_consumer.cc.o
[2026-02-09 09:57:10] [ 94%] Building CXX object CMakeFiles/libprotoc.dir/src/google/protobuf/compiler/objectivec/map_field.cc.o
[2026-02-09 09:57:10] [ 94%] Building CXX object CMakeFiles/libprotoc.dir/src/google/protobuf/compiler/objectivec/message.cc.o
[2026-02-09 09:57:10] [ 95%] Building CXX object CMakeFiles/libprotoc.dir/src/google/protobuf/compiler/objectivec/oneof.cc.o
[2026-02-09 09:57:10] [ 95%] Building CXX object CMakeFiles/libprotoc.dir/src/google/protobuf/compiler/objectivec/primitive_field.cc.o
[2026-02-09 09:57:10] [ 95%] Building CXX object CMakeFiles/libprotoc.dir/src/google/protobuf/compiler/objectivec/names.cc.o
[2026-02-09 09:57:10] [ 95%] Building CXX object CMakeFiles/libprotoc.dir/src/google/protobuf/compiler/objectivec/text_format_decode_data.cc.o
[2026-02-09 09:57:10] [ 95%] Building CXX object CMakeFiles/libprotoc.dir/src/google/protobuf/compiler/objectivec/message_field.cc.o
[2026-02-09 09:57:10] [ 96%] Building CXX object CMakeFiles/libprotoc.dir/src/google/protobuf/compiler/php/php_generator.cc.o
[2026-02-09 09:57:10] [ 96%] Building CXX object CMakeFiles/libprotoc.dir/src/google/protobuf/compiler/php/names.cc.o
[2026-02-09 09:57:10] [ 96%] Building CXX object CMakeFiles/libprotoc.dir/src/google/protobuf/compiler/plugin.pb.cc.o
[2026-02-09 09:57:10] [ 96%] Building CXX object CMakeFiles/libprotoc.dir/src/google/protobuf/compiler/plugin.cc.o
[2026-02-09 09:57:10] [ 96%] Building CXX object CMakeFiles/libprotoc.dir/src/google/protobuf/compiler/python/generator.cc.o
[2026-02-09 09:57:1In file included from /home/y00951989/ops-transformer/mc2/moe_distribute_combine_v2/op_host/op_tiling/moe_distribute_combine_v2_extend_tiling.cpp:29:
/home/y00951989/ops-transformer/mc2/moe_distribute_combine_v2/op_host/op_tiling/moe_distribute_combine_tiling_base.h: In function ‘ge::graphStatus optiling::SetWorkspace(gert::TilingContext*, const char*)’:
/home/y00951989/ops-transformer/mc2/moe_distribute_combine_v2/op_host/op_tiling/moe_distribute_combine_tiling_base.h:652:119: warning: integer overflow in expression of type ‘int’ results in ‘0’ [-Woverflow]
  652 |     workspace[0] = common_const::SYSTEM_NEED_WORKSPACE + aivNum * common_const::MASK_CALC_NEED_WORKSPACE + 4*1024*1024*1024;
      |                                                                                                            ~~~~~~~~~~~^~~~~
In file included from /home/y00951989/ops-transformer/mc2/common/inc/tiling/../../../3rd/mat_mul_v3/op_host/op_tiling/arch35/matmul_v3_compile_info_advanced.h:25,
                 from /home/y00951989/ops-transformer/mc2/common/inc/tiling/../../../3rd/mat_mul_v3/op_host/op_tiling/arch35/matmul_v3_base_tiling_advanced.h:22,
                 from /home/y00951989/ops-transformer/mc2/common/inc/tiling/mc2_tiling_utils.h:31,
                 from /home/y00951989/ops-transformer/mc2/moe_distribute_combine_v2/op_host/op_tiling/moe_distribute_combine_tiling_base.h:32,
                 from /home/y00951989/ops-transformer/mc2/moe_distribute_combine_v2/op_host/op_tiling/moe_distribute_combine_v2_extend_tiling.cpp:29:
/home/y00951989/ops-transformer/mc2/moe_distribute_combine_v2/op_host/op_tiling/moe_distribute_combine_v2_extend_tiling.cpp: In function ‘ge::graphStatus optiling::CheckWinSize(const gert::TilingContext*, MoeDistributeCombineV2ExtendTilingData*, const char*, uint32_t)’:
/home/y00951989/ops-transformer/mc2/moe_distribute_combine_v2/op_host/op_tiling/moe_distribute_combine_v2_extend_tiling.cpp:596:27: warning: format ‘%u’ expects argument of type ‘unsigned int’, but argument 10 has type ‘uint64_t’ {aka ‘long unsigned int’} [-Wformat=]
  596 |         OP_LOGE(nodeName, "HCCL_BUFFSIZE_EP is too SMALL, maxBs = %lu, h = %lu, epWorldSize = %lu,"
......
  600 |             " HCCL_BUFFSIZE=%luMB.", maxBs, h, epWorldSize, localMoeExpertNum, sharedExpertNum,
      |                                                                                ~~~~~~~~~~~~~~~
      |                                                                                |
      |                                                                                uint64_t {aka long unsigned int}
/home/y00951989/ops-transformer/mc2/common/inc/tiling/../../../3rd/mat_mul_v3/op_host/op_tiling/arch35/../../../../../common/inc/mc2_log.h:239:7: note: in definition of macro ‘OP_TILING_CHECK’
  239 |       log_func;                               \
      |       ^~~~~~~~
/home/y00951989/ops-transformer/mc2/moe_distribute_combine_v2/op_host/op_tiling/moe_distribute_combine_v2_extend_tiling.cpp:596:9: note: in expansion of macro ‘OP_LOGE’
  596 |         OP_LOGE(nodeName, "HCCL_BUFFSIZE_EP is too SMALL, maxBs = %lu, h = %lu, epWorldSize = %lu,"
      |         ^~~~~~~
/home/y00951989/ops-transformer/mc2/moe_distribute_combine_v2/op_host/op_tiling/moe_distribute_combine_v2_extend_tiling.cpp:597:58: note: format string is defined here
  597 |             " localMoeExpertNum = %u, sharedExpertNum = %u, tokenNeedSizeDispatch = %lu, tokenNeedSizeCombine = %lu,"
      |                                                         ~^
      |                                                          |
      |                                                          unsigned int
      |                                                         %lu
make[1]: *** [CMakeFiles/Makefile2:1597: mc2/moe_distribute_combine_v2/op_host/CMakeFiles/ophost_transformer_tiling_obj.dir/all] Error 2
make: *** [Makefile:156: all] Error 2
0] [ 97%] Building CXX object CMakeFiles/libprotoc.dir/src/google/protobuf/compiler/python/pyi_generator.cc.o
[2026-02-09 09:57:10] [ 97%] Building CXX object CMakeFiles/libprotoc.dir/src/google/protobuf/compiler/python/helpers.cc.o
[2026-02-09 09:57:10] [ 97%] Building CXX object CMakeFiles/libprotoc.dir/src/google/protobuf/compiler/ruby/ruby_generator.cc.o
[2026-02-09 09:57:10] [ 97%] Building CXX object CMakeFiles/libprotoc.dir/src/google/protobuf/compiler/retention.cc.o
[2026-02-09 09:57:10] [ 97%] Building CXX object CMakeFiles/libprotoc.dir/src/google/protobuf/compiler/rust/accessors/singular_scalar.cc.o
[2026-02-09 09:57:10] [ 97%] Building CXX object CMakeFiles/libprotoc.dir/src/google/protobuf/compiler/rust/accessors/singular_string.cc.o
[2026-02-09 09:57:10] [ 97%] Building CXX object CMakeFiles/libprotoc.dir/src/google/protobuf/compiler/rust/accessors/accessors.cc.o
[2026-02-09 09:57:10] [ 97%] Building CXX object CMakeFiles/libprotoc.dir/src/google/protobuf/compiler/rust/accessors/unsupported_field.cc.o
[2026-02-09 09:57:10] [ 98%] Building CXX object CMakeFiles/libprotoc.dir/src/google/protobuf/compiler/rust/accessors/singular_message.cc.o
[2026-02-09 09:57:10] [ 98%] Building CXX object CMakeFiles/libprotoc.dir/src/google/protobuf/compiler/rust/context.cc.o
[2026-02-09 09:57:10] [ 99%] Building CXX object CMakeFiles/libprotoc.dir/src/google/protobuf/compiler/rust/generator.cc.o
[2026-02-09 09:57:10] [ 99%] Building CXX object CMakeFiles/libprotoc.dir/src/google/protobuf/compiler/rust/relative_path.cc.o
[2026-02-09 09:57:10] [ 99%] Building CXX object CMakeFiles/libprotoc.dir/src/google/protobuf/compiler/rust/message.cc.o
[2026-02-09 09:57:10] [ 99%] Building CXX object CMakeFiles/libprotoc.dir/src/google/protobuf/compiler/rust/naming.cc.o
[2026-02-09 09:57:10] [ 99%] Building CXX object CMakeFiles/libprotoc.dir/src/google/protobuf/compiler/rust/oneof.cc.o
[2026-02-09 09:57:10] [100%] Building CXX object CMakeFiles/libprotoc.dir/src/google/protobuf/compiler/subprocess.cc.o
[2026-02-09 09:57:10] [100%] Building CXX object CMakeFiles/libprotoc.dir/src/google/protobuf/compiler/zip_writer.cc.o
[2026-02-09 09:57:10] [100%] Linking CXX static library libascend_protoc.a
[2026-02-09 09:57:10] [100%] Built target libprotoc
[2026-02-09 09:57:10] [100%] Building CXX object CMakeFiles/protoc.dir/src/google/protobuf/compiler/main.cc.o
[2026-02-09 09:57:10] [100%] Linking CXX executable protoc
[2026-02-09 09:57:11] [100%] Built target protoc
[2026-02-09 09:57:11] [ 86%] No install step for 'ascend_protobuf_build_transformer'
[2026-02-09 09:57:11] [ 87%] Completed 'ascend_protobuf_build_transformer'
[2026-02-09 09:57:11] [ 87%] Built target ascend_protobuf_build_transformer
