testcase_name,op_name,stc_input_dtypes,other_compilation_params,stc_inputs,output_dtypes,stc_outputs,dyn_inputs,dyn_input_dtypes,dyn_outputs,input_data_ranges,precision_tolerances,1971_bin_perf_us,1971_to_V100_bin_perf_us
moe_init_routing_v3_0001,moe_init_routing_v3,"('int8', 'int32','float32','float32')","{'active_num':714, 'expert_capacity':-1, 'expert_num':256, 'drop_pad_mode':0, 'expert_tokens_num_type': 1, 'expert_tokens_num_flag':True, 'quant_mode':-1, 'active_expert_range':[82, 212],'row_idx_type':1}","((21, 34), (21, 34),(21,),None)","('int8', 'int32', 'int64', 'float32')","((714, 34), (714,), (130,), (714,))","((-1, -1), (-1, -1),(-1,),None)","('int8', 'int32','float32','float32')","((-1, -1), (-1,), (-1,), (-1,))","((-200.0, 200.0), (0, 255),(-200.0, 200.0),(-200.0, 200.0))","((0.0001, 0.0001))",33.54,36.45652174
moe_init_routing_v3_0002,moe_init_routing_v3,"('bfloat16', 'int32','float32','float32')","{'active_num':108, 'expert_capacity':-1, 'expert_num':256, 'drop_pad_mode':0, 'expert_tokens_num_type': 1, 'expert_tokens_num_flag':True, 'quant_mode':1, 'active_expert_range':[33, 39],'row_idx_type':1}","((27, 14), (27, 4),(6, 14),None)","('int8', 'int32', 'int64', 'float32')","((108, 14), (108,), (6,), (108,))","((-1, -1), (-1, -1),(-1, -1),None)","('bfloat16', 'int32','float32','float32')","((-1, -1), (-1,), (-1,), (-1,))","((-200.0, 200.0), (0, 255),(-200.0, 200.0),(-200.0, 200.0))","((0.004, 0.004))",21.42,23.2826087
moe_init_routing_v3_0007,moe_init_routing_v3,"('float16', 'int32','float32','float32')","{'active_num':780, 'expert_capacity':-1, 'expert_num':256, 'drop_pad_mode':0, 'expert_tokens_num_type': 1, 'expert_tokens_num_flag':True, 'quant_mode':1, 'active_expert_range':[111, 208],'row_idx_type':1}","((26, 35), (26, 30),(97, 35),None)","('int8', 'int32', 'int64', 'float32')","((780, 35), (780,), (97,), (780,))","((-1, -1), (-1, -1),(-1, -1),None)","('float16', 'int32','float32','float32')","((-1, -1), (-1,), (-1,), (-1,))","((-200.0, 200.0), (0, 255),(-200.0, 200.0),(-200.0, 200.0))","((0.001, 0.001))",30.5,33.15217391
moe_init_routing_v3_0011,moe_init_routing_v3,"('bfloat16', 'int32','float32','float32')","{'active_num':204, 'expert_capacity':-1, 'expert_num':256, 'drop_pad_mode':0, 'expert_tokens_num_type': 1, 'expert_tokens_num_flag':True, 'quant_mode':1, 'active_expert_range':[93, 201],'row_idx_type':1}","((6, 26), (6, 34),None,None)","('int8', 'int32', 'int64', 'float32')","((204, 26), (204,), (108,), (204,))","((-1, -1), (-1, -1),None,None)","('bfloat16', 'int32','float32','float32')","((-1, -1), (-1,), (-1,), (-1,))","((-200.0, 200.0), (0, 255),(-200.0, 200.0),(-200.0, 200.0))","((0.004, 0.004))",24.84,27
moe_init_routing_v3_0012,moe_init_routing_v3,"('bfloat16', 'int32','float32','float32')","{'active_num':528, 'expert_capacity':-1, 'expert_num':256, 'drop_pad_mode':0, 'expert_tokens_num_type': 1, 'expert_tokens_num_flag':True, 'quant_mode':1, 'active_expert_range':[5, 244],'row_idx_type':1}","((33, 33), (33, 16),(239, 33),None)","('int8', 'int32', 'int64', 'float32')","((528, 33), (528,), (239,), (528,))","((-1, -1), (-1, -1),(-1, -1),None)","('bfloat16', 'int32','float32','float32')","((-1, -1), (-1,), (-1,), (-1,))","((-200.0, 200.0), (0, 255),(-200.0, 200.0),(-200.0, 200.0))","((0.004, 0.004))",33.52,36.43478261
moe_init_routing_v3_0017,moe_init_routing_v3,"('float16', 'int32','float32','float32')","{'active_num':270, 'expert_capacity':-1, 'expert_num':256, 'drop_pad_mode':0, 'expert_tokens_num_type': 1, 'expert_tokens_num_flag':True, 'quant_mode':1, 'active_expert_range':[38, 159],'row_idx_type':0}","((27, 18), (27, 10),(121, 18),None)","('int8', 'int32', 'int64', 'float32')","((270, 18), (270,), (121,), (270,))","((-1, -1), (-1, -1),(-1, -1),None)","('float16', 'int32','float32','float32')","((-1, -1), (-1,), (-1,), (-1,))","((-200.0, 200.0), (0, 255),(-200.0, 200.0),(-200.0, 200.0))","((0.001, 0.001))",35.38,38.45652174
moe_init_routing_v3_0018,moe_init_routing_v3,"('int8', 'int32','float32','float32')","{'active_num':8, 'expert_capacity':-1, 'expert_num':256, 'drop_pad_mode':0, 'expert_tokens_num_type': 1, 'expert_tokens_num_flag':True, 'quant_mode':-1, 'active_expert_range':[26, 114],'row_idx_type':0}","((1, 40), (1, 8),None,None)","('int8', 'int32', 'int64', 'float32')","((8, 40), (8,), (88,), (8,))","((-1, -1), (-1, -1),None,None)","('int8', 'int32','float32','float32')","((-1, -1), (-1,), (-1,), (-1,))","((-200.0, 200.0), (0, 255),(-200.0, 200.0),(-200.0, 200.0))","((0.0001, 0.0001))",22.5,24.45652174
moe_init_routing_v3_0029,moe_init_routing_v3,"('bfloat16', 'int32','float32','float32')","{'active_num':714, 'expert_capacity':-1, 'expert_num':1024, 'drop_pad_mode':0, 'expert_tokens_num_type': 1, 'expert_tokens_num_flag':True, 'quant_mode':-1, 'active_expert_range':[19, 356],'row_idx_type':1}","((34, 4), (34, 21),None,None)","('bfloat16', 'int32', 'int64', 'float32')","((714, 4), (714,), (337,), (714,))","((-1, -1), (-1, -1),None,None)","('bfloat16', 'int32','float32','float32')","((-1, -1), (-1,), (-1,), (-1,))","((-200.0, 200.0), (0, 1023),(-200.0, 200.0),(-200.0, 200.0))","((0.004, 0.004))",34.64,37.65217391
moe_init_routing_v3_0035,moe_init_routing_v3,"('int8', 'int32','float32','float32')","{'active_num':170, 'expert_capacity':-1, 'expert_num':1024, 'drop_pad_mode':0, 'expert_tokens_num_type': 1, 'expert_tokens_num_flag':True, 'quant_mode':-1, 'active_expert_range':[129, 534],'row_idx_type':0}","((10, 2), (10, 17),None,None)","('int8', 'int32', 'int64', 'float32')","((170, 2), (170,), (405,), (170,))","((-1, -1), (-1, -1),None,None)","('int8', 'int32','float32','float32')","((-1, -1), (-1,), (-1,), (-1,))","((-200.0, 200.0), (0, 1023),(-200.0, 200.0),(-200.0, 200.0))","((0.0001, 0.0001))",32.92,35.7826087
moe_init_routing_v3_0036,moe_init_routing_v3,"('float32', 'int32','float32','float32')","{'active_num':250, 'expert_capacity':-1, 'expert_num':1024, 'drop_pad_mode':0, 'expert_tokens_num_type': 1, 'expert_tokens_num_flag':True, 'quant_mode':1, 'active_expert_range':[454, 865],'row_idx_type':1}","((10, 13), (10, 25),(411, 13),None)","('int8', 'int32', 'int64', 'float32')","((250, 13), (250,), (411,), (250,))","((-1, -1), (-1, -1),(-1, -1),None)","('float32', 'int32','float32','float32')","((-1, -1), (-1,), (-1,), (-1,))","((-200.0, 200.0), (0, 1023),(-200.0, 200.0),(-200.0, 200.0))","((0.0001, 0.0001))",30.96,33.65217391
moe_init_routing_v3_0039,moe_init_routing_v3,"('float16', 'int32','float32','float32')","{'active_num':190, 'expert_capacity':-1, 'expert_num':1024, 'drop_pad_mode':0, 'expert_tokens_num_type': 1, 'expert_tokens_num_flag':True, 'quant_mode':-1, 'active_expert_range':[3, 118],'row_idx_type':0}","((5, 3), (5, 38),None,None)","('float16', 'int32', 'int64', 'float32')","((190, 3), (190,), (115,), (190,))","((-1, -1), (-1, -1),None,None)","('float16', 'int32','float32','float32')","((-1, -1), (-1,), (-1,), (-1,))","((-200.0, 200.0), (0, 1023),(-200.0, 200.0),(-200.0, 200.0))","((0.001, 0.001))",27.62,30.02173913
moe_init_routing_v3_0055,moe_init_routing_v3,"('float16', 'int32','float32','float32')","{'active_num':175, 'expert_capacity':-1, 'expert_num':1024, 'drop_pad_mode':0, 'expert_tokens_num_type': 1, 'expert_tokens_num_flag':True, 'quant_mode':1, 'active_expert_range':[376, 800],'row_idx_type':1}","((7, 22), (7, 25),None,None)","('int8', 'int32', 'int64', 'float32')","((175, 22), (175,), (424,), (175,))","((-1, -1), (-1, -1),None,None)","('float16', 'int32','float32','float32')","((-1, -1), (-1,), (-1,), (-1,))","((-200.0, 200.0), (0, 1023),(-200.0, 200.0),(-200.0, 200.0))","((0.001, 0.001))",30.06,32.67391304
moe_init_routing_v3_0078,moe_init_routing_v3,"('float16', 'int32','float32','float32')","{'active_num':1155, 'expert_capacity':-1, 'expert_num':10240, 'drop_pad_mode':0, 'expert_tokens_num_type': 1, 'expert_tokens_num_flag':True, 'quant_mode':1, 'active_expert_range':[887, 4462],'row_idx_type':0}","((33, 22), (33, 35),(3575, 22),None)","('int8', 'int32', 'int64', 'float32')","((1155, 22), (1155,), (3575,), (1155,))","((-1, -1), (-1, -1),(-1, -1),None)","('float16', 'int32','float32','float32')","((-1, -1), (-1,), (-1,), (-1,))","((-200.0, 200.0), (0, 10239),(-200.0, 200.0),(-200.0, 200.0))","((0.001, 0.001))",92.98,101.0652174
moe_init_routing_v3_0084,moe_init_routing_v3,"('float16', 'int32','float32','float32')","{'active_num':204, 'expert_capacity':-1, 'expert_num':10240, 'drop_pad_mode':0, 'expert_tokens_num_type': 1, 'expert_tokens_num_flag':True, 'quant_mode':1, 'active_expert_range':[1835, 6184],'row_idx_type':0}","((17, 38), (17, 12),(4349, 38),None)","('int8', 'int32', 'int64', 'float32')","((204, 38), (204,), (4349,), (204,))","((-1, -1), (-1, -1),(-1, -1),None)","('float16', 'int32','float32','float32')","((-1, -1), (-1,), (-1,), (-1,))","((-200.0, 200.0), (0, 10239),(-200.0, 200.0),(-200.0, 200.0))","((0.001, 0.001))",93.8,101.9565217
moe_init_routing_v3_0090,moe_init_routing_v3,"('float32', 'int32','float32','float32')","{'active_num':2975, 'expert_capacity':-1, 'expert_num':256, 'drop_pad_mode':0, 'expert_tokens_num_type': 1, 'expert_tokens_num_flag':True, 'quant_mode':-1, 'active_expert_range':[102, 194],'row_idx_type':0}","((35, 2), (35, 85),None,None)","('float32', 'int32', 'int64', 'float32')","((2975, 2), (2975,), (92,), (2975,))","((-1, -1), (-1, -1),None,None)","('float32', 'int32','float32','float32')","((-1, -1), (-1,), (-1,), (-1,))","((-200.0, 200.0), (0, 255),(-200.0, 200.0),(-200.0, 200.0))","((0.0001, 0.0001))",55.38,60.19565217
moe_init_routing_v3_0092,moe_init_routing_v3,"('int8', 'int32','float32','float32')","{'active_num':1944, 'expert_capacity':-1, 'expert_num':256, 'drop_pad_mode':0, 'expert_tokens_num_type': 1, 'expert_tokens_num_flag':True, 'quant_mode':-1, 'active_expert_range':[110, 125],'row_idx_type':1}","((4, 20), (4, 486),(4,),None)","('int8', 'int32', 'int64', 'float32')","((1944, 20), (1944,), (15,), (1944,))","((-1, -1), (-1, -1),(-1,),None)","('int8', 'int32','float32','float32')","((-1, -1), (-1,), (-1,), (-1,))","((-200.0, 200.0), (0, 255),(-200.0, 200.0),(-200.0, 200.0))","((0.0001, 0.0001))",22.18,24.10869565
moe_init_routing_v3_0126,moe_init_routing_v3,"('float16', 'int32','float32','float32')","{'active_num':1456, 'expert_capacity':-1, 'expert_num':1024, 'drop_pad_mode':0, 'expert_tokens_num_type': 1, 'expert_tokens_num_flag':True, 'quant_mode':-1, 'active_expert_range':[99, 304],'row_idx_type':1}","((4, 25), (4, 364),None,None)","('float16', 'int32', 'int64', 'float32')","((1456, 25), (1456,), (205,), (1456,))","((-1, -1), (-1, -1),None,None)","('float16', 'int32','float32','float32')","((-1, -1), (-1,), (-1,), (-1,))","((-200.0, 200.0), (0, 1023),(-200.0, 200.0),(-200.0, 200.0))","((0.001, 0.001))",30.5,33.15217391
moe_init_routing_v3_0136,moe_init_routing_v3,"('bfloat16', 'int32','float32','float32')","{'active_num':5760, 'expert_capacity':-1, 'expert_num':1024, 'drop_pad_mode':0, 'expert_tokens_num_type': 1, 'expert_tokens_num_flag':True, 'quant_mode':-1, 'active_expert_range':[272, 852],'row_idx_type':0}","((36, 20), (36, 160),None,None)","('bfloat16', 'int32', 'int64', 'float32')","((5760, 20), (5760,), (580,), (5760,))","((-1, -1), (-1, -1),None,None)","('bfloat16', 'int32','float32','float32')","((-1, -1), (-1,), (-1,), (-1,))","((-200.0, 200.0), (0, 1023),(-200.0, 200.0),(-200.0, 200.0))","((0.004, 0.004))",87.38,94.97826087
moe_init_routing_v3_0149,moe_init_routing_v3,"('float16', 'int32','float32','float32')","{'active_num':1683, 'expert_capacity':-1, 'expert_num':10240, 'drop_pad_mode':0, 'expert_tokens_num_type': 1, 'expert_tokens_num_flag':True, 'quant_mode':1, 'active_expert_range':[4732, 6864],'row_idx_type':1}","((9, 35), (9, 187),None,None)","('int8', 'int32', 'int64', 'float32')","((1683, 35), (1683,), (2132,), (1683,))","((-1, -1), (-1, -1),None,None)","('float16', 'int32','float32','float32')","((-1, -1), (-1,), (-1,), (-1,))","((-200.0, 200.0), (0, 10239),(-200.0, 200.0),(-200.0, 200.0))","((0.001, 0.001))",66.48,72.26086957
moe_init_routing_v3_0208,moe_init_routing_v3,"('bfloat16', 'int32','float32','float32')","{'active_num':1659, 'expert_capacity':-1, 'expert_num':1024, 'drop_pad_mode':0, 'expert_tokens_num_type': 1, 'expert_tokens_num_flag':True, 'quant_mode':1, 'active_expert_range':[0, 518],'row_idx_type':1}","((3, 19), (3, 553),(518, 19),None)","('int8', 'int32', 'int64', 'float32')","((1659, 19), (1659,), (518,), (1659,))","((-1, -1), (-1, -1),(-1, -1),None)","('bfloat16', 'int32','float32','float32')","((-1, -1), (-1,), (-1,), (-1,))","((-200.0, 200.0), (0, 1023),(-200.0, 200.0),(-200.0, 200.0))","((0.004, 0.004))",57.48,62.47826087
moe_init_routing_v3_0323,moe_init_routing_v3,"('bfloat16', 'int32','float32','float32')","{'active_num':60, 'expert_capacity':-1, 'expert_num':256, 'drop_pad_mode':0, 'expert_tokens_num_type': 1, 'expert_tokens_num_flag':True, 'quant_mode':1, 'active_expert_range':[96, 182],'row_idx_type':0}","((20, 359), (20, 3),(86, 359),None)","('int8', 'int32', 'int64', 'float32')","((60, 359), (60,), (86,), (60,))","((-1, -1), (-1, -1),(-1, -1),None)","('bfloat16', 'int32','float32','float32')","((-1, -1), (-1,), (-1,), (-1,))","((-200.0, 200.0), (0, 255),(-200.0, 200.0),(-200.0, 200.0))","((0.004, 0.004))",27.24,29.60869565
moe_init_routing_v3_0330,moe_init_routing_v3,"('float16', 'int32','float32','float32')","{'active_num':1073, 'expert_capacity':-1, 'expert_num':256, 'drop_pad_mode':0, 'expert_tokens_num_type': 1, 'expert_tokens_num_flag':True, 'quant_mode':1, 'active_expert_range':[60, 120],'row_idx_type':0}","((29, 461), (29, 37),(60, 461),None)","('int8', 'int32', 'int64', 'float32')","((1073, 461), (1073,), (60,), (1073,))","((-1, -1), (-1, -1),(-1, -1),None)","('float16', 'int32','float32','float32')","((-1, -1), (-1,), (-1,), (-1,))","((-200.0, 200.0), (0, 255),(-200.0, 200.0),(-200.0, 200.0))","((0.001, 0.001))",39.56,43
moe_init_routing_v3_0332,moe_init_routing_v3,"('float32', 'int32','float32','float32')","{'active_num':72, 'expert_capacity':-1, 'expert_num':256, 'drop_pad_mode':0, 'expert_tokens_num_type': 1, 'expert_tokens_num_flag':True, 'quant_mode':1, 'active_expert_range':[33, 43],'row_idx_type':0}","((2, 291), (2, 36),None,None)","('int8', 'int32', 'int64', 'float32')","((72, 291), (72,), (10,), (72,))","((-1, -1), (-1, -1),None,None)","('float32', 'int32','float32','float32')","((-1, -1), (-1,), (-1,), (-1,))","((-200.0, 200.0), (0, 255),(-200.0, 200.0),(-200.0, 200.0))","((0.0001, 0.0001))",21.98,23.89130435
moe_init_routing_v3_0347,moe_init_routing_v3,"('int8', 'int32','float32','float32')","{'active_num':384, 'expert_capacity':-1, 'expert_num':1024, 'drop_pad_mode':0, 'expert_tokens_num_type': 1, 'expert_tokens_num_flag':True, 'quant_mode':-1, 'active_expert_range':[405, 970],'row_idx_type':0}","((24, 47), (24, 16),(24,),None)","('int8', 'int32', 'int64', 'float32')","((384, 47), (384,), (565,), (384,))","((-1, -1), (-1, -1),(-1,),None)","('int8', 'int32','float32','float32')","((-1, -1), (-1,), (-1,), (-1,))","((-200.0, 200.0), (0, 1023),(-200.0, 200.0),(-200.0, 200.0))","((0.0001, 0.0001))",38.38,41.7173913
moe_init_routing_v3_0349,moe_init_routing_v3,"('float32', 'int32','float32','float32')","{'active_num':351, 'expert_capacity':-1, 'expert_num':1024, 'drop_pad_mode':0, 'expert_tokens_num_type': 1, 'expert_tokens_num_flag':True, 'quant_mode':1, 'active_expert_range':[34, 194],'row_idx_type':1}","((13, 210), (13, 27),(160, 210),None)","('int8', 'int32', 'int64', 'float32')","((351, 210), (351,), (160,), (351,))","((-1, -1), (-1, -1),(-1, -1),None)","('float32', 'int32','float32','float32')","((-1, -1), (-1,), (-1,), (-1,))","((-200.0, 200.0), (0, 1023),(-200.0, 200.0),(-200.0, 200.0))","((0.0001, 0.0001))",27.28,29.65217391
moe_init_routing_v3_0364,moe_init_routing_v3,"('float32', 'int32','float32','float32')","{'active_num':21, 'expert_capacity':-1, 'expert_num':1024, 'drop_pad_mode':0, 'expert_tokens_num_type': 1, 'expert_tokens_num_flag':True, 'quant_mode':-1, 'active_expert_range':[36, 323],'row_idx_type':1}","((7, 458), (7, 3),None,None)","('float32', 'int32', 'int64', 'float32')","((21, 458), (21,), (287,), (21,))","((-1, -1), (-1, -1),None,None)","('float32', 'int32','float32','float32')","((-1, -1), (-1,), (-1,), (-1,))","((-200.0, 200.0), (0, 1023),(-200.0, 200.0),(-200.0, 200.0))","((0.0001, 0.0001))",23.76,25.82608696
moe_init_routing_v3_0367,moe_init_routing_v3,"('int8', 'int32','float32','float32')","{'active_num':782, 'expert_capacity':-1, 'expert_num':1024, 'drop_pad_mode':0, 'expert_tokens_num_type': 1, 'expert_tokens_num_flag':True, 'quant_mode':-1, 'active_expert_range':[157, 521],'row_idx_type':0}","((23, 53), (23, 34),(23,),None)","('int8', 'int32', 'int64', 'float32')","((782, 53), (782,), (364,), (782,))","((-1, -1), (-1, -1),(-1,),None)","('int8', 'int32','float32','float32')","((-1, -1), (-1,), (-1,), (-1,))","((-200.0, 200.0), (0, 1023),(-200.0, 200.0),(-200.0, 200.0))","((0.0001, 0.0001))",35.54,38.63043478
moe_init_routing_v3_0385,moe_init_routing_v3,"('float16', 'int32','float32','float32')","{'active_num':147, 'expert_capacity':-1, 'expert_num':10240, 'drop_pad_mode':0, 'expert_tokens_num_type': 1, 'expert_tokens_num_flag':True, 'quant_mode':1, 'active_expert_range':[2265, 4456],'row_idx_type':1}","((7, 171), (7, 21),None,None)","('int8', 'int32', 'int64', 'float32')","((147, 171), (147,), (2191,), (147,))","((-1, -1), (-1, -1),None,None)","('float16', 'int32','float32','float32')","((-1, -1), (-1,), (-1,), (-1,))","((-200.0, 200.0), (0, 10239),(-200.0, 200.0),(-200.0, 200.0))","((0.001, 0.001))",54.74,59.5
moe_init_routing_v3_0392,moe_init_routing_v3,"('int8', 'int32','float32','float32')","{'active_num':646, 'expert_capacity':-1, 'expert_num':10240, 'drop_pad_mode':0, 'expert_tokens_num_type': 1, 'expert_tokens_num_flag':True, 'quant_mode':-1, 'active_expert_range':[4206, 5622],'row_idx_type':1}","((34, 443), (34, 19),None,None)","('int8', 'int32', 'int64', 'float32')","((646, 443), (646,), (1416,), (646,))","((-1, -1), (-1, -1),None,None)","('int8', 'int32','float32','float32')","((-1, -1), (-1,), (-1,), (-1,))","((-200.0, 200.0), (0, 10239),(-200.0, 200.0),(-200.0, 200.0))","((0.0001, 0.0001))",44.02,47.84782609
moe_init_routing_v3_0398,moe_init_routing_v3,"('bfloat16', 'int32','float32','float32')","{'active_num':16, 'expert_capacity':-1, 'expert_num':10240, 'drop_pad_mode':0, 'expert_tokens_num_type': 1, 'expert_tokens_num_flag':True, 'quant_mode':1, 'active_expert_range':[2205, 3078],'row_idx_type':0}","((8, 492), (8, 2),(873, 492),None)","('int8', 'int32', 'int64', 'float32')","((16, 492), (16,), (873,), (16,))","((-1, -1), (-1, -1),(-1, -1),None)","('bfloat16', 'int32','float32','float32')","((-1, -1), (-1,), (-1,), (-1,))","((-200.0, 200.0), (0, 10239),(-200.0, 200.0),(-200.0, 200.0))","((0.004, 0.004))",36.96,40.17391304
moe_init_routing_v3_0406,moe_init_routing_v3,"('bfloat16', 'int32','float32','float32')","{'active_num':1936, 'expert_capacity':-1, 'expert_num':256, 'drop_pad_mode':0, 'expert_tokens_num_type': 1, 'expert_tokens_num_flag':True, 'quant_mode':1, 'active_expert_range':[53, 189],'row_idx_type':1}","((16, 253), (16, 121),None,None)","('int8', 'int32', 'int64', 'float32')","((1936, 253), (1936,), (136,), (1936,))","((-1, -1), (-1, -1),None,None)","('bfloat16', 'int32','float32','float32')","((-1, -1), (-1,), (-1,), (-1,))","((-200.0, 200.0), (0, 255),(-200.0, 200.0),(-200.0, 200.0))","((0.004, 0.004))",43.1,46.84782609
moe_init_routing_v3_0407,moe_init_routing_v3,"('float16', 'int32','float32','float32')","{'active_num':2385, 'expert_capacity':-1, 'expert_num':256, 'drop_pad_mode':0, 'expert_tokens_num_type': 1, 'expert_tokens_num_flag':True, 'quant_mode':1, 'active_expert_range':[85, 102],'row_idx_type':1}","((15, 267), (15, 159),None,None)","('int8', 'int32', 'int64', 'float32')","((2385, 267), (2385,), (17,), (2385,))","((-1, -1), (-1, -1),None,None)","('float16', 'int32','float32','float32')","((-1, -1), (-1,), (-1,), (-1,))","((-200.0, 200.0), (0, 255),(-200.0, 200.0),(-200.0, 200.0))","((0.001, 0.001))",29.34,31.89130435
moe_init_routing_v3_0408,moe_init_routing_v3,"('float32', 'int32','float32','float32')","{'active_num':4572, 'expert_capacity':-1, 'expert_num':256, 'drop_pad_mode':0, 'expert_tokens_num_type': 1, 'expert_tokens_num_flag':True, 'quant_mode':1, 'active_expert_range':[5, 104],'row_idx_type':1}","((12, 476), (12, 381),(99, 476),None)","('int8', 'int32', 'int64', 'float32')","((4572, 476), (4572,), (99,), (4572,))","((-1, -1), (-1, -1),(-1, -1),None)","('float32', 'int32','float32','float32')","((-1, -1), (-1,), (-1,), (-1,))","((-200.0, 200.0), (0, 255),(-200.0, 200.0),(-200.0, 200.0))","((0.0001, 0.0001))",59.96,65.17391304
moe_init_routing_v3_0432,moe_init_routing_v3,"('bfloat16', 'int32','float32','float32')","{'active_num':9750, 'expert_capacity':-1, 'expert_num':256, 'drop_pad_mode':0, 'expert_tokens_num_type': 1, 'expert_tokens_num_flag':True, 'quant_mode':-1, 'active_expert_range':[128, 153],'row_idx_type':1}","((30, 215), (30, 325),None,None)","('bfloat16', 'int32', 'int64', 'float32')","((9750, 215), (9750,), (25,), (9750,))","((-1, -1), (-1, -1),None,None)","('bfloat16', 'int32','float32','float32')","((-1, -1), (-1,), (-1,), (-1,))","((-200.0, 200.0), (0, 255),(-200.0, 200.0),(-200.0, 200.0))","((0.004, 0.004))",47.88,52.04347826
moe_init_routing_v3_0433,moe_init_routing_v3,"('float16', 'int32','float32','float32')","{'active_num':454, 'expert_capacity':-1, 'expert_num':1024, 'drop_pad_mode':0, 'expert_tokens_num_type': 1, 'expert_tokens_num_flag':True, 'quant_mode':-1, 'active_expert_range':[228, 546],'row_idx_type':0}","((2, 437), (2, 227),None,None)","('float16', 'int32', 'int64', 'float32')","((454, 437), (454,), (318,), (454,))","((-1, -1), (-1, -1),None,None)","('float16', 'int32','float32','float32')","((-1, -1), (-1,), (-1,), (-1,))","((-200.0, 200.0), (0, 1023),(-200.0, 200.0),(-200.0, 200.0))","((0.001, 0.001))",34.56,37.56521739
moe_init_routing_v3_0438,moe_init_routing_v3,"('bfloat16', 'int32','float32','float32')","{'active_num':3589, 'expert_capacity':-1, 'expert_num':1024, 'drop_pad_mode':0, 'expert_tokens_num_type': 1, 'expert_tokens_num_flag':True, 'quant_mode':-1, 'active_expert_range':[18, 877],'row_idx_type':0}","((37, 498), (37, 97),None,None)","('bfloat16', 'int32', 'int64', 'float32')","((3589, 498), (3589,), (859,), (3589,))","((-1, -1), (-1, -1),None,None)","('bfloat16', 'int32','float32','float32')","((-1, -1), (-1,), (-1,), (-1,))","((-200.0, 200.0), (0, 1023),(-200.0, 200.0),(-200.0, 200.0))","((0.004, 0.004))",64.74,70.36956522
moe_init_routing_v3_0439,moe_init_routing_v3,"('int8', 'int32','float32','float32')","{'active_num':7564, 'expert_capacity':-1, 'expert_num':1024, 'drop_pad_mode':0, 'expert_tokens_num_type': 1, 'expert_tokens_num_flag':True, 'quant_mode':-1, 'active_expert_range':[452, 1018],'row_idx_type':1}","((31, 163), (31, 244),None,None)","('int8', 'int32', 'int64', 'float32')","((7564, 163), (7564,), (566,), (7564,))","((-1, -1), (-1, -1),None,None)","('int8', 'int32','float32','float32')","((-1, -1), (-1,), (-1,), (-1,))","((-200.0, 200.0), (0, 1023),(-200.0, 200.0),(-200.0, 200.0))","((0.0001, 0.0001))",72.72,79.04347826
moe_init_routing_v3_0443,moe_init_routing_v3,"('float32', 'int32','float32','float32')","{'active_num':1635, 'expert_capacity':-1, 'expert_num':1024, 'drop_pad_mode':0, 'expert_tokens_num_type': 1, 'expert_tokens_num_flag':True, 'quant_mode':-1, 'active_expert_range':[343, 653],'row_idx_type':0}","((15, 98), (15, 109),None,None)","('float32', 'int32', 'int64', 'float32')","((1635, 98), (1635,), (310,), (1635,))","((-1, -1), (-1, -1),None,None)","('float32', 'int32','float32','float32')","((-1, -1), (-1,), (-1,), (-1,))","((-200.0, 200.0), (0, 1023),(-200.0, 200.0),(-200.0, 200.0))","((0.0001, 0.0001))",34.4,37.39130435
moe_init_routing_v3_0446,moe_init_routing_v3,"('float16', 'int32','float32','float32')","{'active_num':4368, 'expert_capacity':-1, 'expert_num':1024, 'drop_pad_mode':0, 'expert_tokens_num_type': 1, 'expert_tokens_num_flag':True, 'quant_mode':-1, 'active_expert_range':[71, 592],'row_idx_type':1}","((16, 367), (16, 273),None,None)","('float16', 'int32', 'int64', 'float32')","((4368, 367), (4368,), (521,), (4368,))","((-1, -1), (-1, -1),None,None)","('float16', 'int32','float32','float32')","((-1, -1), (-1,), (-1,), (-1,))","((-200.0, 200.0), (0, 1023),(-200.0, 200.0),(-200.0, 200.0))","((0.001, 0.001))",56.3,61.19565217
moe_init_routing_v3_0454,moe_init_routing_v3,"('bfloat16', 'int32','float32','float32')","{'active_num':765, 'expert_capacity':-1, 'expert_num':1024, 'drop_pad_mode':0, 'expert_tokens_num_type': 1, 'expert_tokens_num_flag':True, 'quant_mode':1, 'active_expert_range':[163, 905],'row_idx_type':1}","((3, 371), (3, 255),(742, 371),None)","('int8', 'int32', 'int64', 'float32')","((765, 371), (765,), (742,), (765,))","((-1, -1), (-1, -1),(-1, -1),None)","('bfloat16', 'int32','float32','float32')","((-1, -1), (-1,), (-1,), (-1,))","((-200.0, 200.0), (0, 1023),(-200.0, 200.0),(-200.0, 200.0))","((0.004, 0.004))",59.24,64.39130435
moe_init_routing_v3_0455,moe_init_routing_v3,"('float32', 'int32','float32','float32')","{'active_num':2418, 'expert_capacity':-1, 'expert_num':1024, 'drop_pad_mode':0, 'expert_tokens_num_type': 1, 'expert_tokens_num_flag':True, 'quant_mode':-1, 'active_expert_range':[406, 751],'row_idx_type':1}","((39, 432), (39, 62),None,None)","('float32', 'int32', 'int64', 'float32')","((2418, 432), (2418,), (345,), (2418,))","((-1, -1), (-1, -1),None,None)","('float32', 'int32','float32','float32')","((-1, -1), (-1,), (-1,), (-1,))","((-200.0, 200.0), (0, 1023),(-200.0, 200.0),(-200.0, 200.0))","((0.0001, 0.0001))",32.4,35.2173913
moe_init_routing_v3_0457,moe_init_routing_v3,"('int8', 'int32','float32','float32')","{'active_num':7203, 'expert_capacity':-1, 'expert_num':10240, 'drop_pad_mode':0, 'expert_tokens_num_type': 1, 'expert_tokens_num_flag':True, 'quant_mode':-1, 'active_expert_range':[2662, 3452],'row_idx_type':1}","((21, 41), (21, 343),(21,),None)","('int8', 'int32', 'int64', 'float32')","((7203, 41), (7203,), (790,), (7203,))","((-1, -1), (-1, -1),(-1,),None)","('int8', 'int32','float32','float32')","((-1, -1), (-1,), (-1,), (-1,))","((-200.0, 200.0), (0, 10239),(-200.0, 200.0),(-200.0, 200.0))","((0.0001, 0.0001))",60.74,66.02173913
moe_init_routing_v3_0474,moe_init_routing_v3,"('bfloat16', 'int32','float32','float32')","{'active_num':1584, 'expert_capacity':-1, 'expert_num':10240, 'drop_pad_mode':0, 'expert_tokens_num_type': 1, 'expert_tokens_num_flag':True, 'quant_mode':1, 'active_expert_range':[1879, 2515],'row_idx_type':0}","((36, 469), (36, 44),None,None)","('int8', 'int32', 'int64', 'float32')","((1584, 469), (1584,), (636,), (1584,))","((-1, -1), (-1, -1),None,None)","('bfloat16', 'int32','float32','float32')","((-1, -1), (-1,), (-1,), (-1,))","((-200.0, 200.0), (0, 10239),(-200.0, 200.0),(-200.0, 200.0))","((0.004, 0.004))",45.76,49.73913043
moe_init_routing_v3_0534,moe_init_routing_v3,"('bfloat16', 'int32','float32','float32')","{'active_num':7456, 'expert_capacity':-1, 'expert_num':10240, 'drop_pad_mode':0, 'expert_tokens_num_type': 1, 'expert_tokens_num_flag':True, 'quant_mode':-1, 'active_expert_range':[2535, 3766],'row_idx_type':0}","((4, 255), (4, 1864),None,None)","('bfloat16', 'int32', 'int64', 'float32')","((7456, 255), (7456,), (1231,), (7456,))","((-1, -1), (-1, -1),None,None)","('bfloat16', 'int32','float32','float32')","((-1, -1), (-1,), (-1,), (-1,))","((-200.0, 200.0), (0, 10239),(-200.0, 200.0),(-200.0, 200.0))","((0.004, 0.004))",87.42,95.02173913
moe_init_routing_v3_0643,moe_init_routing_v3,"('bfloat16', 'int32','float32','float32')","{'active_num':465, 'expert_capacity':-1, 'expert_num':256, 'drop_pad_mode':0, 'expert_tokens_num_type': 1, 'expert_tokens_num_flag':True, 'quant_mode':1, 'active_expert_range':[95, 238],'row_idx_type':0}","((15, 4149), (15, 31),(143, 4149),None)","('int8', 'int32', 'int64', 'float32')","((465, 4149), (465,), (143,), (465,))","((-1, -1), (-1, -1),(-1, -1),None)","('bfloat16', 'int32','float32','float32')","((-1, -1), (-1,), (-1,), (-1,))","((-200.0, 200.0), (0, 255),(-200.0, 200.0),(-200.0, 200.0))","((0.004, 0.004))",36,39.13043478
moe_init_routing_v3_0645,moe_init_routing_v3,"('float32', 'int32','float32','float32')","{'active_num':660, 'expert_capacity':-1, 'expert_num':256, 'drop_pad_mode':0, 'expert_tokens_num_type': 1, 'expert_tokens_num_flag':True, 'quant_mode':1, 'active_expert_range':[105, 245],'row_idx_type':0}","((30, 4013), (30, 22),None,None)","('int8', 'int32', 'int64', 'float32')","((660, 4013), (660,), (140,), (660,))","((-1, -1), (-1, -1),None,None)","('float32', 'int32','float32','float32')","((-1, -1), (-1,), (-1,), (-1,))","((-200.0, 200.0), (0, 255),(-200.0, 200.0),(-200.0, 200.0))","((0.0001, 0.0001))",44.92,48.82608696
moe_init_routing_v3_0655,moe_init_routing_v3,"('float16', 'int32','float32','float32')","{'active_num':160, 'expert_capacity':-1, 'expert_num':256, 'drop_pad_mode':0, 'expert_tokens_num_type': 1, 'expert_tokens_num_flag':True, 'quant_mode':1, 'active_expert_range':[109, 141],'row_idx_type':0}","((4, 1658), (4, 40),None,None)","('int8', 'int32', 'int64', 'float32')","((160, 1658), (160,), (32,), (160,))","((-1, -1), (-1, -1),None,None)","('float16', 'int32','float32','float32')","((-1, -1), (-1,), (-1,), (-1,))","((-200.0, 200.0), (0, 255),(-200.0, 200.0),(-200.0, 200.0))","((0.001, 0.001))",26.96,29.30434783
moe_init_routing_v3_0668,moe_init_routing_v3,"('float16', 'int32','float32','float32')","{'active_num':216, 'expert_capacity':-1, 'expert_num':1024, 'drop_pad_mode':0, 'expert_tokens_num_type': 1, 'expert_tokens_num_flag':True, 'quant_mode':-1, 'active_expert_range':[41, 833],'row_idx_type':1}","((12, 4809), (12, 18),None,None)","('float16', 'int32', 'int64', 'float32')","((216, 4809), (216,), (792,), (216,))","((-1, -1), (-1, -1),None,None)","('float16', 'int32','float32','float32')","((-1, -1), (-1,), (-1,), (-1,))","((-200.0, 200.0), (0, 1023),(-200.0, 200.0),(-200.0, 200.0))","((0.001, 0.001))",33.54,36.45652174
moe_init_routing_v3_0683,moe_init_routing_v3,"('float16', 'int32','float32','float32')","{'active_num':190, 'expert_capacity':-1, 'expert_num':1024, 'drop_pad_mode':0, 'expert_tokens_num_type': 1, 'expert_tokens_num_flag':True, 'quant_mode':1, 'active_expert_range':[258, 726],'row_idx_type':0}","((19, 3719), (19, 10),None,None)","('int8', 'int32', 'int64', 'float32')","((190, 3719), (190,), (468,), (190,))","((-1, -1), (-1, -1),None,None)","('float16', 'int32','float32','float32')","((-1, -1), (-1,), (-1,), (-1,))","((-200.0, 200.0), (0, 1023),(-200.0, 200.0),(-200.0, 200.0))","((0.001, 0.001))",36.66,39.84782609
moe_init_routing_v3_0688,moe_init_routing_v3,"('int8', 'int32','float32','float32')","{'active_num':195, 'expert_capacity':-1, 'expert_num':1024, 'drop_pad_mode':0, 'expert_tokens_num_type': 1, 'expert_tokens_num_flag':True, 'quant_mode':-1, 'active_expert_range':[482, 751],'row_idx_type':1}","((5, 2952), (5, 39),None,None)","('int8', 'int32', 'int64', 'float32')","((195, 2952), (195,), (269,), (195,))","((-1, -1), (-1, -1),None,None)","('int8', 'int32','float32','float32')","((-1, -1), (-1,), (-1,), (-1,))","((-200.0, 200.0), (0, 1023),(-200.0, 200.0),(-200.0, 200.0))","((0.0001, 0.0001))",29.7,32.2826087
moe_init_routing_v3_0703,moe_init_routing_v3,"('float32', 'int32','float32','float32')","{'active_num':38, 'expert_capacity':-1, 'expert_num':10240, 'drop_pad_mode':0, 'expert_tokens_num_type': 1, 'expert_tokens_num_flag':True, 'quant_mode':-1, 'active_expert_range':[3122, 4339],'row_idx_type':0}","((1, 3198), (1, 38),None,None)","('float32', 'int32', 'int64', 'float32')","((38, 3198), (38,), (1217,), (38,))","((-1, -1), (-1, -1),None,None)","('float32', 'int32','float32','float32')","((-1, -1), (-1,), (-1,), (-1,))","((-200.0, 200.0), (0, 10239),(-200.0, 200.0),(-200.0, 200.0))","((0.0001, 0.0001))",43.44,47.2173913
moe_init_routing_v3_0711,moe_init_routing_v3,"('float16', 'int32','float32','float32')","{'active_num':378, 'expert_capacity':-1, 'expert_num':10240, 'drop_pad_mode':0, 'expert_tokens_num_type': 1, 'expert_tokens_num_flag':True, 'quant_mode':-1, 'active_expert_range':[165, 4229],'row_idx_type':0}","((21, 4524), (21, 18),None,None)","('float16', 'int32', 'int64', 'float32')","((378, 4524), (378,), (4064,), (378,))","((-1, -1), (-1, -1),None,None)","('float16', 'int32','float32','float32')","((-1, -1), (-1,), (-1,), (-1,))","((-200.0, 200.0), (0, 10239),(-200.0, 200.0),(-200.0, 200.0))","((0.001, 0.001))",82.82,90.02173913
moe_init_routing_v3_0715,moe_init_routing_v3,"('float32', 'int32','float32','float32')","{'active_num':432, 'expert_capacity':-1, 'expert_num':10240, 'drop_pad_mode':0, 'expert_tokens_num_type': 1, 'expert_tokens_num_flag':True, 'quant_mode':1, 'active_expert_range':[4740, 7353],'row_idx_type':1}","((12, 3572), (12, 36),None,None)","('int8', 'int32', 'int64', 'float32')","((432, 3572), (432,), (2613,), (432,))","((-1, -1), (-1, -1),None,None)","('float32', 'int32','float32','float32')","((-1, -1), (-1,), (-1,), (-1,))","((-200.0, 200.0), (0, 10239),(-200.0, 200.0),(-200.0, 200.0))","((0.0001, 0.0001))",64.22,69.80434783
moe_init_routing_v3_0738,moe_init_routing_v3,"('float16', 'int32','float32','float32')","{'active_num':1953, 'expert_capacity':-1, 'expert_num':256, 'drop_pad_mode':0, 'expert_tokens_num_type': 1, 'expert_tokens_num_flag':True, 'quant_mode':1, 'active_expert_range':[100, 170],'row_idx_type':0}","((7, 2670), (7, 279),None,None)","('int8', 'int32', 'int64', 'float32')","((1953, 2670), (1953,), (70,), (1953,))","((-1, -1), (-1, -1),None,None)","('float16', 'int32','float32','float32')","((-1, -1), (-1,), (-1,), (-1,))","((-200.0, 200.0), (0, 255),(-200.0, 200.0),(-200.0, 200.0))","((0.001, 0.001))",46.22,50.23913043
moe_init_routing_v3_0752,moe_init_routing_v3,"('float32', 'int32','float32','float32')","{'active_num':1188, 'expert_capacity':-1, 'expert_num':256, 'drop_pad_mode':0, 'expert_tokens_num_type': 1, 'expert_tokens_num_flag':True, 'quant_mode':1, 'active_expert_range':[16, 60],'row_idx_type':0}","((6, 1456), (6, 198),(44, 1456),None)","('int8', 'int32', 'int64', 'float32')","((1188, 1456), (1188,), (44,), (1188,))","((-1, -1), (-1, -1),(-1, -1),None)","('float32', 'int32','float32','float32')","((-1, -1), (-1,), (-1,), (-1,))","((-200.0, 200.0), (0, 255),(-200.0, 200.0),(-200.0, 200.0))","((0.0001, 0.0001))",40.28,43.7826087
moe_init_routing_v3_0772,moe_init_routing_v3,"('bfloat16', 'int32','float32','float32')","{'active_num':4930, 'expert_capacity':-1, 'expert_num':1024, 'drop_pad_mode':0, 'expert_tokens_num_type': 1, 'expert_tokens_num_flag':True, 'quant_mode':1, 'active_expert_range':[204, 464],'row_idx_type':1}","((29, 2966), (29, 170),(260, 2966),None)","('int8', 'int32', 'int64', 'float32')","((4930, 2966), (4930,), (260,), (4930,))","((-1, -1), (-1, -1),(-1, -1),None)","('bfloat16', 'int32','float32','float32')","((-1, -1), (-1,), (-1,), (-1,))","((-200.0, 200.0), (0, 1023),(-200.0, 200.0),(-200.0, 200.0))","((0.004, 0.004))",61.34,66.67391304
moe_init_routing_v3_0783,moe_init_routing_v3,"('float32', 'int32','float32','float32')","{'active_num':18019, 'expert_capacity':-1, 'expert_num':10240, 'drop_pad_mode':0, 'expert_tokens_num_type': 1, 'expert_tokens_num_flag':True, 'quant_mode':-1, 'active_expert_range':[1372, 2211],'row_idx_type':0}","((37, 1638), (37, 487),None,None)","('float32', 'int32', 'int64', 'float32')","((18019, 1638), (18019,), (839,), (18019,))","((-1, -1), (-1, -1),None,None)","('float32', 'int32','float32','float32')","((-1, -1), (-1,), (-1,), (-1,))","((-200.0, 200.0), (0, 10239),(-200.0, 200.0),(-200.0, 200.0))","((0.0001, 0.0001))",78.34,85.15217391
moe_init_routing_v3_0796,moe_init_routing_v3,"('bfloat16', 'int32','float32','float32')","{'active_num':5220, 'expert_capacity':-1, 'expert_num':10240, 'drop_pad_mode':0, 'expert_tokens_num_type': 1, 'expert_tokens_num_flag':True, 'quant_mode':1, 'active_expert_range':[3344, 3534],'row_idx_type':1}","((36, 942), (36, 145),None,None)","('int8', 'int32', 'int64', 'float32')","((5220, 942), (5220,), (190,), (5220,))","((-1, -1), (-1, -1),None,None)","('bfloat16', 'int32','float32','float32')","((-1, -1), (-1,), (-1,), (-1,))","((-200.0, 200.0), (0, 10239),(-200.0, 200.0),(-200.0, 200.0))","((0.004, 0.004))",37.98,41.2826087
moe_init_routing_v3_0847,moe_init_routing_v3,"('bfloat16', 'int32','float32','float32')","{'active_num':2900, 'expert_capacity':-1, 'expert_num':1024, 'drop_pad_mode':0, 'expert_tokens_num_type': 1, 'expert_tokens_num_flag':True, 'quant_mode':-1, 'active_expert_range':[382, 812],'row_idx_type':0}","((4, 1467), (4, 725),None,None)","('bfloat16', 'int32', 'int64', 'float32')","((2900, 1467), (2900,), (430,), (2900,))","((-1, -1), (-1, -1),None,None)","('bfloat16', 'int32','float32','float32')","((-1, -1), (-1,), (-1,), (-1,))","((-200.0, 200.0), (0, 1023),(-200.0, 200.0),(-200.0, 200.0))","((0.004, 0.004))",71.68,77.91304348
moe_init_routing_v3_0981,moe_init_routing_v3,"('float32', 'int32','float32','float32')","{'active_num':392, 'expert_capacity':-1, 'expert_num':256, 'drop_pad_mode':0, 'expert_tokens_num_type': 1, 'expert_tokens_num_flag':True, 'quant_mode':1, 'active_expert_range':[98, 147],'row_idx_type':0}","((28, 6692), (28, 14),(49, 6692),None)","('int8', 'int32', 'int64', 'float32')","((392, 6692), (392,), (49,), (392,))","((-1, -1), (-1, -1),(-1, -1),None)","('float32', 'int32','float32','float32')","((-1, -1), (-1,), (-1,), (-1,))","((-200.0, 200.0), (0, 255),(-200.0, 200.0),(-200.0, 200.0))","((0.0001, 0.0001))",33.62,36.54347826
moe_init_routing_v3_0983,moe_init_routing_v3,"('float32', 'int32','float32','float32')","{'active_num':224, 'expert_capacity':-1, 'expert_num':256, 'drop_pad_mode':0, 'expert_tokens_num_type': 1, 'expert_tokens_num_flag':True, 'quant_mode':1, 'active_expert_range':[22, 189],'row_idx_type':0}","((28, 7986), (28, 8),None,None)","('int8', 'int32', 'int64', 'float32')","((224, 7986), (224,), (167,), (224,))","((-1, -1), (-1, -1),None,None)","('float32', 'int32','float32','float32')","((-1, -1), (-1,), (-1,), (-1,))","((-200.0, 200.0), (0, 255),(-200.0, 200.0),(-200.0, 200.0))","((0.0001, 0.0001))",37.3,40.54347826
moe_init_routing_v3_0985,moe_init_routing_v3,"('bfloat16', 'int32','float32','float32')","{'active_num':75, 'expert_capacity':-1, 'expert_num':256, 'drop_pad_mode':0, 'expert_tokens_num_type': 1, 'expert_tokens_num_flag':True, 'quant_mode':1, 'active_expert_range':[72, 124],'row_idx_type':0}","((15, 7838), (15, 5),None,None)","('int8', 'int32', 'int64', 'float32')","((75, 7838), (75,), (52,), (75,))","((-1, -1), (-1, -1),None,None)","('bfloat16', 'int32','float32','float32')","((-1, -1), (-1,), (-1,), (-1,))","((-200.0, 200.0), (0, 255),(-200.0, 200.0),(-200.0, 200.0))","((0.004, 0.004))",29.2,31.73913043
moe_init_routing_v3_0991,moe_init_routing_v3,"('float32', 'int32','float32','float32')","{'active_num':525, 'expert_capacity':-1, 'expert_num':256, 'drop_pad_mode':0, 'expert_tokens_num_type': 1, 'expert_tokens_num_flag':True, 'quant_mode':1, 'active_expert_range':[9, 102],'row_idx_type':1}","((21, 6476), (21, 25),None,None)","('int8', 'int32', 'int64', 'float32')","((525, 6476), (525,), (93,), (525,))","((-1, -1), (-1, -1),None,None)","('float32', 'int32','float32','float32')","((-1, -1), (-1,), (-1,), (-1,))","((-200.0, 200.0), (0, 255),(-200.0, 200.0),(-200.0, 200.0))","((0.0001, 0.0001))",35.64,38.73913043
moe_init_routing_v3_0994,moe_init_routing_v3,"('float32', 'int32','float32','float32')","{'active_num':850, 'expert_capacity':-1, 'expert_num':256, 'drop_pad_mode':0, 'expert_tokens_num_type': 1, 'expert_tokens_num_flag':True, 'quant_mode':-1, 'active_expert_range':[101, 139],'row_idx_type':0}","((34, 8463), (34, 25),None,None)","('float32', 'int32', 'int64', 'float32')","((850, 8463), (850,), (38,), (850,))","((-1, -1), (-1, -1),None,None)","('float32', 'int32','float32','float32')","((-1, -1), (-1,), (-1,), (-1,))","((-200.0, 200.0), (0, 255),(-200.0, 200.0),(-200.0, 200.0))","((0.0001, 0.0001))",27.2,29.56521739
moe_init_routing_v3_1001,moe_init_routing_v3,"('bfloat16', 'int32','float32','float32')","{'active_num':1122, 'expert_capacity':-1, 'expert_num':256, 'drop_pad_mode':0, 'expert_tokens_num_type': 1, 'expert_tokens_num_flag':True, 'quant_mode':-1, 'active_expert_range':[51, 256],'row_idx_type':0}","((33, 5576), (33, 34),None,None)","('bfloat16', 'int32', 'int64', 'float32')","((1122, 5576), (1122,), (205,), (1122,))","((-1, -1), (-1, -1),None,None)","('bfloat16', 'int32','float32','float32')","((-1, -1), (-1,), (-1,), (-1,))","((-200.0, 200.0), (0, 255),(-200.0, 200.0),(-200.0, 200.0))","((0.004, 0.004))",35.28,38.34782609
moe_init_routing_v3_1010,moe_init_routing_v3,"('float16', 'int32','float32','float32')","{'active_num':160, 'expert_capacity':-1, 'expert_num':1024, 'drop_pad_mode':0, 'expert_tokens_num_type': 1, 'expert_tokens_num_flag':True, 'quant_mode':1, 'active_expert_range':[167, 224],'row_idx_type':0}","((4, 6937), (4, 40),None,None)","('int8', 'int32', 'int64', 'float32')","((160, 6937), (160,), (57,), (160,))","((-1, -1), (-1, -1),None,None)","('float16', 'int32','float32','float32')","((-1, -1), (-1,), (-1,), (-1,))","((-200.0, 200.0), (0, 1023),(-200.0, 200.0),(-200.0, 200.0))","((0.001, 0.001))",29.78,32.36956522
moe_init_routing_v3_1016,moe_init_routing_v3,"('float16', 'int32','float32','float32')","{'active_num':525, 'expert_capacity':-1, 'expert_num':1024, 'drop_pad_mode':0, 'expert_tokens_num_type': 1, 'expert_tokens_num_flag':True, 'quant_mode':1, 'active_expert_range':[325, 382],'row_idx_type':0}","((25, 7373), (25, 21),(57, 7373),None)","('int8', 'int32', 'int64', 'float32')","((525, 7373), (525,), (57,), (525,))","((-1, -1), (-1, -1),(-1, -1),None)","('float16', 'int32','float32','float32')","((-1, -1), (-1,), (-1,), (-1,))","((-200.0, 200.0), (0, 1023),(-200.0, 200.0),(-200.0, 200.0))","((0.001, 0.001))",29.86,32.45652174
moe_init_routing_v3_1021,moe_init_routing_v3,"('float16', 'int32','float32','float32')","{'active_num':1020, 'expert_capacity':-1, 'expert_num':1024, 'drop_pad_mode':0, 'expert_tokens_num_type': 1, 'expert_tokens_num_flag':True, 'quant_mode':-1, 'active_expert_range':[33, 477],'row_idx_type':1}","((34, 5596), (34, 30),None,None)","('float16', 'int32', 'int64', 'float32')","((1020, 5596), (1020,), (444,), (1020,))","((-1, -1), (-1, -1),None,None)","('float16', 'int32','float32','float32')","((-1, -1), (-1,), (-1,), (-1,))","((-200.0, 200.0), (0, 1023),(-200.0, 200.0),(-200.0, 200.0))","((0.001, 0.001))",30.06,32.67391304
moe_init_routing_v3_1022,moe_init_routing_v3,"('float16', 'int32','float32','float32')","{'active_num':740, 'expert_capacity':-1, 'expert_num':1024, 'drop_pad_mode':0, 'expert_tokens_num_type': 1, 'expert_tokens_num_flag':True, 'quant_mode':1, 'active_expert_range':[418, 966],'row_idx_type':1}","((20, 7012), (20, 37),None,None)","('int8', 'int32', 'int64', 'float32')","((740, 7012), (740,), (548,), (740,))","((-1, -1), (-1, -1),None,None)","('float16', 'int32','float32','float32')","((-1, -1), (-1,), (-1,), (-1,))","((-200.0, 200.0), (0, 1023),(-200.0, 200.0),(-200.0, 200.0))","((0.001, 0.001))",46.54,50.58695652
moe_init_routing_v3_1026,moe_init_routing_v3,"('float32', 'int32','float32','float32')","{'active_num':221, 'expert_capacity':-1, 'expert_num':1024, 'drop_pad_mode':0, 'expert_tokens_num_type': 1, 'expert_tokens_num_flag':True, 'quant_mode':-1, 'active_expert_range':[304, 1024],'row_idx_type':1}","((17, 8161), (17, 13),None,None)","('float32', 'int32', 'int64', 'float32')","((221, 8161), (221,), (720,), (221,))","((-1, -1), (-1, -1),None,None)","('float32', 'int32','float32','float32')","((-1, -1), (-1,), (-1,), (-1,))","((-200.0, 200.0), (0, 1023),(-200.0, 200.0),(-200.0, 200.0))","((0.0001, 0.0001))",31,33.69565217
moe_init_routing_v3_1039,moe_init_routing_v3,"('bfloat16', 'int32','float32','float32')","{'active_num':266, 'expert_capacity':-1, 'expert_num':10240, 'drop_pad_mode':0, 'expert_tokens_num_type': 1, 'expert_tokens_num_flag':True, 'quant_mode':1, 'active_expert_range':[1830, 2487],'row_idx_type':1}","((19, 5806), (19, 14),None,None)","('int8', 'int32', 'int64', 'float32')","((266, 5806), (266,), (657,), (266,))","((-1, -1), (-1, -1),None,None)","('bfloat16', 'int32','float32','float32')","((-1, -1), (-1,), (-1,), (-1,))","((-200.0, 200.0), (0, 10239),(-200.0, 200.0),(-200.0, 200.0))","((0.004, 0.004))",35.6,38.69565217
moe_init_routing_v3_1050,moe_init_routing_v3,"('float32', 'int32','float32','float32')","{'active_num':361, 'expert_capacity':-1, 'expert_num':10240, 'drop_pad_mode':0, 'expert_tokens_num_type': 1, 'expert_tokens_num_flag':True, 'quant_mode':1, 'active_expert_range':[4084, 5195],'row_idx_type':1}","((19, 6828), (19, 19),None,None)","('int8', 'int32', 'int64', 'float32')","((361, 6828), (361,), (1111,), (361,))","((-1, -1), (-1, -1),None,None)","('float32', 'int32','float32','float32')","((-1, -1), (-1,), (-1,), (-1,))","((-200.0, 200.0), (0, 10239),(-200.0, 200.0),(-200.0, 200.0))","((0.0001, 0.0001))",38.52,41.86956522
moe_init_routing_v3_1065,moe_init_routing_v3,"('bfloat16', 'int32','float32','float32')","{'active_num':560, 'expert_capacity':-1, 'expert_num':256, 'drop_pad_mode':0, 'expert_tokens_num_type': 1, 'expert_tokens_num_flag':True, 'quant_mode':1, 'active_expert_range':[64, 115],'row_idx_type':0}","((14, 8479), (14, 40),(51, 8479),None)","('int8', 'int32', 'int64', 'float32')","((560, 8479), (560,), (51,), (560,))","((-1, -1), (-1, -1),(-1, -1),None)","('bfloat16', 'int32','float32','float32')","((-1, -1), (-1,), (-1,), (-1,))","((-200.0, 200.0), (0, 255),(-200.0, 200.0),(-200.0, 200.0))","((0.004, 0.004))",35.64,38.73913043
moe_init_routing_v3_1076,moe_init_routing_v3,"('float32', 'int32','float32','float32')","{'active_num':1836, 'expert_capacity':-1, 'expert_num':256, 'drop_pad_mode':0, 'expert_tokens_num_type': 1, 'expert_tokens_num_flag':True, 'quant_mode':-1, 'active_expert_range':[106, 204],'row_idx_type':1}","((12, 7437), (12, 153),None,None)","('float32', 'int32', 'int64', 'float32')","((1836, 7437), (1836,), (98,), (1836,))","((-1, -1), (-1, -1),None,None)","('float32', 'int32','float32','float32')","((-1, -1), (-1,), (-1,), (-1,))","((-200.0, 200.0), (0, 255),(-200.0, 200.0),(-200.0, 200.0))","((0.0001, 0.0001))",36.16,39.30434783
moe_init_routing_v3_1081,moe_init_routing_v3,"('float32', 'int32','float32','float32')","{'active_num':4670, 'expert_capacity':-1, 'expert_num':256, 'drop_pad_mode':0, 'expert_tokens_num_type': 1, 'expert_tokens_num_flag':True, 'quant_mode':-1, 'active_expert_range':[89, 196],'row_idx_type':1}","((10, 5015), (10, 467),None,None)","('float32', 'int32', 'int64', 'float32')","((4670, 5015), (4670,), (107,), (4670,))","((-1, -1), (-1, -1),None,None)","('float32', 'int32','float32','float32')","((-1, -1), (-1,), (-1,), (-1,))","((-200.0, 200.0), (0, 255),(-200.0, 200.0),(-200.0, 200.0))","((0.0001, 0.0001))",64.06,69.63043478
moe_init_routing_v3_1086,moe_init_routing_v3,"('float16', 'int32','float32','float32')","{'active_num':4644, 'expert_capacity':-1, 'expert_num':1024, 'drop_pad_mode':0, 'expert_tokens_num_type': 1, 'expert_tokens_num_flag':True, 'quant_mode':-1, 'active_expert_range':[213, 600],'row_idx_type':1}","((36, 9373), (36, 129),None,None)","('float16', 'int32', 'int64', 'float32')","((4644, 9373), (4644,), (387,), (4644,))","((-1, -1), (-1, -1),None,None)","('float16', 'int32','float32','float32')","((-1, -1), (-1,), (-1,), (-1,))","((-200.0, 200.0), (0, 1023),(-200.0, 200.0),(-200.0, 200.0))","((0.001, 0.001))",46.32,50.34782609
moe_init_routing_v3_1094,moe_init_routing_v3,"('bfloat16', 'int32','float32','float32')","{'active_num':13545, 'expert_capacity':-1, 'expert_num':1024, 'drop_pad_mode':0, 'expert_tokens_num_type': 1, 'expert_tokens_num_flag':True, 'quant_mode':-1, 'active_expert_range':[44, 86],'row_idx_type':1}","((35, 9405), (35, 387),None,None)","('bfloat16', 'int32', 'int64', 'float32')","((13545, 9405), (13545,), (42,), (13545,))","((-1, -1), (-1, -1),None,None)","('bfloat16', 'int32','float32','float32')","((-1, -1), (-1,), (-1,), (-1,))","((-200.0, 200.0), (0, 1023),(-200.0, 200.0),(-200.0, 200.0))","((0.004, 0.004))",48.68,52.91304348
moe_init_routing_v3_1110,moe_init_routing_v3,"('float32', 'int32','float32','float32')","{'active_num':3792, 'expert_capacity':-1, 'expert_num':1024, 'drop_pad_mode':0, 'expert_tokens_num_type': 1, 'expert_tokens_num_flag':True, 'quant_mode':-1, 'active_expert_range':[309, 428],'row_idx_type':0}","((24, 8015), (24, 158),None,None)","('float32', 'int32', 'int64', 'float32')","((3792, 8015), (3792,), (119,), (3792,))","((-1, -1), (-1, -1),None,None)","('float32', 'int32','float32','float32')","((-1, -1), (-1,), (-1,), (-1,))","((-200.0, 200.0), (0, 1023),(-200.0, 200.0),(-200.0, 200.0))","((0.0001, 0.0001))",37.28,40.52173913
moe_init_routing_v3_1112,moe_init_routing_v3,"('float16', 'int32','float32','float32')","{'active_num':86, 'expert_capacity':-1, 'expert_num':10240, 'drop_pad_mode':0, 'expert_tokens_num_type': 1, 'expert_tokens_num_flag':True, 'quant_mode':1, 'active_expert_range':[329, 2085],'row_idx_type':0}","((2, 9544), (2, 43),None,None)","('int8', 'int32', 'int64', 'float32')","((86, 9544), (86,), (1756,), (86,))","((-1, -1), (-1, -1),None,None)","('float16', 'int32','float32','float32')","((-1, -1), (-1,), (-1,), (-1,))","((-200.0, 200.0), (0, 10239),(-200.0, 200.0),(-200.0, 200.0))","((0.001, 0.001))",51.8,56.30434783
moe_init_routing_v3_1166,moe_init_routing_v3,"('float16', 'int32','float32','float32')","{'active_num':13640, 'expert_capacity':-1, 'expert_num':1024, 'drop_pad_mode':0, 'expert_tokens_num_type': 1, 'expert_tokens_num_flag':True, 'quant_mode':-1, 'active_expert_range':[152, 316],'row_idx_type':0}","((11, 7573), (11, 1240),None,None)","('float16', 'int32', 'int64', 'float32')","((13640, 7573), (13640,), (164,), (13640,))","((-1, -1), (-1, -1),None,None)","('float16', 'int32','float32','float32')","((-1, -1), (-1,), (-1,), (-1,))","((-200.0, 200.0), (0, 1023),(-200.0, 200.0),(-200.0, 200.0))","((0.001, 0.001))",92.18,100.1956522
moe_init_routing_v3_1301,moe_init_routing_v3,"('float32', 'int32','float32','float32')","{'active_num':483, 'expert_capacity':-1, 'expert_num':256, 'drop_pad_mode':0, 'expert_tokens_num_type': 1, 'expert_tokens_num_flag':True, 'quant_mode':1, 'active_expert_range':[96, 127],'row_idx_type':1}","((23, 11984), (23, 21),None,None)","('int8', 'int32', 'int64', 'float32')","((483, 11984), (483,), (31,), (483,))","((-1, -1), (-1, -1),None,None)","('float32', 'int32','float32','float32')","((-1, -1), (-1,), (-1,), (-1,))","((-200.0, 200.0), (0, 255),(-200.0, 200.0),(-200.0, 200.0))","((0.0001, 0.0001))",37,40.2173913
moe_init_routing_v3_1305,moe_init_routing_v3,"('int8', 'int32','float32','float32')","{'active_num':644, 'expert_capacity':-1, 'expert_num':256, 'drop_pad_mode':0, 'expert_tokens_num_type': 1, 'expert_tokens_num_flag':True, 'quant_mode':-1, 'active_expert_range':[0, 182],'row_idx_type':1}","((28, 16600), (28, 23),(28,),None)","('int8', 'int32', 'int64', 'float32')","((644, 16600), (644,), (182,), (644,))","((-1, -1), (-1, -1),(-1,),None)","('int8', 'int32','float32','float32')","((-1, -1), (-1,), (-1,), (-1,))","((-200.0, 200.0), (0, 255),(-200.0, 200.0),(-200.0, 200.0))","((0.0001, 0.0001))",39.8,43.26086957
moe_init_routing_v3_1393,moe_init_routing_v3,"('float16', 'int32','float32','float32')","{'active_num':4410, 'expert_capacity':-1, 'expert_num':256, 'drop_pad_mode':0, 'expert_tokens_num_type': 1, 'expert_tokens_num_flag':True, 'quant_mode':-1, 'active_expert_range':[59, 166],'row_idx_type':1}","((14, 19559), (14, 315),None,None)","('float16', 'int32', 'int64', 'float32')","((4410, 19559), (4410,), (107,), (4410,))","((-1, -1), (-1, -1),None,None)","('float16', 'int32','float32','float32')","((-1, -1), (-1,), (-1,), (-1,))","((-200.0, 200.0), (0, 255),(-200.0, 200.0),(-200.0, 200.0))","((0.001, 0.001))",59.36,64.52173913
moe_init_routing_v3_1397,moe_init_routing_v3,"('float16', 'int32','float32','float32')","{'active_num':2604, 'expert_capacity':-1, 'expert_num':256, 'drop_pad_mode':0, 'expert_tokens_num_type': 1, 'expert_tokens_num_flag':True, 'quant_mode':1, 'active_expert_range':[128, 135],'row_idx_type':1}","((6, 16322), (6, 434),None,None)","('int8', 'int32', 'int64', 'float32')","((2604, 16322), (2604,), (7,), (2604,))","((-1, -1), (-1, -1),None,None)","('float16', 'int32','float32','float32')","((-1, -1), (-1,), (-1,), (-1,))","((-200.0, 200.0), (0, 255),(-200.0, 200.0),(-200.0, 200.0))","((0.001, 0.001))",34.44,37.43478261
moe_init_routing_v3_1418,moe_init_routing_v3,"('int8', 'int32','float32','float32')","{'active_num':1735, 'expert_capacity':-1, 'expert_num':1024, 'drop_pad_mode':0, 'expert_tokens_num_type': 1, 'expert_tokens_num_flag':True, 'quant_mode':-1, 'active_expert_range':[392, 991],'row_idx_type':0}","((5, 12539), (5, 347),None,None)","('int8', 'int32', 'int64', 'float32')","((1735, 12539), (1735,), (599,), (1735,))","((-1, -1), (-1, -1),None,None)","('int8', 'int32','float32','float32')","((-1, -1), (-1,), (-1,), (-1,))","((-200.0, 200.0), (0, 1023),(-200.0, 200.0),(-200.0, 200.0))","((0.0001, 0.0001))",61.18,66.5
moe_init_routing_v3_1475,moe_init_routing_v3,"('int8', 'int32','float32','float32')","{'active_num':2913, 'expert_capacity':-1, 'expert_num':256, 'drop_pad_mode':0, 'expert_tokens_num_type': 1, 'expert_tokens_num_flag':True, 'quant_mode':-1, 'active_expert_range':[94, 249],'row_idx_type':0}","((3, 18775), (3, 971),(3,),None)","('int8', 'int32', 'int64', 'float32')","((2913, 18775), (2913,), (155,), (2913,))","((-1, -1), (-1, -1),(-1,),None)","('int8', 'int32','float32','float32')","((-1, -1), (-1,), (-1,), (-1,))","((-200.0, 200.0), (0, 255),(-200.0, 200.0),(-200.0, 200.0))","((0.0001, 0.0001))",111.12,120.7826087
moe_init_routing_v3_1519,moe_init_routing_v3,"('float32', 'int32','float32','float32')","{'active_num':19280, 'expert_capacity':-1, 'expert_num':10240, 'drop_pad_mode':0, 'expert_tokens_num_type': 1, 'expert_tokens_num_flag':True, 'quant_mode':-1, 'active_expert_range':[441, 675],'row_idx_type':1}","((5, 15772), (5, 3856),None,None)","('float32', 'int32', 'int64', 'float32')","((19280, 15772), (19280,), (234,), (19280,))","((-1, -1), (-1, -1),None,None)","('float32', 'int32','float32','float32')","((-1, -1), (-1,), (-1,), (-1,))","((-200.0, 200.0), (0, 10239),(-200.0, 200.0),(-200.0, 200.0))","((0.0001, 0.0001))",65,70.65217391
moe_init_routing_v3_1634,moe_init_routing_v3,"('float32', 'int32','float32','float32')","{'active_num':252, 'expert_capacity':-1, 'expert_num':256, 'drop_pad_mode':0, 'expert_tokens_num_type': 1, 'expert_tokens_num_flag':True, 'quant_mode':-1, 'active_expert_range':[90, 251],'row_idx_type':0}","((28, 43147), (28, 9),None,None)","('float32', 'int32', 'int64', 'float32')","((252, 43147), (252,), (161,), (252,))","((-1, -1), (-1, -1),None,None)","('float32', 'int32','float32','float32')","((-1, -1), (-1,), (-1,), (-1,))","((-200.0, 200.0), (0, 255),(-200.0, 200.0),(-200.0, 200.0))","((0.0001, 0.0001))",32,34.7826087
moe_init_routing_v3_1658,moe_init_routing_v3,"('float16', 'int32','float32','float32')","{'active_num':1089, 'expert_capacity':-1, 'expert_num':1024, 'drop_pad_mode':0, 'expert_tokens_num_type': 1, 'expert_tokens_num_flag':True, 'quant_mode':1, 'active_expert_range':[70, 86],'row_idx_type':1}","((33, 26734), (33, 33),None,None)","('int8', 'int32', 'int64', 'float32')","((1089, 26734), (1089,), (16,), (1089,))","((-1, -1), (-1, -1),None,None)","('float16', 'int32','float32','float32')","((-1, -1), (-1,), (-1,), (-1,))","((-200.0, 200.0), (0, 1023),(-200.0, 200.0),(-200.0, 200.0))","((0.001, 0.001))",31.5,34.23913043
moe_init_routing_v3_1667,moe_init_routing_v3,"('int8', 'int32','float32','float32')","{'active_num':624, 'expert_capacity':-1, 'expert_num':1024, 'drop_pad_mode':0, 'expert_tokens_num_type': 1, 'expert_tokens_num_flag':True, 'quant_mode':-1, 'active_expert_range':[492, 581],'row_idx_type':1}","((39, 43128), (39, 16),None,None)","('int8', 'int32', 'int64', 'float32')","((624, 43128), (624,), (89,), (624,))","((-1, -1), (-1, -1),None,None)","('int8', 'int32','float32','float32')","((-1, -1), (-1,), (-1,), (-1,))","((-200.0, 200.0), (0, 1023),(-200.0, 200.0),(-200.0, 200.0))","((0.0001, 0.0001))",28.9,31.41304348
moe_init_routing_v3_1679,moe_init_routing_v3,"('bfloat16', 'int32','float32','float32')","{'active_num':170, 'expert_capacity':-1, 'expert_num':10240, 'drop_pad_mode':0, 'expert_tokens_num_type': 1, 'expert_tokens_num_flag':True, 'quant_mode':1, 'active_expert_range':[398, 414],'row_idx_type':0}","((17, 24203), (17, 10),(16, 24203),None)","('int8', 'int32', 'int64', 'float32')","((170, 24203), (170,), (16,), (170,))","((-1, -1), (-1, -1),(-1, -1),None)","('bfloat16', 'int32','float32','float32')","((-1, -1), (-1,), (-1,), (-1,))","((-200.0, 200.0), (0, 10239),(-200.0, 200.0),(-200.0, 200.0))","((0.004, 0.004))",22.24,24.17391304
moe_init_routing_v3_1684,moe_init_routing_v3,"('bfloat16', 'int32','float32','float32')","{'active_num':65, 'expert_capacity':-1, 'expert_num':10240, 'drop_pad_mode':0, 'expert_tokens_num_type': 1, 'expert_tokens_num_flag':True, 'quant_mode':-1, 'active_expert_range':[1380, 3829],'row_idx_type':1}","((5, 36292), (5, 13),None,None)","('bfloat16', 'int32', 'int64', 'float32')","((65, 36292), (65,), (2449,), (65,))","((-1, -1), (-1, -1),None,None)","('bfloat16', 'int32','float32','float32')","((-1, -1), (-1,), (-1,), (-1,))","((-200.0, 200.0), (0, 10239),(-200.0, 200.0),(-200.0, 200.0))","((0.004, 0.004))",57.4,62.39130435
moe_init_routing_v3_1699,moe_init_routing_v3,"('bfloat16', 'int32','float32','float32')","{'active_num':2212, 'expert_capacity':-1, 'expert_num':256, 'drop_pad_mode':0, 'expert_tokens_num_type': 1, 'expert_tokens_num_flag':True, 'quant_mode':-1, 'active_expert_range':[0, 33],'row_idx_type':0}","((28, 47796), (28, 79),None,None)","('bfloat16', 'int32', 'int64', 'float32')","((2212, 47796), (2212,), (33,), (2212,))","((-1, -1), (-1, -1),None,None)","('bfloat16', 'int32','float32','float32')","((-1, -1), (-1,), (-1,), (-1,))","((-200.0, 200.0), (0, 255),(-200.0, 200.0),(-200.0, 200.0))","((0.004, 0.004))",44.8,48.69565217
moe_init_routing_v3_1741,moe_init_routing_v3,"('float32', 'int32','float32','float32')","{'active_num':5215, 'expert_capacity':-1, 'expert_num':1024, 'drop_pad_mode':0, 'expert_tokens_num_type': 1, 'expert_tokens_num_flag':True, 'quant_mode':-1, 'active_expert_range':[295, 375],'row_idx_type':0}","((35, 44361), (35, 149),None,None)","('float32', 'int32', 'int64', 'float32')","((5215, 44361), (5215,), (80,), (5215,))","((-1, -1), (-1, -1),None,None)","('float32', 'int32','float32','float32')","((-1, -1), (-1,), (-1,), (-1,))","((-200.0, 200.0), (0, 1023),(-200.0, 200.0),(-200.0, 200.0))","((0.0001, 0.0001))",58.84,63.95652174
moe_init_routing_v3_1804,moe_init_routing_v3,"('int8', 'int32','float32','float32')","{'active_num':45210, 'expert_capacity':-1, 'expert_num':1024, 'drop_pad_mode':0, 'expert_tokens_num_type': 1, 'expert_tokens_num_flag':True, 'quant_mode':-1, 'active_expert_range':[272, 282],'row_idx_type':0}","((15, 40062), (15, 3014),None,None)","('int8', 'int32', 'int64', 'float32')","((45210, 40062), (45210,), (10,), (45210,))","((-1, -1), (-1, -1),None,None)","('int8', 'int32','float32','float32')","((-1, -1), (-1,), (-1,), (-1,))","((-200.0, 200.0), (0, 1023),(-200.0, 200.0),(-200.0, 200.0))","((0.0001, 0.0001))",100.18,108.8913043
moe_init_routing_v3_1820,moe_init_routing_v3,"('int8', 'int32','float32','float32')","{'active_num':4136, 'expert_capacity':-1, 'expert_num':1024, 'drop_pad_mode':0, 'expert_tokens_num_type': 1, 'expert_tokens_num_flag':True, 'quant_mode':-1, 'active_expert_range':[278, 502],'row_idx_type':0}","((4, 28242), (4, 1034),(4,),None)","('int8', 'int32', 'int64', 'float32')","((4136, 28242), (4136,), (224,), (4136,))","((-1, -1), (-1, -1),(-1,),None)","('int8', 'int32','float32','float32')","((-1, -1), (-1,), (-1,), (-1,))","((-200.0, 200.0), (0, 1023),(-200.0, 200.0),(-200.0, 200.0))","((0.0001, 0.0001))",63.46,68.97826087
moe_init_routing_v3_1946,moe_init_routing_v3,"('bfloat16', 'int32','float32','float32')","{'active_num':9570, 'expert_capacity':-1, 'expert_num':256, 'drop_pad_mode':0, 'expert_tokens_num_type': 1, 'expert_tokens_num_flag':True, 'quant_mode':1, 'active_expert_range':[36, 80],'row_idx_type':0}","((319, 1), (319, 30),(44, 1),None)","('int8', 'int32', 'int64', 'float32')","((9570, 1), (9570,), (44,), (9570,))","((-1, -1), (-1, -1),(-1, -1),None)","('bfloat16', 'int32','float32','float32')","((-1, -1), (-1,), (-1,), (-1,))","((-200.0, 200.0), (0, 255),(-200.0, 200.0),(-200.0, 200.0))","((0.004, 0.004))",94.24,102.4347826
moe_init_routing_v3_1962,moe_init_routing_v3,"('bfloat16', 'int32','float32','float32')","{'active_num':1695, 'expert_capacity':-1, 'expert_num':1024, 'drop_pad_mode':0, 'expert_tokens_num_type': 1, 'expert_tokens_num_flag':True, 'quant_mode':1, 'active_expert_range':[484, 490],'row_idx_type':0}","((113, 20), (113, 15),None,None)","('int8', 'int32', 'int64', 'float32')","((1695, 20), (1695,), (6,), (1695,))","((-1, -1), (-1, -1),None,None)","('bfloat16', 'int32','float32','float32')","((-1, -1), (-1,), (-1,), (-1,))","((-200.0, 200.0), (0, 1023),(-200.0, 200.0),(-200.0, 200.0))","((0.004, 0.004))",23.16,25.17391304
moe_init_routing_v3_1967,moe_init_routing_v3,"('float32', 'int32','float32','float32')","{'active_num':5910, 'expert_capacity':-1, 'expert_num':1024, 'drop_pad_mode':0, 'expert_tokens_num_type': 1, 'expert_tokens_num_flag':True, 'quant_mode':1, 'active_expert_range':[258, 496],'row_idx_type':1}","((197, 37), (197, 30),(238, 37),None)","('int8', 'int32', 'int64', 'float32')","((5910, 37), (5910,), (238,), (5910,))","((-1, -1), (-1, -1),(-1, -1),None)","('float32', 'int32','float32','float32')","((-1, -1), (-1,), (-1,), (-1,))","((-200.0, 200.0), (0, 1023),(-200.0, 200.0),(-200.0, 200.0))","((0.0001, 0.0001))",47.26,51.36956522
moe_init_routing_v3_2013,moe_init_routing_v3,"('float32', 'int32','float32','float32')","{'active_num':9350, 'expert_capacity':-1, 'expert_num':256, 'drop_pad_mode':0, 'expert_tokens_num_type': 1, 'expert_tokens_num_flag':True, 'quant_mode':1, 'active_expert_range':[54, 130],'row_idx_type':0}","((55, 22), (55, 170),None,None)","('int8', 'int32', 'int64', 'float32')","((9350, 22), (9350,), (76,), (9350,))","((-1, -1), (-1, -1),None,None)","('float32', 'int32','float32','float32')","((-1, -1), (-1,), (-1,), (-1,))","((-200.0, 200.0), (0, 255),(-200.0, 200.0),(-200.0, 200.0))","((0.0001, 0.0001))",73.46,79.84782609
moe_init_routing_v3_2024,moe_init_routing_v3,"('float32', 'int32','float32','float32')","{'active_num':7475, 'expert_capacity':-1, 'expert_num':256, 'drop_pad_mode':0, 'expert_tokens_num_type': 1, 'expert_tokens_num_flag':True, 'quant_mode':-1, 'active_expert_range':[53, 199],'row_idx_type':0}","((115, 21), (115, 65),None,None)","('float32', 'int32', 'int64', 'float32')","((7475, 21), (7475,), (146,), (7475,))","((-1, -1), (-1, -1),None,None)","('float32', 'int32','float32','float32')","((-1, -1), (-1,), (-1,), (-1,))","((-200.0, 200.0), (0, 255),(-200.0, 200.0),(-200.0, 200.0))","((0.0001, 0.0001))",67.74,73.63043478
moe_init_routing_v3_2272,moe_init_routing_v3,"('bfloat16', 'int32','float32','float32')","{'active_num':416, 'expert_capacity':-1, 'expert_num':1024, 'drop_pad_mode':0, 'expert_tokens_num_type': 1, 'expert_tokens_num_flag':True, 'quant_mode':-1, 'active_expert_range':[395, 511],'row_idx_type':0}","((208, 431), (208, 2),None,None)","('bfloat16', 'int32', 'int64', 'float32')","((416, 431), (416,), (116,), (416,))","((-1, -1), (-1, -1),None,None)","('bfloat16', 'int32','float32','float32')","((-1, -1), (-1,), (-1,), (-1,))","((-200.0, 200.0), (0, 1023),(-200.0, 200.0),(-200.0, 200.0))","((0.004, 0.004))",25.68,27.91304348
moe_init_routing_v3_2283,moe_init_routing_v3,"('int8', 'int32','float32','float32')","{'active_num':579, 'expert_capacity':-1, 'expert_num':1024, 'drop_pad_mode':0, 'expert_tokens_num_type': 1, 'expert_tokens_num_flag':True, 'quant_mode':-1, 'active_expert_range':[31, 767],'row_idx_type':0}","((193, 384), (193, 3),None,None)","('int8', 'int32', 'int64', 'float32')","((579, 384), (579,), (736,), (579,))","((-1, -1), (-1, -1),None,None)","('int8', 'int32','float32','float32')","((-1, -1), (-1,), (-1,), (-1,))","((-200.0, 200.0), (0, 1023),(-200.0, 200.0),(-200.0, 200.0))","((0.0001, 0.0001))",40.26,43.76086957
moe_init_routing_v3_2284,moe_init_routing_v3,"('int8', 'int32','float32','float32')","{'active_num':4642, 'expert_capacity':-1, 'expert_num':1024, 'drop_pad_mode':0, 'expert_tokens_num_type': 1, 'expert_tokens_num_flag':True, 'quant_mode':-1, 'active_expert_range':[8, 111],'row_idx_type':1}","((422, 487), (422, 11),(422,),None)","('int8', 'int32', 'int64', 'float32')","((4642, 487), (4642,), (103,), (4642,))","((-1, -1), (-1, -1),(-1,),None)","('int8', 'int32','float32','float32')","((-1, -1), (-1,), (-1,), (-1,))","((-200.0, 200.0), (0, 1023),(-200.0, 200.0),(-200.0, 200.0))","((0.0001, 0.0001))",37.24,40.47826087
moe_init_routing_v3_2302,moe_init_routing_v3,"('float16', 'int32','float32','float32')","{'active_num':9864, 'expert_capacity':-1, 'expert_num':10240, 'drop_pad_mode':0, 'expert_tokens_num_type': 1, 'expert_tokens_num_flag':True, 'quant_mode':1, 'active_expert_range':[4499, 5016],'row_idx_type':0}","((274, 332), (274, 36),(517, 332),None)","('int8', 'int32', 'int64', 'float32')","((9864, 332), (9864,), (517,), (9864,))","((-1, -1), (-1, -1),(-1, -1),None)","('float16', 'int32','float32','float32')","((-1, -1), (-1,), (-1,), (-1,))","((-200.0, 200.0), (0, 10239),(-200.0, 200.0),(-200.0, 200.0))","((0.001, 0.001))",81.7,88.80434783
moe_init_routing_v3_2371,moe_init_routing_v3,"('float32', 'int32','float32','float32')","{'active_num':18245, 'expert_capacity':-1, 'expert_num':1024, 'drop_pad_mode':0, 'expert_tokens_num_type': 1, 'expert_tokens_num_flag':True, 'quant_mode':1, 'active_expert_range':[187, 208],'row_idx_type':0}","((89, 258), (89, 205),None,None)","('int8', 'int32', 'int64', 'float32')","((18245, 258), (18245,), (21,), (18245,))","((-1, -1), (-1, -1),None,None)","('float32', 'int32','float32','float32')","((-1, -1), (-1,), (-1,), (-1,))","((-200.0, 200.0), (0, 1023),(-200.0, 200.0),(-200.0, 200.0))","((0.0001, 0.0001))",70.2,76.30434783
moe_init_routing_v3_2372,moe_init_routing_v3,"('float32', 'int32','float32','float32')","{'active_num':15594, 'expert_capacity':-1, 'expert_num':1024, 'drop_pad_mode':0, 'expert_tokens_num_type': 1, 'expert_tokens_num_flag':True, 'quant_mode':1, 'active_expert_range':[26, 34],'row_idx_type':0}","((226, 323), (226, 69),None,None)","('int8', 'int32', 'int64', 'float32')","((15594, 323), (15594,), (8,), (15594,))","((-1, -1), (-1, -1),None,None)","('float32', 'int32','float32','float32')","((-1, -1), (-1,), (-1,), (-1,))","((-200.0, 200.0), (0, 1023),(-200.0, 200.0),(-200.0, 200.0))","((0.0001, 0.0001))",55.42,60.23913043
moe_init_routing_v3_2565,moe_init_routing_v3,"('bfloat16', 'int32','float32','float32')","{'active_num':3894, 'expert_capacity':-1, 'expert_num':256, 'drop_pad_mode':0, 'expert_tokens_num_type': 1, 'expert_tokens_num_flag':True, 'quant_mode':1, 'active_expert_range':[94, 206],'row_idx_type':0}","((354, 2402), (354, 11),(112, 2402),None)","('int8', 'int32', 'int64', 'float32')","((3894, 2402), (3894,), (112,), (3894,))","((-1, -1), (-1, -1),(-1, -1),None)","('bfloat16', 'int32','float32','float32')","((-1, -1), (-1,), (-1,), (-1,))","((-200.0, 200.0), (0, 255),(-200.0, 200.0),(-200.0, 200.0))","((0.004, 0.004))",69.3,75.32608696
moe_init_routing_v3_2590,moe_init_routing_v3,"('bfloat16', 'int32','float32','float32')","{'active_num':8866, 'expert_capacity':-1, 'expert_num':1024, 'drop_pad_mode':0, 'expert_tokens_num_type': 1, 'expert_tokens_num_flag':True, 'quant_mode':1, 'active_expert_range':[266, 486],'row_idx_type':1}","((403, 1877), (403, 22),None,None)","('int8', 'int32', 'int64', 'float32')","((8866, 1877), (8866,), (220,), (8866,))","((-1, -1), (-1, -1),None,None)","('bfloat16', 'int32','float32','float32')","((-1, -1), (-1,), (-1,), (-1,))","((-200.0, 200.0), (0, 1023),(-200.0, 200.0),(-200.0, 200.0))","((0.004, 0.004))",84.06,91.36956522
moe_init_routing_v3_2591,moe_init_routing_v3,"('int8', 'int32','float32','float32')","{'active_num':871, 'expert_capacity':-1, 'expert_num':1024, 'drop_pad_mode':0, 'expert_tokens_num_type': 1, 'expert_tokens_num_flag':True, 'quant_mode':-1, 'active_expert_range':[2, 978],'row_idx_type':0}","((67, 2118), (67, 13),(67,),None)","('int8', 'int32', 'int64', 'float32')","((871, 2118), (871,), (976,), (871,))","((-1, -1), (-1, -1),(-1,),None)","('int8', 'int32','float32','float32')","((-1, -1), (-1,), (-1,), (-1,))","((-200.0, 200.0), (0, 1023),(-200.0, 200.0),(-200.0, 200.0))","((0.0001, 0.0001))",60.76,66.04347826
moe_init_routing_v3_2596,moe_init_routing_v3,"('bfloat16', 'int32','float32','float32')","{'active_num':4275, 'expert_capacity':-1, 'expert_num':1024, 'drop_pad_mode':0, 'expert_tokens_num_type': 1, 'expert_tokens_num_flag':True, 'quant_mode':1, 'active_expert_range':[231, 800],'row_idx_type':1}","((285, 1347), (285, 15),(569, 1347),None)","('int8', 'int32', 'int64', 'float32')","((4275, 1347), (4275,), (569,), (4275,))","((-1, -1), (-1, -1),(-1, -1),None)","('bfloat16', 'int32','float32','float32')","((-1, -1), (-1,), (-1,), (-1,))","((-200.0, 200.0), (0, 1023),(-200.0, 200.0),(-200.0, 200.0))","((0.004, 0.004))",74.42,80.89130435
moe_init_routing_v3_2599,moe_init_routing_v3,"('float16', 'int32','float32','float32')","{'active_num':16236, 'expert_capacity':-1, 'expert_num':1024, 'drop_pad_mode':0, 'expert_tokens_num_type': 1, 'expert_tokens_num_flag':True, 'quant_mode':-1, 'active_expert_range':[249, 473],'row_idx_type':0}","((451, 3642), (451, 36),None,None)","('float16', 'int32', 'int64', 'float32')","((16236, 3642), (16236,), (224,), (16236,))","((-1, -1), (-1, -1),None,None)","('float16', 'int32','float32','float32')","((-1, -1), (-1,), (-1,), (-1,))","((-200.0, 200.0), (0, 1023),(-200.0, 200.0),(-200.0, 200.0))","((0.001, 0.001))",91.98,99.97826087
moe_init_routing_v3_2601,moe_init_routing_v3,"('bfloat16', 'int32','float32','float32')","{'active_num':3496, 'expert_capacity':-1, 'expert_num':1024, 'drop_pad_mode':0, 'expert_tokens_num_type': 1, 'expert_tokens_num_flag':True, 'quant_mode':1, 'active_expert_range':[454, 630],'row_idx_type':1}","((152, 2062), (152, 23),None,None)","('int8', 'int32', 'int64', 'float32')","((3496, 2062), (3496,), (176,), (3496,))","((-1, -1), (-1, -1),None,None)","('bfloat16', 'int32','float32','float32')","((-1, -1), (-1,), (-1,), (-1,))","((-200.0, 200.0), (0, 1023),(-200.0, 200.0),(-200.0, 200.0))","((0.004, 0.004))",43.66,47.45652174
moe_init_routing_v3_2604,moe_init_routing_v3,"('bfloat16', 'int32','float32','float32')","{'active_num':454, 'expert_capacity':-1, 'expert_num':1024, 'drop_pad_mode':0, 'expert_tokens_num_type': 1, 'expert_tokens_num_flag':True, 'quant_mode':1, 'active_expert_range':[349, 552],'row_idx_type':1}","((227, 3445), (227, 2),(203, 3445),None)","('int8', 'int32', 'int64', 'float32')","((454, 3445), (454,), (203,), (454,))","((-1, -1), (-1, -1),(-1, -1),None)","('bfloat16', 'int32','float32','float32')","((-1, -1), (-1,), (-1,), (-1,))","((-200.0, 200.0), (0, 1023),(-200.0, 200.0),(-200.0, 200.0))","((0.004, 0.004))",30.66,33.32608696
moe_init_routing_v3_2605,moe_init_routing_v3,"('float32', 'int32','float32','float32')","{'active_num':1841, 'expert_capacity':-1, 'expert_num':1024, 'drop_pad_mode':0, 'expert_tokens_num_type': 1, 'expert_tokens_num_flag':True, 'quant_mode':1, 'active_expert_range':[446, 966],'row_idx_type':1}","((263, 4742), (263, 7),None,None)","('int8', 'int32', 'int64', 'float32')","((1841, 4742), (1841,), (520,), (1841,))","((-1, -1), (-1, -1),None,None)","('float32', 'int32','float32','float32')","((-1, -1), (-1,), (-1,), (-1,))","((-200.0, 200.0), (0, 1023),(-200.0, 200.0),(-200.0, 200.0))","((0.0001, 0.0001))",56.86,61.80434783
moe_init_routing_v3_2655,moe_init_routing_v3,"('bfloat16', 'int32','float32','float32')","{'active_num':9180, 'expert_capacity':-1, 'expert_num':256, 'drop_pad_mode':0, 'expert_tokens_num_type': 1, 'expert_tokens_num_flag':True, 'quant_mode':-1, 'active_expert_range':[111, 214],'row_idx_type':1}","((68, 4825), (68, 135),None,None)","('bfloat16', 'int32', 'int64', 'float32')","((9180, 4825), (9180,), (103,), (9180,))","((-1, -1), (-1, -1),None,None)","('bfloat16', 'int32','float32','float32')","((-1, -1), (-1,), (-1,), (-1,))","((-200.0, 200.0), (0, 255),(-200.0, 200.0),(-200.0, 200.0))","((0.004, 0.004))",61.84,67.2173913
moe_init_routing_v3_2911,moe_init_routing_v3,"('float16', 'int32','float32','float32')","{'active_num':9669, 'expert_capacity':-1, 'expert_num':256, 'drop_pad_mode':0, 'expert_tokens_num_type': 1, 'expert_tokens_num_flag':True, 'quant_mode':1, 'active_expert_range':[45, 68],'row_idx_type':0}","((293, 5249), (293, 33),(23, 5249),None)","('int8', 'int32', 'int64', 'float32')","((9669, 5249), (9669,), (23,), (9669,))","((-1, -1), (-1, -1),(-1, -1),None)","('float16', 'int32','float32','float32')","((-1, -1), (-1,), (-1,), (-1,))","((-200.0, 200.0), (0, 255),(-200.0, 200.0),(-200.0, 200.0))","((0.001, 0.001))",83.62,90.89130435
moe_init_routing_v3_2913,moe_init_routing_v3,"('bfloat16', 'int32','float32','float32')","{'active_num':114, 'expert_capacity':-1, 'expert_num':256, 'drop_pad_mode':0, 'expert_tokens_num_type': 1, 'expert_tokens_num_flag':True, 'quant_mode':-1, 'active_expert_range':[60, 158],'row_idx_type':1}","((57, 7629), (57, 2),None,None)","('bfloat16', 'int32', 'int64', 'float32')","((114, 7629), (114,), (98,), (114,))","((-1, -1), (-1, -1),None,None)","('bfloat16', 'int32','float32','float32')","((-1, -1), (-1,), (-1,), (-1,))","((-200.0, 200.0), (0, 255),(-200.0, 200.0),(-200.0, 200.0))","((0.004, 0.004))",23.8,25.86956522
moe_init_routing_v3_2921,moe_init_routing_v3,"('float32', 'int32','float32','float32')","{'active_num':6006, 'expert_capacity':-1, 'expert_num':1024, 'drop_pad_mode':0, 'expert_tokens_num_type': 1, 'expert_tokens_num_flag':True, 'quant_mode':-1, 'active_expert_range':[203, 749],'row_idx_type':1}","((154, 9012), (154, 39),None,None)","('float32', 'int32', 'int64', 'float32')","((6006, 9012), (6006,), (546,), (6006,))","((-1, -1), (-1, -1),None,None)","('float32', 'int32','float32','float32')","((-1, -1), (-1,), (-1,), (-1,))","((-200.0, 200.0), (0, 1023),(-200.0, 200.0),(-200.0, 200.0))","((0.0001, 0.0001))",75.7,82.2826087
moe_init_routing_v3_2927,moe_init_routing_v3,"('bfloat16', 'int32','float32','float32')","{'active_num':3200, 'expert_capacity':-1, 'expert_num':1024, 'drop_pad_mode':0, 'expert_tokens_num_type': 1, 'expert_tokens_num_flag':True, 'quant_mode':-1, 'active_expert_range':[286, 471],'row_idx_type':1}","((320, 6746), (320, 10),None,None)","('bfloat16', 'int32', 'int64', 'float32')","((3200, 6746), (3200,), (185,), (3200,))","((-1, -1), (-1, -1),None,None)","('bfloat16', 'int32','float32','float32')","((-1, -1), (-1,), (-1,), (-1,))","((-200.0, 200.0), (0, 1023),(-200.0, 200.0),(-200.0, 200.0))","((0.004, 0.004))",32.44,35.26086957
moe_init_routing_v3_2935,moe_init_routing_v3,"('float16', 'int32','float32','float32')","{'active_num':455, 'expert_capacity':-1, 'expert_num':1024, 'drop_pad_mode':0, 'expert_tokens_num_type': 1, 'expert_tokens_num_flag':True, 'quant_mode':-1, 'active_expert_range':[439, 790],'row_idx_type':1}","((91, 8852), (91, 5),None,None)","('float16', 'int32', 'int64', 'float32')","((455, 8852), (455,), (351,), (455,))","((-1, -1), (-1, -1),None,None)","('float16', 'int32','float32','float32')","((-1, -1), (-1,), (-1,), (-1,))","((-200.0, 200.0), (0, 1023),(-200.0, 200.0),(-200.0, 200.0))","((0.001, 0.001))",30.92,33.60869565
moe_init_routing_v3_2950,moe_init_routing_v3,"('float16', 'int32','float32','float32')","{'active_num':1870, 'expert_capacity':-1, 'expert_num':10240, 'drop_pad_mode':0, 'expert_tokens_num_type': 1, 'expert_tokens_num_flag':True, 'quant_mode':-1, 'active_expert_range':[3405, 7353],'row_idx_type':0}","((374, 5410), (374, 5),None,None)","('float16', 'int32', 'int64', 'float32')","((1870, 5410), (1870,), (3948,), (1870,))","((-1, -1), (-1, -1),None,None)","('float16', 'int32','float32','float32')","((-1, -1), (-1,), (-1,), (-1,))","((-200.0, 200.0), (0, 10239),(-200.0, 200.0),(-200.0, 200.0))","((0.001, 0.001))",89.88,97.69565217
moe_init_routing_v3_2958,moe_init_routing_v3,"('float16', 'int32','float32','float32')","{'active_num':1656, 'expert_capacity':-1, 'expert_num':10240, 'drop_pad_mode':0, 'expert_tokens_num_type': 1, 'expert_tokens_num_flag':True, 'quant_mode':1, 'active_expert_range':[3423, 5528],'row_idx_type':0}","((184, 9220), (184, 9),None,None)","('int8', 'int32', 'int64', 'float32')","((1656, 9220), (1656,), (2105,), (1656,))","((-1, -1), (-1, -1),None,None)","('float16', 'int32','float32','float32')","((-1, -1), (-1,), (-1,), (-1,))","((-200.0, 200.0), (0, 10239),(-200.0, 200.0),(-200.0, 200.0))","((0.001, 0.001))",71.7,77.93478261
moe_init_routing_v3_2959,moe_init_routing_v3,"('bfloat16', 'int32','float32','float32')","{'active_num':398, 'expert_capacity':-1, 'expert_num':10240, 'drop_pad_mode':0, 'expert_tokens_num_type': 1, 'expert_tokens_num_flag':True, 'quant_mode':1, 'active_expert_range':[728, 1992],'row_idx_type':1}","((199, 5215), (199, 2),(1264, 5215),None)","('int8', 'int32', 'int64', 'float32')","((398, 5215), (398,), (1264,), (398,))","((-1, -1), (-1, -1),(-1, -1),None)","('bfloat16', 'int32','float32','float32')","((-1, -1), (-1,), (-1,), (-1,))","((-200.0, 200.0), (0, 10239),(-200.0, 200.0),(-200.0, 200.0))","((0.004, 0.004))",48.44,52.65217391
moe_init_routing_v3_3211,moe_init_routing_v3,"('float16', 'int32','float32','float32')","{'active_num':552, 'expert_capacity':-1, 'expert_num':256, 'drop_pad_mode':0, 'expert_tokens_num_type': 1, 'expert_tokens_num_flag':True, 'quant_mode':1, 'active_expert_range':[74, 185],'row_idx_type':1}","((138, 15733), (138, 4),(111, 15733),None)","('int8', 'int32', 'int64', 'float32')","((552, 15733), (552,), (111,), (552,))","((-1, -1), (-1, -1),(-1, -1),None)","('float16', 'int32','float32','float32')","((-1, -1), (-1,), (-1,), (-1,))","((-200.0, 200.0), (0, 255),(-200.0, 200.0),(-200.0, 200.0))","((0.001, 0.001))",53.84,58.52173913
moe_init_routing_v3_3218,moe_init_routing_v3,"('int8', 'int32','float32','float32')","{'active_num':840, 'expert_capacity':-1, 'expert_num':256, 'drop_pad_mode':0, 'expert_tokens_num_type': 1, 'expert_tokens_num_flag':True, 'quant_mode':-1, 'active_expert_range':[119, 137],'row_idx_type':0}","((60, 11015), (60, 14),None,None)","('int8', 'int32', 'int64', 'float32')","((840, 11015), (840,), (18,), (840,))","((-1, -1), (-1, -1),None,None)","('int8', 'int32','float32','float32')","((-1, -1), (-1,), (-1,), (-1,))","((-200.0, 200.0), (0, 255),(-200.0, 200.0),(-200.0, 200.0))","((0.0001, 0.0001))",25.98,28.23913043
moe_init_routing_v3_3224,moe_init_routing_v3,"('int8', 'int32','float32','float32')","{'active_num':1651, 'expert_capacity':-1, 'expert_num':1024, 'drop_pad_mode':0, 'expert_tokens_num_type': 1, 'expert_tokens_num_flag':True, 'quant_mode':-1, 'active_expert_range':[7, 933],'row_idx_type':0}","((127, 14494), (127, 13),(127,),None)","('int8', 'int32', 'int64', 'float32')","((1651, 14494), (1651,), (926,), (1651,))","((-1, -1), (-1, -1),(-1,),None)","('int8', 'int32','float32','float32')","((-1, -1), (-1,), (-1,), (-1,))","((-200.0, 200.0), (0, 1023),(-200.0, 200.0),(-200.0, 200.0))","((0.0001, 0.0001))",76.74,83.41304348
moe_init_routing_v3_3238,moe_init_routing_v3,"('float16', 'int32','float32','float32')","{'active_num':1290, 'expert_capacity':-1, 'expert_num':1024, 'drop_pad_mode':0, 'expert_tokens_num_type': 1, 'expert_tokens_num_flag':True, 'quant_mode':-1, 'active_expert_range':[362, 832],'row_idx_type':0}","((430, 10403), (430, 3),None,None)","('float16', 'int32', 'int64', 'float32')","((1290, 10403), (1290,), (470,), (1290,))","((-1, -1), (-1, -1),None,None)","('float16', 'int32','float32','float32')","((-1, -1), (-1,), (-1,), (-1,))","((-200.0, 200.0), (0, 1023),(-200.0, 200.0),(-200.0, 200.0))","((0.001, 0.001))",37.34,40.58695652
moe_init_routing_v3_3253,moe_init_routing_v3,"('float32', 'int32','float32','float32')","{'active_num':744, 'expert_capacity':-1, 'expert_num':10240, 'drop_pad_mode':0, 'expert_tokens_num_type': 1, 'expert_tokens_num_flag':True, 'quant_mode':-1, 'active_expert_range':[4803, 5441],'row_idx_type':1}","((93, 19403), (93, 8),None,None)","('float32', 'int32', 'int64', 'float32')","((744, 19403), (744,), (638,), (744,))","((-1, -1), (-1, -1),None,None)","('float32', 'int32','float32','float32')","((-1, -1), (-1,), (-1,), (-1,))","((-200.0, 200.0), (0, 10239),(-200.0, 200.0),(-200.0, 200.0))","((0.0001, 0.0001))",35.36,38.43478261
moe_init_routing_v3_3293,moe_init_routing_v3,"('float16', 'int32','float32','float32')","{'active_num':4730, 'expert_capacity':-1, 'expert_num':1024, 'drop_pad_mode':0, 'expert_tokens_num_type': 1, 'expert_tokens_num_flag':True, 'quant_mode':-1, 'active_expert_range':[322, 432],'row_idx_type':0}","((43, 19384), (43, 110),None,None)","('float16', 'int32', 'int64', 'float32')","((4730, 19384), (4730,), (110,), (4730,))","((-1, -1), (-1, -1),None,None)","('float16', 'int32','float32','float32')","((-1, -1), (-1,), (-1,), (-1,))","((-200.0, 200.0), (0, 1023),(-200.0, 200.0),(-200.0, 200.0))","((0.001, 0.001))",40.12,43.60869565
moe_init_routing_v3_3297,moe_init_routing_v3,"('int8', 'int32','float32','float32')","{'active_num':21660, 'expert_capacity':-1, 'expert_num':1024, 'drop_pad_mode':0, 'expert_tokens_num_type': 1, 'expert_tokens_num_flag':True, 'quant_mode':-1, 'active_expert_range':[146, 237],'row_idx_type':0}","((114, 12767), (114, 190),None,None)","('int8', 'int32', 'int64', 'float32')","((21660, 12767), (21660,), (91,), (21660,))","((-1, -1), (-1, -1),None,None)","('int8', 'int32','float32','float32')","((-1, -1), (-1,), (-1,), (-1,))","((-200.0, 200.0), (0, 1023),(-200.0, 200.0),(-200.0, 200.0))","((0.0001, 0.0001))",80.76,87.7826087
moe_init_routing_v3_3488,moe_init_routing_v3,"('bfloat16', 'int32','float32','float32')","{'active_num':2976, 'expert_capacity':-1, 'expert_num':1024, 'drop_pad_mode':0, 'expert_tokens_num_type': 1, 'expert_tokens_num_flag':True, 'quant_mode':-1, 'active_expert_range':[445, 862],'row_idx_type':1}","((186, 46088), (186, 16),None,None)","('bfloat16', 'int32', 'int64', 'float32')","((2976, 46088), (2976,), (417,), (2976,))","((-1, -1), (-1, -1),None,None)","('bfloat16', 'int32','float32','float32')","((-1, -1), (-1,), (-1,), (-1,))","((-200.0, 200.0), (0, 1023),(-200.0, 200.0),(-200.0, 200.0))","((0.004, 0.004))",72.3,78.58695652
moe_init_routing_v3_3489,moe_init_routing_v3,"('float16', 'int32','float32','float32')","{'active_num':1324, 'expert_capacity':-1, 'expert_num':1024, 'drop_pad_mode':0, 'expert_tokens_num_type': 1, 'expert_tokens_num_flag':True, 'quant_mode':-1, 'active_expert_range':[260, 859],'row_idx_type':0}","((331, 38820), (331, 4),None,None)","('float16', 'int32', 'int64', 'float32')","((1324, 38820), (1324,), (599,), (1324,))","((-1, -1), (-1, -1),None,None)","('float16', 'int32','float32','float32')","((-1, -1), (-1,), (-1,), (-1,))","((-200.0, 200.0), (0, 1023),(-200.0, 200.0),(-200.0, 200.0))","((0.001, 0.001))",65.62,71.32608696
moe_init_routing_v3_3497,moe_init_routing_v3,"('float32', 'int32','float32','float32')","{'active_num':1188, 'expert_capacity':-1, 'expert_num':1024, 'drop_pad_mode':0, 'expert_tokens_num_type': 1, 'expert_tokens_num_flag':True, 'quant_mode':1, 'active_expert_range':[242, 341],'row_idx_type':0}","((44, 45750), (44, 27),None,None)","('int8', 'int32', 'int64', 'float32')","((1188, 45750), (1188,), (99,), (1188,))","((-1, -1), (-1, -1),None,None)","('float32', 'int32','float32','float32')","((-1, -1), (-1,), (-1,), (-1,))","((-200.0, 200.0), (0, 1023),(-200.0, 200.0),(-200.0, 200.0))","((0.0001, 0.0001))",82.44,89.60869565
moe_init_routing_v3_3528,moe_init_routing_v3,"('bfloat16', 'int32','float32','float32')","{'active_num':2088, 'expert_capacity':-1, 'expert_num':10240, 'drop_pad_mode':0, 'expert_tokens_num_type': 1, 'expert_tokens_num_flag':True, 'quant_mode':1, 'active_expert_range':[2452, 2918],'row_idx_type':0}","((232, 48310), (232, 9),None,None)","('int8', 'int32', 'int64', 'float32')","((2088, 48310), (2088,), (466,), (2088,))","((-1, -1), (-1, -1),None,None)","('bfloat16', 'int32','float32','float32')","((-1, -1), (-1,), (-1,), (-1,))","((-200.0, 200.0), (0, 10239),(-200.0, 200.0),(-200.0, 200.0))","((0.004, 0.004))",74.54,81.02173913
moe_init_routing_v3_3697,moe_init_routing_v3,"('float32', 'int32','float32','float32')","{'active_num':16326, 'expert_capacity':-1, 'expert_num':256, 'drop_pad_mode':0, 'expert_tokens_num_type': 1, 'expert_tokens_num_flag':True, 'quant_mode':-1, 'active_expert_range':[86, 151],'row_idx_type':1}","((1814, 5), (1814, 9),None,None)","('float32', 'int32', 'int64', 'float32')","((16326, 5), (16326,), (65,), (16326,))","((-1, -1), (-1, -1),None,None)","('float32', 'int32','float32','float32')","((-1, -1), (-1,), (-1,), (-1,))","((-200.0, 200.0), (0, 255),(-200.0, 200.0),(-200.0, 200.0))","((0.0001, 0.0001))",62.96,68.43478261
moe_init_routing_v3_3722,moe_init_routing_v3,"('bfloat16', 'int32','float32','float32')","{'active_num':11550, 'expert_capacity':-1, 'expert_num':1024, 'drop_pad_mode':0, 'expert_tokens_num_type': 1, 'expert_tokens_num_flag':True, 'quant_mode':1, 'active_expert_range':[451, 705],'row_idx_type':1}","((770, 37), (770, 15),None,None)","('int8', 'int32', 'int64', 'float32')","((11550, 37), (11550,), (254,), (11550,))","((-1, -1), (-1, -1),None,None)","('bfloat16', 'int32','float32','float32')","((-1, -1), (-1,), (-1,), (-1,))","((-200.0, 200.0), (0, 1023),(-200.0, 200.0),(-200.0, 200.0))","((0.004, 0.004))",74.1,80.54347826
moe_init_routing_v3_3730,moe_init_routing_v3,"('bfloat16', 'int32','float32','float32')","{'active_num':14187, 'expert_capacity':-1, 'expert_num':1024, 'drop_pad_mode':0, 'expert_tokens_num_type': 1, 'expert_tokens_num_flag':True, 'quant_mode':1, 'active_expert_range':[212, 339],'row_idx_type':0}","((4729, 30), (4729, 3),(127, 30),None)","('int8', 'int32', 'int64', 'float32')","((14187, 30), (14187,), (127,), (14187,))","((-1, -1), (-1, -1),(-1, -1),None)","('bfloat16', 'int32','float32','float32')","((-1, -1), (-1,), (-1,), (-1,))","((-200.0, 200.0), (0, 1023),(-200.0, 200.0),(-200.0, 200.0))","((0.004, 0.004))",86.36,93.86956522
moe_init_routing_v3_3998,moe_init_routing_v3,"('float32', 'int32','float32','float32')","{'active_num':7447, 'expert_capacity':-1, 'expert_num':256, 'drop_pad_mode':0, 'expert_tokens_num_type': 1, 'expert_tokens_num_flag':True, 'quant_mode':-1, 'active_expert_range':[22, 147],'row_idx_type':1}","((677, 312), (677, 11),None,None)","('float32', 'int32', 'int64', 'float32')","((7447, 312), (7447,), (125,), (7447,))","((-1, -1), (-1, -1),None,None)","('float32', 'int32','float32','float32')","((-1, -1), (-1,), (-1,), (-1,))","((-200.0, 200.0), (0, 255),(-200.0, 200.0),(-200.0, 200.0))","((0.0001, 0.0001))",50.06,54.41304348
moe_init_routing_v3_4048,moe_init_routing_v3,"('float16', 'int32','float32','float32')","{'active_num':14250, 'expert_capacity':-1, 'expert_num':10240, 'drop_pad_mode':0, 'expert_tokens_num_type': 1, 'expert_tokens_num_flag':True, 'quant_mode':-1, 'active_expert_range':[2166, 3445],'row_idx_type':1}","((950, 176), (950, 15),None,None)","('float16', 'int32', 'int64', 'float32')","((14250, 176), (14250,), (1279,), (14250,))","((-1, -1), (-1, -1),None,None)","('float16', 'int32','float32','float32')","((-1, -1), (-1,), (-1,), (-1,))","((-200.0, 200.0), (0, 10239),(-200.0, 200.0),(-200.0, 200.0))","((0.001, 0.001))",73.18,79.54347826
moe_init_routing_v3_4345,moe_init_routing_v3,"('float32', 'int32','float32','float32')","{'active_num':6015, 'expert_capacity':-1, 'expert_num':256, 'drop_pad_mode':0, 'expert_tokens_num_type': 1, 'expert_tokens_num_flag':True, 'quant_mode':1, 'active_expert_range':[66, 140],'row_idx_type':0}","((2005, 4600), (2005, 3),None,None)","('int8', 'int32', 'int64', 'float32')","((6015, 4600), (6015,), (74,), (6015,))","((-1, -1), (-1, -1),None,None)","('float32', 'int32','float32','float32')","((-1, -1), (-1,), (-1,), (-1,))","((-200.0, 200.0), (0, 255),(-200.0, 200.0),(-200.0, 200.0))","((0.0001, 0.0001))",81.22,88.2826087
moe_init_routing_v3_4914,moe_init_routing_v3,"('float32', 'int32','float32','float32')","{'active_num':6828, 'expert_capacity':-1, 'expert_num':256, 'drop_pad_mode':0, 'expert_tokens_num_type': 1, 'expert_tokens_num_flag':True, 'quant_mode':1, 'active_expert_range':[5, 9],'row_idx_type':0}","((2276, 27532), (2276, 3),None,None)","('int8', 'int32', 'int64', 'float32')","((6828, 27532), (6828,), (4,), (6828,))","((-1, -1), (-1, -1),None,None)","('float32', 'int32','float32','float32')","((-1, -1), (-1,), (-1,), (-1,))","((-200.0, 200.0), (0, 255),(-200.0, 200.0),(-200.0, 200.0))","((0.0001, 0.0001))",66.82,72.63043478
moe_init_routing_v3_5029,moe_init_routing_v3,"('float16', 'int32','float32','float32')","{'active_num':20294, 'expert_capacity':-1, 'expert_num':256, 'drop_pad_mode':0, 'expert_tokens_num_type': 1, 'expert_tokens_num_flag':True, 'quant_mode':1, 'active_expert_range':[69, 113],'row_idx_type':1}","((10147, 28), (10147, 2),None,None)","('int8', 'int32', 'int64', 'float32')","((20294, 28), (20294,), (44,), (20294,))","((-1, -1), (-1, -1),None,None)","('float16', 'int32','float32','float32')","((-1, -1), (-1,), (-1,), (-1,))","((-200.0, 200.0), (0, 255),(-200.0, 200.0),(-200.0, 200.0))","((0.001, 0.001))",86.5,94.02173913
moe_init_routing_v3_6209,moe_init_routing_v3,"('float32', 'int32','float32','float32')","{'active_num':11278, 'expert_capacity':-1, 'expert_num':10240, 'drop_pad_mode':0, 'expert_tokens_num_type': 1, 'expert_tokens_num_flag':True, 'quant_mode':1, 'active_expert_range':[4363, 4877],'row_idx_type':0}","((11278, 31), (11278, 1),(514, 31),None)","('int8', 'int32', 'int64', 'float32')","((11278, 31), (11278,), (514,), (11278,))","((-1, -1), (-1, -1),(-1, -1),None)","('float32', 'int32','float32','float32')","((-1, -1), (-1,), (-1,), (-1,))","((-200.0, 200.0), (0, 10239),(-200.0, 200.0),(-200.0, 200.0))","((0.0001, 0.0001))",66.1,71.84782609
moe_init_routing_v3_6300,moe_init_routing_v3,"('bfloat16', 'int32','float32','float32')","{'active_num':1404, 'expert_capacity':-1, 'expert_num':1024, 'drop_pad_mode':0, 'expert_tokens_num_type': 1, 'expert_tokens_num_flag':True, 'quant_mode':1, 'active_expert_range':[212, 442],'row_idx_type':0}","((156, 3), (156, 9),None,None)","('int8', 'int32', 'int64', 'float32')","((1404, 3), (1404,), (230,), (1404,))","((-1, -1), (-1, -1),None,None)","('bfloat16', 'int32','float32','float32')","((-1, -1), (-1,), (-1,), (-1,))","((-200.0, 200.0), (0, 1023),(-200.0, 200.0),(-200.0, 200.0))","((0.004, 0.004))",39.9,43.36956522
MoeInitRoutingV3_bfloat16_ND_fuzz_000011,moe_init_routing_v3,"('bfloat16', 'int32', 'float32', 'float32')","{'active_num': 69513, 'expert_capacity': 0, 'expert_num': 1479, 'drop_pad_mode': 0, 'expert_tokens_num_type': 2, 'expert_tokens_num_flag': True, 'quant_mode': 1, 'active_expert_range': [969, 1042], 'row_idx_type': 1}","((47, 3719), (47, 1479), None, None)","('int8', 'int32', 'int64', 'float32')","((69513, 3719), (69513,), (1479, 2), (69513,))","((-1, -1), (-1, -1), None, None)","('bfloat16', 'int32', 'float32', 'float32')","((-1, -1), (-1,), (-1, -1), (-1,))","((-1, -0.01), (1, 1479), (-1, 1), (0.01, 1))","((0.004, 0.004),)",199.88,217.2608696
MoeInitRoutingV3_bfloat16_ND_fuzz_000046,moe_init_routing_v3,"('bfloat16', 'int32', 'float32', 'float32')","{'active_num': 110120, 'expert_capacity': 0, 'expert_num': 2753, 'drop_pad_mode': 0, 'expert_tokens_num_type': 2, 'expert_tokens_num_flag': True, 'quant_mode': -1, 'active_expert_range': [1731, 1734], 'row_idx_type': 1}","((40, 24), (40, 2753), (40,), None)","('bfloat16', 'int32', 'int64', 'float32')","((110120, 24), (110120,), (2753, 2), (110120,))","((-1, -1), (-1, -1), (-1,), None)","('bfloat16', 'int32', 'float32', 'float32')","((-1, -1), (-1,), (-1, -1), (-1,))","((0, 0.001), (1, 2753), (2, 10), (-1, 1))","((0.004, 0.004),)",177.7,193.1521739
MoeInitRoutingV3_bfloat16_ND_fuzz_000092,moe_init_routing_v3,"('bfloat16', 'int32', 'float32', 'float32')","{'active_num': 59296, 'expert_capacity': 0, 'expert_num': 544, 'drop_pad_mode': 0, 'expert_tokens_num_type': 2, 'expert_tokens_num_flag': True, 'quant_mode': -1, 'active_expert_range': [284, 391], 'row_idx_type': 1}","((109, 6553), (109, 544), None, None)","('bfloat16', 'int32', 'int64', 'float32')","((59296, 6553), (59296,), (544, 2), (59296,))","((-1, -1), (-1, -1), None, None)","('bfloat16', 'int32', 'float32', 'float32')","((-1, -1), (-1,), (-1, -1), (-1,))","((-1, 1), (1, 544), (0.001, 0.01), (2, 10))","((0.004, 0.004),)",185.86,202.0217391
MoeInitRoutingV3_bfloat16_ND_fuzz_000172,moe_init_routing_v3,"('bfloat16', 'int32', 'float32', 'float32')","{'active_num': 2189, 'expert_capacity': 0, 'expert_num': 2189, 'drop_pad_mode': 0, 'expert_tokens_num_type': 2, 'expert_tokens_num_flag': True, 'quant_mode': -1, 'active_expert_range': [175, 373], 'row_idx_type': 0}","((1, 1), (1, 2189), None, None)","('bfloat16', 'int32', 'int64', 'float32')","((2189, 1), (2189,), (2189, 2), (2189,))","((-1, -1), (-1, -1), None, None)","('bfloat16', 'int32', 'float32', 'float32')","((-1, -1), (-1,), (-1, -1), (-1,))","((-1, 1), (1, 2189), (-0.01, 0.01), (2, 10))","((0.004, 0.004),)",36.9,40.10869565
MoeInitRoutingV3_bfloat16_ND_fuzz_000233,moe_init_routing_v3,"('bfloat16', 'int32', 'float32', 'float32')","{'active_num': 1889, 'expert_capacity': 0, 'expert_num': 1889, 'drop_pad_mode': 0, 'expert_tokens_num_type': 2, 'expert_tokens_num_flag': True, 'quant_mode': -1, 'active_expert_range': [344, 461], 'row_idx_type': 0}","((1, 760), (1, 1889), None, None)","('bfloat16', 'int32', 'int64', 'float32')","((1889, 760), (1889,), (1889, 2), (1889,))","((-1, -1), (-1, -1), None, None)","('bfloat16', 'int32', 'float32', 'float32')","((-1, -1), (-1,), (-1, -1), (-1,))","((-1, 1), (1, 1889), (-2, -1), (-1, 1))","((0.004, 0.004),)",33.48,36.39130435
MoeInitRoutingV3_bfloat16_ND_fuzz_000250,moe_init_routing_v3,"('bfloat16', 'int32', 'float32', 'float32')","{'active_num': 395, 'expert_capacity': 0, 'expert_num': 395, 'drop_pad_mode': 0, 'expert_tokens_num_type': 2, 'expert_tokens_num_flag': True, 'quant_mode': 1, 'active_expert_range': [25, 90], 'row_idx_type': 1}","((1, 58), (1, 395), (65, 58), None)","('int8', 'int32', 'int64', 'float32')","((395, 58), (395,), (395, 2), (395,))","((-1, -1), (-1, -1), (-1, -1), None)","('bfloat16', 'int32', 'float32', 'float32')","((-1, -1), (-1,), (-1, -1), (-1,))","((0, 0), (1, 395), (-0.01, -0.001), (-1, 1))","((0.004, 0.004),)",31.74,34.5
MoeInitRoutingV3_bfloat16_ND_fuzz_000292,moe_init_routing_v3,"('bfloat16', 'int32', 'float32', 'float32')","{'active_num': 38141, 'expert_capacity': 0, 'expert_num': 887, 'drop_pad_mode': 0, 'expert_tokens_num_type': 2, 'expert_tokens_num_flag': True, 'quant_mode': 1, 'active_expert_range': [38, 129], 'row_idx_type': 0}","((43, 23), (43, 887), None, None)","('int8', 'int32', 'int64', 'float32')","((38141, 23), (38141,), (887, 2), (38141,))","((-1, -1), (-1, -1), None, None)","('bfloat16', 'int32', 'float32', 'float32')","((-1, -1), (-1,), (-1, -1), (-1,))","((-0.001, 0), (1, 887), (-10, -2), (-1, 1))","((0.004, 0.004),)",151.32,164.4782609
MoeInitRoutingV3_bfloat16_ND_fuzz_000308,moe_init_routing_v3,"('bfloat16', 'int32', 'float32', 'float32')","{'active_num': 2308, 'expert_capacity': 0, 'expert_num': 2308, 'drop_pad_mode': 0, 'expert_tokens_num_type': 2, 'expert_tokens_num_flag': True, 'quant_mode': 1, 'active_expert_range': [1878, 2065], 'row_idx_type': 1}","((1, 1), (1, 2308), (187, 1), None)","('int8', 'int32', 'int64', 'float32')","((2308, 1), (2308,), (2308, 2), (2308,))","((-1, -1), (-1, -1), (-1, -1), None)","('bfloat16', 'int32', 'float32', 'float32')","((-1, -1), (-1,), (-1, -1), (-1,))","((-1, 1), (1, 2308), (-1, 1), (-1, 1))","((0.004, 0.004),)",38.96,42.34782609
MoeInitRoutingV3_bfloat16_ND_fuzz_000316,moe_init_routing_v3,"('bfloat16', 'int32', 'float32', 'float32')","{'active_num': 1762, 'expert_capacity': 0, 'expert_num': 1762, 'drop_pad_mode': 0, 'expert_tokens_num_type': 2, 'expert_tokens_num_flag': True, 'quant_mode': 1, 'active_expert_range': [850, 1080], 'row_idx_type': 0}","((1, 32), (1, 1762), None, None)","('int8', 'int32', 'int64', 'float32')","((1762, 32), (1762,), (1762, 2), (1762,))","((-1, -1), (-1, -1), None, None)","('bfloat16', 'int32', 'float32', 'float32')","((-1, -1), (-1,), (-1, -1), (-1,))","((-1, 1), (1, 1762), (10, 1000), (0, 0))","((0.004, 0.004),)",40.14,43.63043478
MoeInitRoutingV3_bfloat16_ND_fuzz_000330,moe_init_routing_v3,"('bfloat16', 'int32', 'float32', 'float32')","{'active_num': 1574, 'expert_capacity': 0, 'expert_num': 1574, 'drop_pad_mode': 0, 'expert_tokens_num_type': 2, 'expert_tokens_num_flag': True, 'quant_mode': -1, 'active_expert_range': [1005, 1140], 'row_idx_type': 0}","((1, 1), (1, 1574), (1,), None)","('bfloat16', 'int32', 'int64', 'float32')","((1574, 1), (1574,), (1574, 2), (1574,))","((-1, -1), (-1, -1), (-1,), None)","('bfloat16', 'int32', 'float32', 'float32')","((-1, -1), (-1,), (-1, -1), (-1,))","((-1, 1), (1, 1574), (-0.01, 0.01), (-1, 1))","((0.004, 0.004),)",33.36,36.26086957
MoeInitRoutingV3_bfloat16_ND_fuzz_000335,moe_init_routing_v3,"('bfloat16', 'int32', 'float32', 'float32')","{'active_num': 4886, 'expert_capacity': 0, 'expert_num': 4886, 'drop_pad_mode': 0, 'expert_tokens_num_type': 2, 'expert_tokens_num_flag': True, 'quant_mode': 1, 'active_expert_range': [3159, 3289], 'row_idx_type': 0}","((1, 1), (1, 4886), (130, 1), None)","('int8', 'int32', 'int64', 'float32')","((4886, 1), (4886,), (4886, 2), (4886,))","((-1, -1), (-1, -1), (-1, -1), None)","('bfloat16', 'int32', 'float32', 'float32')","((-1, -1), (-1,), (-1, -1), (-1,))","((-1, 1), (1, 4886), (-1, -0.01), (-1, 1))","((0.004, 0.004),)",38.52,41.86956522
MoeInitRoutingV3_bfloat16_ND_fuzz_000342,moe_init_routing_v3,"('bfloat16', 'int32', 'float32', 'float32')","{'active_num': 4367, 'expert_capacity': 0, 'expert_num': 4367, 'drop_pad_mode': 0, 'expert_tokens_num_type': 2, 'expert_tokens_num_flag': True, 'quant_mode': 1, 'active_expert_range': [630, 726], 'row_idx_type': 0}","((1, 384), (1, 4367), None, None)","('int8', 'int32', 'int64', 'float32')","((4367, 384), (4367,), (4367, 2), (4367,))","((-1, -1), (-1, -1), None, None)","('bfloat16', 'int32', 'float32', 'float32')","((-1, -1), (-1,), (-1, -1), (-1,))","((0.01, 1), (1, 4367), (2, 10), (-1, 1))","((0.004, 0.004),)",37.76,41.04347826
MoeInitRoutingV3_bfloat16_ND_fuzz_000351,moe_init_routing_v3,"('bfloat16', 'int32', 'float32', 'float32')","{'active_num': 52819, 'expert_capacity': 0, 'expert_num': 3107, 'drop_pad_mode': 0, 'expert_tokens_num_type': 2, 'expert_tokens_num_flag': True, 'quant_mode': 1, 'active_expert_range': [2192, 2378], 'row_idx_type': 1}","((17, 528), (17, 3107), (186, 528), None)","('int8', 'int32', 'int64', 'float32')","((52819, 528), (52819,), (3107, 2), (52819,))","((-1, -1), (-1, -1), (-1, -1), None)","('bfloat16', 'int32', 'float32', 'float32')","((-1, -1), (-1,), (-1, -1), (-1,))","((2, 10), (1, 3107), (-1, 1), (-0.01, -0.001))","((0.004, 0.004),)",160.94,174.9347826
MoeInitRoutingV3_bfloat16_ND_fuzz_000387,moe_init_routing_v3,"('bfloat16', 'int32', 'float32', 'float32')","{'active_num': 18025, 'expert_capacity': 0, 'expert_num': 175, 'drop_pad_mode': 0, 'expert_tokens_num_type': 2, 'expert_tokens_num_flag': True, 'quant_mode': -1, 'active_expert_range': [129, 152], 'row_idx_type': 0}","((103, 22), (103, 175), None, None)","('bfloat16', 'int32', 'int64', 'float32')","((18025, 22), (18025,), (175, 2), (18025,))","((-1, -1), (-1, -1), None, None)","('bfloat16', 'int32', 'float32', 'float32')","((-1, -1), (-1,), (-1, -1), (-1,))","((-1, -0.01), (1, 175), (1, 2), (-3.4028235e+38, 3.4028235e+38))","((0.004, 0.004),)",77.5,84.23913043
MoeInitRoutingV3_bfloat16_ND_fuzz_000456,moe_init_routing_v3,"('bfloat16', 'int32', 'float32', 'float32')","{'active_num': 6188, 'expert_capacity': 0, 'expert_num': 238, 'drop_pad_mode': 0, 'expert_tokens_num_type': 2, 'expert_tokens_num_flag': True, 'quant_mode': 1, 'active_expert_range': [36, 54], 'row_idx_type': 1}","((26, 930), (26, 238), (18, 930), None)","('int8', 'int32', 'int64', 'float32')","((6188, 930), (6188,), (238, 2), (6188,))","((-1, -1), (-1, -1), (-1, -1), None)","('bfloat16', 'int32', 'float32', 'float32')","((-1, -1), (-1,), (-1, -1), (-1,))","((-3.0517578125e-05, 3.0517578125e-05), (1, 238), (0.01, 1), (-1, 1))","((0.004, 0.004),)",47.58,51.7173913
MoeInitRoutingV3_bfloat16_ND_fuzz_000463,moe_init_routing_v3,"('bfloat16', 'int32', 'float32', 'float32')","{'active_num': 4533, 'expert_capacity': 0, 'expert_num': 4533, 'drop_pad_mode': 0, 'expert_tokens_num_type': 2, 'expert_tokens_num_flag': True, 'quant_mode': 1, 'active_expert_range': [1017, 1212], 'row_idx_type': 1}","((1, 1), (1, 4533), None, None)","('int8', 'int32', 'int64', 'float32')","((4533, 1), (4533,), (4533, 2), (4533,))","((-1, -1), (-1, -1), None, None)","('bfloat16', 'int32', 'float32', 'float32')","((-1, -1), (-1,), (-1, -1), (-1,))","((-1, 1), (1, 4533), (-3.0517578125e-05, 3.0517578125e-05), (-1, -0.01))","((0.004, 0.004),)",40.5,44.02173913
MoeInitRoutingV3_bfloat16_ND_fuzz_000466,moe_init_routing_v3,"('bfloat16', 'int32', 'float32', 'float32')","{'active_num': 103428, 'expert_capacity': 0, 'expert_num': 3042, 'drop_pad_mode': 0, 'expert_tokens_num_type': 2, 'expert_tokens_num_flag': True, 'quant_mode': -1, 'active_expert_range': [1013, 1016], 'row_idx_type': 1}","((34, 1), (34, 3042), (34,), None)","('bfloat16', 'int32', 'int64', 'float32')","((103428, 1), (103428,), (3042, 2), (103428,))","((-1, -1), (-1, -1), (-1,), None)","('bfloat16', 'int32', 'float32', 'float32')","((-1, -1), (-1,), (-1, -1), (-1,))","((-1000, -10), (1, 3042), (-3.4028235e+38, 3.4028235e+38), (-1, 1))","((0.004, 0.004),)",162.46,176.5869565
MoeInitRoutingV3_bfloat16_ND_fuzz_000523,moe_init_routing_v3,"('bfloat16', 'int32', 'float32', 'float32')","{'active_num': 3911, 'expert_capacity': 0, 'expert_num': 3911, 'drop_pad_mode': 0, 'expert_tokens_num_type': 2, 'expert_tokens_num_flag': True, 'quant_mode': 1, 'active_expert_range': [2112, 2121], 'row_idx_type': 0}","((1, 4), (1, 3911), None, None)","('int8', 'int32', 'int64', 'float32')","((3911, 4), (3911,), (3911, 2), (3911,))","((-1, -1), (-1, -1), None, None)","('bfloat16', 'int32', 'float32', 'float32')","((-1, -1), (-1,), (-1, -1), (-1,))","((-2, -1), (1, 3911), (-1, 1), (-1, 1))","((0.004, 0.004),)",33.38,36.2826087
MoeInitRoutingV3_bfloat16_ND_fuzz_000547,moe_init_routing_v3,"('bfloat16', 'int32', 'float32', 'float32')","{'active_num': 4947, 'expert_capacity': 0, 'expert_num': 4947, 'drop_pad_mode': 0, 'expert_tokens_num_type': 2, 'expert_tokens_num_flag': True, 'quant_mode': -1, 'active_expert_range': [2440, 2529], 'row_idx_type': 1}","((1, 2256), (1, 4947), (1,), None)","('bfloat16', 'int32', 'int64', 'float32')","((4947, 2256), (4947,), (4947, 2), (4947,))","((-1, -1), (-1, -1), (-1,), None)","('bfloat16', 'int32', 'float32', 'float32')","((-1, -1), (-1,), (-1, -1), (-1,))","((0, 0.001), (1, 4947), (-1, 1), (0, 0.001))","((0.004, 0.004),)",35.3,38.36956522
MoeInitRoutingV3_bfloat16_ND_fuzz_000580,moe_init_routing_v3,"('bfloat16', 'int32', 'float32', 'float32')","{'active_num': 4079, 'expert_capacity': 0, 'expert_num': 4079, 'drop_pad_mode': 0, 'expert_tokens_num_type': 2, 'expert_tokens_num_flag': True, 'quant_mode': 1, 'active_expert_range': [603, 790], 'row_idx_type': 0}","((1, 1), (1, 4079), None, None)","('int8', 'int32', 'int64', 'float32')","((4079, 1), (4079,), (4079, 2), (4079,))","((-1, -1), (-1, -1), None, None)","('bfloat16', 'int32', 'float32', 'float32')","((-1, -1), (-1,), (-1, -1), (-1,))","((-1, 1), (1, 4079), (-1, 1), (-0.01, -0.001))","((0.004, 0.004),)",47.48,51.60869565
MoeInitRoutingV3_bfloat16_ND_fuzz_000581,moe_init_routing_v3,"('bfloat16', 'int32', 'float32', 'float32')","{'active_num': 1596, 'expert_capacity': 0, 'expert_num': 1596, 'drop_pad_mode': 0, 'expert_tokens_num_type': 2, 'expert_tokens_num_flag': True, 'quant_mode': -1, 'active_expert_range': [471, 555], 'row_idx_type': 0}","((1, 109), (1, 1596), (1,), None)","('bfloat16', 'int32', 'int64', 'float32')","((1596, 109), (1596,), (1596, 2), (1596,))","((-1, -1), (-1, -1), (-1,), None)","('bfloat16', 'int32', 'float32', 'float32')","((-1, -1), (-1,), (-1, -1), (-1,))","((-0.01, 0.01), (1, 1596), (-100, 100), (-1, -0.01))","((0.004, 0.004),)",30.82,33.5
MoeInitRoutingV3_bfloat16_ND_fuzz_000611,moe_init_routing_v3,"('bfloat16', 'int32', 'float32', 'float32')","{'active_num': 2009, 'expert_capacity': 0, 'expert_num': 2009, 'drop_pad_mode': 0, 'expert_tokens_num_type': 2, 'expert_tokens_num_flag': True, 'quant_mode': 1, 'active_expert_range': [1164, 1262], 'row_idx_type': 1}","((1, 83), (1, 2009), None, None)","('int8', 'int32', 'int64', 'float32')","((2009, 83), (2009,), (2009, 2), (2009,))","((-1, -1), (-1, -1), None, None)","('bfloat16', 'int32', 'float32', 'float32')","((-1, -1), (-1,), (-1, -1), (-1,))","((-2, -1), (1, 2009), (1, 2), (-0.01, 0.01))","((0.004, 0.004),)",32.64,35.47826087
MoeInitRoutingV3_bfloat16_ND_fuzz_000638,moe_init_routing_v3,"('bfloat16', 'int32', 'float32', 'float32')","{'active_num': 4943, 'expert_capacity': 0, 'expert_num': 4943, 'drop_pad_mode': 0, 'expert_tokens_num_type': 2, 'expert_tokens_num_flag': True, 'quant_mode': 1, 'active_expert_range': [1364, 1554], 'row_idx_type': 0}","((1, 71), (1, 4943), None, None)","('int8', 'int32', 'int64', 'float32')","((4943, 71), (4943,), (4943, 2), (4943,))","((-1, -1), (-1, -1), None, None)","('bfloat16', 'int32', 'float32', 'float32')","((-1, -1), (-1,), (-1, -1), (-1,))","((-1000, -10), (1, 4943), (-1, 1), (-1, 1))","((0.004, 0.004),)",46.14,50.15217391
MoeInitRoutingV3_bfloat16_ND_fuzz_000732,moe_init_routing_v3,"('bfloat16', 'int32', 'float32', 'float32')","{'active_num': 33024, 'expert_capacity': 0, 'expert_num': 129, 'drop_pad_mode': 0, 'expert_tokens_num_type': 2, 'expert_tokens_num_flag': True, 'quant_mode': 1, 'active_expert_range': [122, 125], 'row_idx_type': 0}","((256, 192), (256, 129), (3, 192), None)","('int8', 'int32', 'int64', 'float32')","((33024, 192), (33024,), (129, 2), (33024,))","((-1, -1), (-1, -1), (-1, -1), None)","('bfloat16', 'int32', 'float32', 'float32')","((-1, -1), (-1,), (-1, -1), (-1,))","((-10, -2), (1, 129), (-100, 100), (-1, 1))","((0.004, 0.004),)",110.6,120.2173913
MoeInitRoutingV3_bfloat16_ND_fuzz_000750,moe_init_routing_v3,"('bfloat16', 'int32', 'float32', 'float32')","{'active_num': 3977, 'expert_capacity': 0, 'expert_num': 3977, 'drop_pad_mode': 0, 'expert_tokens_num_type': 2, 'expert_tokens_num_flag': True, 'quant_mode': -1, 'active_expert_range': [859, 970], 'row_idx_type': 0}","((1, 1752), (1, 3977), (1,), None)","('bfloat16', 'int32', 'int64', 'float32')","((3977, 1752), (3977,), (3977, 2), (3977,))","((-1, -1), (-1, -1), (-1,), None)","('bfloat16', 'int32', 'float32', 'float32')","((-1, -1), (-1,), (-1, -1), (-1,))","((-1, 1), (1, 3977), (1.1754943508e-38, 1.1754943508e-38), (0, 0.001))","((0.004, 0.004),)",40.3,43.80434783
MoeInitRoutingV3_bfloat16_ND_fuzz_000754,moe_init_routing_v3,"('bfloat16', 'int32', 'float32', 'float32')","{'active_num': 70787, 'expert_capacity': 0, 'expert_num': 997, 'drop_pad_mode': 0, 'expert_tokens_num_type': 2, 'expert_tokens_num_flag': True, 'quant_mode': 1, 'active_expert_range': [227, 305], 'row_idx_type': 1}","((71, 467), (71, 997), (78, 467), None)","('int8', 'int32', 'int64', 'float32')","((70787, 467), (70787,), (997, 2), (70787,))","((-1, -1), (-1, -1), (-1, -1), None)","('bfloat16', 'int32', 'float32', 'float32')","((-1, -1), (-1,), (-1, -1), (-1,))","((-1, 1), (1, 997), (10, 1000), (-1, 1))","((0.004, 0.004),)",196.24,213.3043478
MoeInitRoutingV3_bfloat16_ND_fuzz_000774,moe_init_routing_v3,"('bfloat16', 'int32', 'float32', 'float32')","{'active_num': 1088, 'expert_capacity': 0, 'expert_num': 1088, 'drop_pad_mode': 0, 'expert_tokens_num_type': 2, 'expert_tokens_num_flag': True, 'quant_mode': -1, 'active_expert_range': [588, 764], 'row_idx_type': 0}","((1, 1), (1, 1088), None, None)","('bfloat16', 'int32', 'int64', 'float32')","((1088, 1), (1088,), (1088, 2), (1088,))","((-1, -1), (-1, -1), None, None)","('bfloat16', 'int32', 'float32', 'float32')","((-1, -1), (-1,), (-1, -1), (-1,))","((-0.001, 0), (1, 1088), (-1, 1), (0.001, 0.01))","((0.004, 0.004),)",33.54,36.45652174
MoeInitRoutingV3_bfloat16_ND_fuzz_000776,moe_init_routing_v3,"('bfloat16', 'int32', 'float32', 'float32')","{'active_num': 4128, 'expert_capacity': 0, 'expert_num': 4128, 'drop_pad_mode': 0, 'expert_tokens_num_type': 2, 'expert_tokens_num_flag': True, 'quant_mode': -1, 'active_expert_range': [794, 934], 'row_idx_type': 1}","((1, 1), (1, 4128), None, None)","('bfloat16', 'int32', 'int64', 'float32')","((4128, 1), (4128,), (4128, 2), (4128,))","((-1, -1), (-1, -1), None, None)","('bfloat16', 'int32', 'float32', 'float32')","((-1, -1), (-1,), (-1, -1), (-1,))","((-1, 1), (1, 4128), (-1000, -10), (1, 2))","((0.004, 0.004),)",35.8,38.91304348
MoeInitRoutingV3_bfloat16_ND_fuzz_000867,moe_init_routing_v3,"('bfloat16', 'int32', 'float32', 'float32')","{'active_num': 45344, 'expert_capacity': 0, 'expert_num': 218, 'drop_pad_mode': 0, 'expert_tokens_num_type': 2, 'expert_tokens_num_flag': True, 'quant_mode': -1, 'active_expert_range': [55, 59], 'row_idx_type': 0}","((208, 139), (208, 218), None, None)","('bfloat16', 'int32', 'int64', 'float32')","((45344, 139), (45344,), (218, 2), (45344,))","((-1, -1), (-1, -1), None, None)","('bfloat16', 'int32', 'float32', 'float32')","((-1, -1), (-1,), (-1, -1), (-1,))","((-1, 1), (1, 218), (-1, 1), (2, 10))","((0.004, 0.004),)",98.18,106.7173913
MoeInitRoutingV3_bfloat16_ND_fuzz_000922,moe_init_routing_v3,"('bfloat16', 'int32', 'float32', 'float32')","{'active_num': 4204, 'expert_capacity': 0, 'expert_num': 4204, 'drop_pad_mode': 0, 'expert_tokens_num_type': 2, 'expert_tokens_num_flag': True, 'quant_mode': 1, 'active_expert_range': [1862, 2026], 'row_idx_type': 1}","((1, 1), (1, 4204), (164, 1), None)","('int8', 'int32', 'int64', 'float32')","((4204, 1), (4204,), (4204, 2), (4204,))","((-1, -1), (-1, -1), (-1, -1), None)","('bfloat16', 'int32', 'float32', 'float32')","((-1, -1), (-1,), (-1, -1), (-1,))","((0.001, 0.01), (1, 4204), (0.01, 1), (-1, 1))","((0.004, 0.004),)",35.7,38.80434783
MoeInitRoutingV3_bfloat16_ND_fuzz_000931,moe_init_routing_v3,"('bfloat16', 'int32', 'float32', 'float32')","{'active_num': 3106, 'expert_capacity': 0, 'expert_num': 3106, 'drop_pad_mode': 0, 'expert_tokens_num_type': 2, 'expert_tokens_num_flag': True, 'quant_mode': -1, 'active_expert_range': [2218, 2331], 'row_idx_type': 0}","((1, 1237), (1, 3106), None, None)","('bfloat16', 'int32', 'int64', 'float32')","((3106, 1237), (3106,), (3106, 2), (3106,))","((-1, -1), (-1, -1), None, None)","('bfloat16', 'int32', 'float32', 'float32')","((-1, -1), (-1,), (-1, -1), (-1,))","((-1, 1), (1, 3106), (2, 10), (-10, -2))","((0.004, 0.004),)",38.84,42.2173913
MoeInitRoutingV3_bfloat16_ND_fuzz_001058,moe_init_routing_v3,"('bfloat16', 'int32', 'float32', 'float32')","{'active_num': 18312, 'expert_capacity': 0, 'expert_num': 168, 'drop_pad_mode': 0, 'expert_tokens_num_type': 2, 'expert_tokens_num_flag': True, 'quant_mode': 1, 'active_expert_range': [166, 168], 'row_idx_type': 1}","((109, 109), (109, 168), None, None)","('int8', 'int32', 'int64', 'float32')","((18312, 109), (18312,), (168, 2), (18312,))","((-1, -1), (-1, -1), None, None)","('bfloat16', 'int32', 'float32', 'float32')","((-1, -1), (-1,), (-1, -1), (-1,))","((-0.01, 0.01), (1, 168), (-0.01, -0.001), (-0.01, 0.01))","((0.004, 0.004),)",62.82,68.2826087
MoeInitRoutingV3_bfloat16_ND_fuzz_001113,moe_init_routing_v3,"('bfloat16', 'int32', 'float32', 'float32')","{'active_num': 2066, 'expert_capacity': 0, 'expert_num': 2066, 'drop_pad_mode': 0, 'expert_tokens_num_type': 2, 'expert_tokens_num_flag': True, 'quant_mode': 1, 'active_expert_range': [210, 366], 'row_idx_type': 0}","((1, 1), (1, 2066), (156, 1), None)","('int8', 'int32', 'int64', 'float32')","((2066, 1), (2066,), (2066, 2), (2066,))","((-1, -1), (-1, -1), (-1, -1), None)","('bfloat16', 'int32', 'float32', 'float32')","((-1, -1), (-1,), (-1, -1), (-1,))","((-2, -1), (1, 2066), (-1, 1), (-1, 1))","((0.004, 0.004),)",37.34,40.58695652
MoeInitRoutingV3_bfloat16_ND_fuzz_001126,moe_init_routing_v3,"('bfloat16', 'int32', 'float32', 'float32')","{'active_num': 2613, 'expert_capacity': 0, 'expert_num': 2613, 'drop_pad_mode': 0, 'expert_tokens_num_type': 2, 'expert_tokens_num_flag': True, 'quant_mode': 1, 'active_expert_range': [265, 411], 'row_idx_type': 0}","((1, 1), (1, 2613), (146, 1), None)","('int8', 'int32', 'int64', 'float32')","((2613, 1), (2613,), (2613, 2), (2613,))","((-1, -1), (-1, -1), (-1, -1), None)","('bfloat16', 'int32', 'float32', 'float32')","((-1, -1), (-1,), (-1, -1), (-1,))","((-0.01, -0.001), (1, 2613), (10, 1000), (-0.01, 0.01))","((0.004, 0.004),)",32.9,35.76086957
MoeInitRoutingV3_bfloat16_ND_fuzz_001130,moe_init_routing_v3,"('bfloat16', 'int32', 'float32', 'float32')","{'active_num': 3660, 'expert_capacity': 0, 'expert_num': 3660, 'drop_pad_mode': 0, 'expert_tokens_num_type': 2, 'expert_tokens_num_flag': True, 'quant_mode': -1, 'active_expert_range': [2517, 2560], 'row_idx_type': 0}","((1, 1), (1, 3660), None, None)","('bfloat16', 'int32', 'int64', 'float32')","((3660, 1), (3660,), (3660, 2), (3660,))","((-1, -1), (-1, -1), None, None)","('bfloat16', 'int32', 'float32', 'float32')","((-1, -1), (-1,), (-1, -1), (-1,))","((-0.01, 0.01), (1, 3660), (-1, 1), (-1, 1))","((0.004, 0.004),)",31.66,34.41304348
MoeInitRoutingV3_bfloat16_ND_fuzz_001194,moe_init_routing_v3,"('bfloat16', 'int32', 'float32', 'float32')","{'active_num': 2969, 'expert_capacity': 0, 'expert_num': 2969, 'drop_pad_mode': 0, 'expert_tokens_num_type': 2, 'expert_tokens_num_flag': True, 'quant_mode': -1, 'active_expert_range': [1369, 1431], 'row_idx_type': 1}","((1, 208), (1, 2969), None, None)","('bfloat16', 'int32', 'int64', 'float32')","((2969, 208), (2969,), (2969, 2), (2969,))","((-1, -1), (-1, -1), None, None)","('bfloat16', 'int32', 'float32', 'float32')","((-1, -1), (-1,), (-1, -1), (-1,))","((-1, 1), (1, 2969), (-0.01, -0.001), (-1, 1))","((0.004, 0.004),)",31.88,34.65217391
MoeInitRoutingV3_bfloat16_ND_fuzz_001219,moe_init_routing_v3,"('bfloat16', 'int32', 'float32', 'float32')","{'active_num': 2307, 'expert_capacity': 0, 'expert_num': 2307, 'drop_pad_mode': 0, 'expert_tokens_num_type': 2, 'expert_tokens_num_flag': True, 'quant_mode': -1, 'active_expert_range': [1855, 1939], 'row_idx_type': 1}","((1, 32), (1, 2307), (1,), None)","('bfloat16', 'int32', 'int64', 'float32')","((2307, 32), (2307,), (2307, 2), (2307,))","((-1, -1), (-1, -1), (-1,), None)","('bfloat16', 'int32', 'float32', 'float32')","((-1, -1), (-1,), (-1, -1), (-1,))","((-1, -0.01), (1, 2307), (-100, 100), (-1, 1))","((0.004, 0.004),)",31.16,33.86956522
MoeInitRoutingV3_bfloat16_ND_fuzz_001291,moe_init_routing_v3,"('bfloat16', 'int32', 'float32', 'float32')","{'active_num': 2416, 'expert_capacity': 0, 'expert_num': 2416, 'drop_pad_mode': 0, 'expert_tokens_num_type': 2, 'expert_tokens_num_flag': True, 'quant_mode': -1, 'active_expert_range': [2020, 2131], 'row_idx_type': 0}","((1, 1), (1, 2416), None, None)","('bfloat16', 'int32', 'int64', 'float32')","((2416, 1), (2416,), (2416, 2), (2416,))","((-1, -1), (-1, -1), None, None)","('bfloat16', 'int32', 'float32', 'float32')","((-1, -1), (-1,), (-1, -1), (-1,))","((-2, -1), (1, 2416), (10, 1000), (-1, 1))","((0.004, 0.004),)",31.6,34.34782609
MoeInitRoutingV3_bfloat16_ND_fuzz_001321,moe_init_routing_v3,"('bfloat16', 'int32', 'float32', 'float32')","{'active_num': 4583, 'expert_capacity': 0, 'expert_num': 4583, 'drop_pad_mode': 0, 'expert_tokens_num_type': 2, 'expert_tokens_num_flag': True, 'quant_mode': 1, 'active_expert_range': [1111, 1267], 'row_idx_type': 0}","((1, 1871), (1, 4583), None, None)","('int8', 'int32', 'int64', 'float32')","((4583, 1871), (4583,), (4583, 2), (4583,))","((-1, -1), (-1, -1), None, None)","('bfloat16', 'int32', 'float32', 'float32')","((-1, -1), (-1,), (-1, -1), (-1,))","((-1, 1), (1, 4583), (-1, 1), (-1, 1))","((0.004, 0.004),)",48.38,52.58695652
MoeInitRoutingV3_bfloat16_ND_fuzz_001326,moe_init_routing_v3,"('bfloat16', 'int32', 'float32', 'float32')","{'active_num': 2849, 'expert_capacity': 0, 'expert_num': 2849, 'drop_pad_mode': 0, 'expert_tokens_num_type': 2, 'expert_tokens_num_flag': True, 'quant_mode': -1, 'active_expert_range': [2354, 2462], 'row_idx_type': 0}","((1, 13), (1, 2849), (1,), None)","('bfloat16', 'int32', 'int64', 'float32')","((2849, 13), (2849,), (2849, 2), (2849,))","((-1, -1), (-1, -1), (-1,), None)","('bfloat16', 'int32', 'float32', 'float32')","((-1, -1), (-1,), (-1, -1), (-1,))","((10, 1000), (1, 2849), (-1, 1), (-2, -1))","((0.004, 0.004),)",33.46,36.36956522
MoeInitRoutingV3_bfloat16_ND_fuzz_001346,moe_init_routing_v3,"('bfloat16', 'int32', 'float32', 'float32')","{'active_num': 13534, 'expert_capacity': 0, 'expert_num': 202, 'drop_pad_mode': 0, 'expert_tokens_num_type': 2, 'expert_tokens_num_flag': True, 'quant_mode': 1, 'active_expert_range': [191, 195], 'row_idx_type': 0}","((67, 19), (67, 202), None, None)","('int8', 'int32', 'int64', 'float32')","((13534, 19), (13534,), (202, 2), (13534,))","((-1, -1), (-1, -1), None, None)","('bfloat16', 'int32', 'float32', 'float32')","((-1, -1), (-1,), (-1, -1), (-1,))","((10, 1000), (1, 202), (0, 0.001), (-1, 1))","((0.004, 0.004),)",76.1,82.7173913
MoeInitRoutingV3_bfloat16_ND_fuzz_001362,moe_init_routing_v3,"('bfloat16', 'int32', 'float32', 'float32')","{'active_num': 3701, 'expert_capacity': 0, 'expert_num': 3701, 'drop_pad_mode': 0, 'expert_tokens_num_type': 2, 'expert_tokens_num_flag': True, 'quant_mode': -1, 'active_expert_range': [2574, 2760], 'row_idx_type': 1}","((1, 1), (1, 3701), None, None)","('bfloat16', 'int32', 'int64', 'float32')","((3701, 1), (3701,), (3701, 2), (3701,))","((-1, -1), (-1, -1), None, None)","('bfloat16', 'int32', 'float32', 'float32')","((-1, -1), (-1,), (-1, -1), (-1,))","((-1, 1), (1, 3701), (-1, 1), (-1, 1))","((0.004, 0.004),)",36.42,39.58695652
MoeInitRoutingV3_bfloat16_ND_fuzz_001383,moe_init_routing_v3,"('bfloat16', 'int32', 'float32', 'float32')","{'active_num': 1384, 'expert_capacity': 0, 'expert_num': 1384, 'drop_pad_mode': 0, 'expert_tokens_num_type': 2, 'expert_tokens_num_flag': True, 'quant_mode': 1, 'active_expert_range': [660, 902], 'row_idx_type': 1}","((1, 1223), (1, 1384), (242, 1223), None)","('int8', 'int32', 'int64', 'float32')","((1384, 1223), (1384,), (1384, 2), (1384,))","((-1, -1), (-1, -1), (-1, -1), None)","('bfloat16', 'int32', 'float32', 'float32')","((-1, -1), (-1,), (-1, -1), (-1,))","((-1, 1), (1, 1384), (-1, 1), (-100, 100))","((0.004, 0.004),)",44.98,48.89130435
MoeInitRoutingV3_bfloat16_ND_fuzz_001425,moe_init_routing_v3,"('bfloat16', 'int32', 'float32', 'float32')","{'active_num': 4498, 'expert_capacity': 0, 'expert_num': 4498, 'drop_pad_mode': 0, 'expert_tokens_num_type': 2, 'expert_tokens_num_flag': True, 'quant_mode': 1, 'active_expert_range': [763, 1017], 'row_idx_type': 1}","((1, 1), (1, 4498), None, None)","('int8', 'int32', 'int64', 'float32')","((4498, 1), (4498,), (4498, 2), (4498,))","((-1, -1), (-1, -1), None, None)","('bfloat16', 'int32', 'float32', 'float32')","((-1, -1), (-1,), (-1, -1), (-1,))","((-0.01, 0.01), (1, 4498), (-3.4028235e+38, 3.4028235e+38), (-1, -0.01))","((0.004, 0.004),)",44.48,48.34782609
MoeInitRoutingV3_bfloat16_ND_fuzz_001466,moe_init_routing_v3,"('bfloat16', 'int32', 'float32', 'float32')","{'active_num': 3641, 'expert_capacity': 0, 'expert_num': 3641, 'drop_pad_mode': 0, 'expert_tokens_num_type': 2, 'expert_tokens_num_flag': True, 'quant_mode': 1, 'active_expert_range': [2451, 2679], 'row_idx_type': 1}","((1, 181), (1, 3641), None, None)","('int8', 'int32', 'int64', 'float32')","((3641, 181), (3641,), (3641, 2), (3641,))","((-1, -1), (-1, -1), None, None)","('bfloat16', 'int32', 'float32', 'float32')","((-1, -1), (-1,), (-1, -1), (-1,))","((-1, 1), (1, 3641), (-1, 1), (0.01, 1))","((0.004, 0.004),)",47.94,52.10869565
MoeInitRoutingV3_float16_ND_fuzz_000014,moe_init_routing_v3,"('float16', 'int32', 'float32', 'float32')","{'active_num': 1333, 'expert_capacity': 0, 'expert_num': 1333, 'drop_pad_mode': 0, 'expert_tokens_num_type': 2, 'expert_tokens_num_flag': True, 'quant_mode': -1, 'active_expert_range': [597, 787], 'row_idx_type': 0}","((1, 192), (1, 1333), None, None)","('float16', 'int32', 'int64', 'float32')","((1333, 192), (1333,), (1333, 2), (1333,))","((-1, -1), (-1, -1), None, None)","('float16', 'int32', 'float32', 'float32')","((-1, -1), (-1,), (-1, -1), (-1,))","((-1, 1), (1, 1333), (-1, 1), (-1, 1))","((0.004, 0.004),)",39.44,42.86956522
MoeInitRoutingV3_float16_ND_fuzz_000042,moe_init_routing_v3,"('float16', 'int32', 'float32', 'float32')","{'active_num': 2930, 'expert_capacity': 0, 'expert_num': 2930, 'drop_pad_mode': 0, 'expert_tokens_num_type': 2, 'expert_tokens_num_flag': True, 'quant_mode': -1, 'active_expert_range': [2596, 2791], 'row_idx_type': 1}","((1, 1), (1, 2930), (1,), None)","('float16', 'int32', 'int64', 'float32')","((2930, 1), (2930,), (2930, 2), (2930,))","((-1, -1), (-1, -1), (-1,), None)","('float16', 'int32', 'float32', 'float32')","((-1, -1), (-1,), (-1, -1), (-1,))","((1, 2), (1, 2930), (-1, 1), (0.001, 0.01))","((0.004, 0.004),)",34.76,37.7826087
MoeInitRoutingV3_float16_ND_fuzz_000052,moe_init_routing_v3,"('float16', 'int32', 'float32', 'float32')","{'active_num': 1367, 'expert_capacity': 0, 'expert_num': 1367, 'drop_pad_mode': 0, 'expert_tokens_num_type': 2, 'expert_tokens_num_flag': True, 'quant_mode': 1, 'active_expert_range': [98, 331], 'row_idx_type': 0}","((1, 10), (1, 1367), (233, 10), None)","('int8', 'int32', 'int64', 'float32')","((1367, 10), (1367,), (1367, 2), (1367,))","((-1, -1), (-1, -1), (-1, -1), None)","('float16', 'int32', 'float32', 'float32')","((-1, -1), (-1,), (-1, -1), (-1,))","((-1, 1), (1, 1367), (-1000, -10), (-1, 1))","((0.004, 0.004),)",38.32,41.65217391
MoeInitRoutingV3_float16_ND_fuzz_000086,moe_init_routing_v3,"('float16', 'int32', 'float32', 'float32')","{'active_num': 2727, 'expert_capacity': 0, 'expert_num': 2727, 'drop_pad_mode': 0, 'expert_tokens_num_type': 2, 'expert_tokens_num_flag': True, 'quant_mode': 1, 'active_expert_range': [1728, 1953], 'row_idx_type': 0}","((1, 4001), (1, 2727), None, None)","('int8', 'int32', 'int64', 'float32')","((2727, 4001), (2727,), (2727, 2), (2727,))","((-1, -1), (-1, -1), None, None)","('float16', 'int32', 'float32', 'float32')","((-1, -1), (-1,), (-1, -1), (-1,))","((-1, 1), (1, 2727), (-1, 1), (0, 0))","((0.004, 0.004),)",45.1,49.02173913
MoeInitRoutingV3_float16_ND_fuzz_000090,moe_init_routing_v3,"('float16', 'int32', 'float32', 'float32')","{'active_num': 3957, 'expert_capacity': 0, 'expert_num': 3957, 'drop_pad_mode': 0, 'expert_tokens_num_type': 2, 'expert_tokens_num_flag': True, 'quant_mode': 1, 'active_expert_range': [1108, 1283], 'row_idx_type': 0}","((1, 1123), (1, 3957), None, None)","('int8', 'int32', 'int64', 'float32')","((3957, 1123), (3957,), (3957, 2), (3957,))","((-1, -1), (-1, -1), None, None)","('float16', 'int32', 'float32', 'float32')","((-1, -1), (-1,), (-1, -1), (-1,))","((0, 0.001), (1, 3957), (10, 1000), (-3.4028235e+38, 3.4028235e+38))","((0.004, 0.004),)",46.82,50.89130435
MoeInitRoutingV3_float16_ND_fuzz_000232,moe_init_routing_v3,"('float16', 'int32', 'float32', 'float32')","{'active_num': 884, 'expert_capacity': 0, 'expert_num': 884, 'drop_pad_mode': 0, 'expert_tokens_num_type': 2, 'expert_tokens_num_flag': True, 'quant_mode': 1, 'active_expert_range': [136, 210], 'row_idx_type': 0}","((1, 1), (1, 884), (74, 1), None)","('int8', 'int32', 'int64', 'float32')","((884, 1), (884,), (884, 2), (884,))","((-1, -1), (-1, -1), (-1, -1), None)","('float16', 'int32', 'float32', 'float32')","((-1, -1), (-1,), (-1, -1), (-1,))","((-1, 1), (1, 884), (-0.01, 0.01), (-1, -0.01))","((0.004, 0.004),)",31.72,34.47826087
MoeInitRoutingV3_float16_ND_fuzz_000235,moe_init_routing_v3,"('float16', 'int32', 'float32', 'float32')","{'active_num': 45280, 'expert_capacity': 0, 'expert_num': 1132, 'drop_pad_mode': 0, 'expert_tokens_num_type': 2, 'expert_tokens_num_flag': True, 'quant_mode': -1, 'active_expert_range': [272, 296], 'row_idx_type': 1}","((40, 140), (40, 1132), (40,), None)","('float16', 'int32', 'int64', 'float32')","((45280, 140), (45280,), (1132, 2), (45280,))","((-1, -1), (-1, -1), (-1,), None)","('float16', 'int32', 'float32', 'float32')","((-1, -1), (-1,), (-1, -1), (-1,))","((-1, 1), (1, 1132), (-1, 1), (0.01, 1))","((0.004, 0.004),)",111.56,121.2608696
MoeInitRoutingV3_float16_ND_fuzz_000251,moe_init_routing_v3,"('float16', 'int32', 'float32', 'float32')","{'active_num': 1890, 'expert_capacity': 0, 'expert_num': 1890, 'drop_pad_mode': 0, 'expert_tokens_num_type': 2, 'expert_tokens_num_flag': True, 'quant_mode': 1, 'active_expert_range': [1213, 1414], 'row_idx_type': 0}","((1, 1), (1, 1890), (201, 1), None)","('int8', 'int32', 'int64', 'float32')","((1890, 1), (1890,), (1890, 2), (1890,))","((-1, -1), (-1, -1), (-1, -1), None)","('float16', 'int32', 'float32', 'float32')","((-1, -1), (-1,), (-1, -1), (-1,))","((-1, 1), (1, 1890), (0, 0.001), (-1, 1))","((0.004, 0.004),)",36.24,39.39130435
MoeInitRoutingV3_float16_ND_fuzz_000276,moe_init_routing_v3,"('float16', 'int32', 'float32', 'float32')","{'active_num': 2234, 'expert_capacity': 0, 'expert_num': 2234, 'drop_pad_mode': 0, 'expert_tokens_num_type': 2, 'expert_tokens_num_flag': True, 'quant_mode': -1, 'active_expert_range': [941, 1044], 'row_idx_type': 1}","((1, 168), (1, 2234), (1,), None)","('float16', 'int32', 'int64', 'float32')","((2234, 168), (2234,), (2234, 2), (2234,))","((-1, -1), (-1, -1), (-1,), None)","('float16', 'int32', 'float32', 'float32')","((-1, -1), (-1,), (-1, -1), (-1,))","((-1, 1), (1, 2234), (-1, 1), (-1, 1))","((0.004, 0.004),)",34.74,37.76086957
MoeInitRoutingV3_float16_ND_fuzz_000298,moe_init_routing_v3,"('float16', 'int32', 'float32', 'float32')","{'active_num': 13972, 'expert_capacity': 0, 'expert_num': 1996, 'drop_pad_mode': 0, 'expert_tokens_num_type': 2, 'expert_tokens_num_flag': True, 'quant_mode': 1, 'active_expert_range': [459, 705], 'row_idx_type': 1}","((7, 80), (7, 1996), None, None)","('int8', 'int32', 'int64', 'float32')","((13972, 80), (13972,), (1996, 2), (13972,))","((-1, -1), (-1, -1), None, None)","('float16', 'int32', 'float32', 'float32')","((-1, -1), (-1,), (-1, -1), (-1,))","((0, 0.001), (1, 1996), (-3.0517578125e-05, 3.0517578125e-05), (-3.4028235e+38, 3.4028235e+38))","((0.004, 0.004),)",105.98,115.1956522
MoeInitRoutingV3_float16_ND_fuzz_000311,moe_init_routing_v3,"('float16', 'int32', 'float32', 'float32')","{'active_num': 1751, 'expert_capacity': 0, 'expert_num': 1751, 'drop_pad_mode': 0, 'expert_tokens_num_type': 2, 'expert_tokens_num_flag': True, 'quant_mode': 1, 'active_expert_range': [1088, 1115], 'row_idx_type': 0}","((1, 5936), (1, 1751), None, None)","('int8', 'int32', 'int64', 'float32')","((1751, 5936), (1751,), (1751, 2), (1751,))","((-1, -1), (-1, -1), None, None)","('float16', 'int32', 'float32', 'float32')","((-1, -1), (-1,), (-1, -1), (-1,))","((-1, 1), (1, 1751), (-1, 1), (-1, 1))","((0.004, 0.004),)",32.88,35.73913043
MoeInitRoutingV3_float16_ND_fuzz_000341,moe_init_routing_v3,"('float16', 'int32', 'float32', 'float32')","{'active_num': 1162, 'expert_capacity': 0, 'expert_num': 1162, 'drop_pad_mode': 0, 'expert_tokens_num_type': 2, 'expert_tokens_num_flag': True, 'quant_mode': 1, 'active_expert_range': [182, 403], 'row_idx_type': 1}","((1, 1), (1, 1162), None, None)","('int8', 'int32', 'int64', 'float32')","((1162, 1), (1162,), (1162, 2), (1162,))","((-1, -1), (-1, -1), None, None)","('float16', 'int32', 'float32', 'float32')","((-1, -1), (-1,), (-1, -1), (-1,))","((-1, 1), (1, 1162), (-100, 100), (0.01, 1))","((0.004, 0.004),)",35.74,38.84782609
MoeInitRoutingV3_float16_ND_fuzz_000345,moe_init_routing_v3,"('float16', 'int32', 'float32', 'float32')","{'active_num': 4145, 'expert_capacity': 0, 'expert_num': 4145, 'drop_pad_mode': 0, 'expert_tokens_num_type': 2, 'expert_tokens_num_flag': True, 'quant_mode': 1, 'active_expert_range': [1526, 1545], 'row_idx_type': 0}","((1, 1), (1, 4145), None, None)","('int8', 'int32', 'int64', 'float32')","((4145, 1), (4145,), (4145, 2), (4145,))","((-1, -1), (-1, -1), None, None)","('float16', 'int32', 'float32', 'float32')","((-1, -1), (-1,), (-1, -1), (-1,))","((-0.0078125, 0.0078125), (1, 4145), (-0.001, 0), (0, 0.001))","((0.004, 0.004),)",33.82,36.76086957
MoeInitRoutingV3_float16_ND_fuzz_000357,moe_init_routing_v3,"('float16', 'int32', 'float32', 'float32')","{'active_num': 3206, 'expert_capacity': 0, 'expert_num': 3206, 'drop_pad_mode': 0, 'expert_tokens_num_type': 2, 'expert_tokens_num_flag': True, 'quant_mode': 1, 'active_expert_range': [1859, 1998], 'row_idx_type': 0}","((1, 512), (1, 3206), (139, 512), None)","('int8', 'int32', 'int64', 'float32')","((3206, 512), (3206,), (3206, 2), (3206,))","((-1, -1), (-1, -1), (-1, -1), None)","('float16', 'int32', 'float32', 'float32')","((-1, -1), (-1,), (-1, -1), (-1,))","((-1, 1), (1, 3206), (1, 2), (-1, 1))","((0.004, 0.004),)",42.42,46.10869565
MoeInitRoutingV3_float16_ND_fuzz_000450,moe_init_routing_v3,"('float16', 'int32', 'float32', 'float32')","{'active_num': 4771, 'expert_capacity': 0, 'expert_num': 4771, 'drop_pad_mode': 0, 'expert_tokens_num_type': 2, 'expert_tokens_num_flag': True, 'quant_mode': 1, 'active_expert_range': [2867, 3000], 'row_idx_type': 1}","((1, 1), (1, 4771), None, None)","('int8', 'int32', 'int64', 'float32')","((4771, 1), (4771,), (4771, 2), (4771,))","((-1, -1), (-1, -1), None, None)","('float16', 'int32', 'float32', 'float32')","((-1, -1), (-1,), (-1, -1), (-1,))","((2, 10), (1, 4771), (-1, 1), (-1, 1))","((0.004, 0.004),)",39.72,43.17391304
MoeInitRoutingV3_float16_ND_fuzz_000511,moe_init_routing_v3,"('float16', 'int32', 'float32', 'float32')","{'active_num': 656, 'expert_capacity': 0, 'expert_num': 656, 'drop_pad_mode': 0, 'expert_tokens_num_type': 2, 'expert_tokens_num_flag': True, 'quant_mode': 1, 'active_expert_range': [364, 582], 'row_idx_type': 0}","((1, 3208), (1, 656), (218, 3208), None)","('int8', 'int32', 'int64', 'float32')","((656, 3208), (656,), (656, 2), (656,))","((-1, -1), (-1, -1), (-1, -1), None)","('float16', 'int32', 'float32', 'float32')","((-1, -1), (-1,), (-1, -1), (-1,))","((-0.01, 0.01), (1, 656), (-0.01, -0.001), (-3.4028235e+38, -3.4028235e+38))","((0.004, 0.004),)",44.74,48.63043478
MoeInitRoutingV3_float16_ND_fuzz_000565,moe_init_routing_v3,"('float16', 'int32', 'float32', 'float32')","{'active_num': 2087, 'expert_capacity': 0, 'expert_num': 2087, 'drop_pad_mode': 0, 'expert_tokens_num_type': 2, 'expert_tokens_num_flag': True, 'quant_mode': 1, 'active_expert_range': [1240, 1491], 'row_idx_type': 0}","((1, 1), (1, 2087), None, None)","('int8', 'int32', 'int64', 'float32')","((2087, 1), (2087,), (2087, 2), (2087,))","((-1, -1), (-1, -1), None, None)","('float16', 'int32', 'float32', 'float32')","((-1, -1), (-1,), (-1, -1), (-1,))","((2, 10), (1, 2087), (1, 2), (0.01, 1))","((0.004, 0.004),)",41.68,45.30434783
MoeInitRoutingV3_float16_ND_fuzz_000590,moe_init_routing_v3,"('float16', 'int32', 'float32', 'float32')","{'active_num': 94752, 'expert_capacity': 0, 'expert_num': 2016, 'drop_pad_mode': 0, 'expert_tokens_num_type': 2, 'expert_tokens_num_flag': True, 'quant_mode': 1, 'active_expert_range': [668, 678], 'row_idx_type': 0}","((47, 191), (47, 2016), None, None)","('int8', 'int32', 'int64', 'float32')","((94752, 191), (94752,), (2016, 2), (94752,))","((-1, -1), (-1, -1), None, None)","('float16', 'int32', 'float32', 'float32')","((-1, -1), (-1,), (-1, -1), (-1,))","((-100, 100), (1, 2016), (-1, 1), (0.001, 0.01))","((0.004, 0.004),)",168.46,183.1086957
MoeInitRoutingV3_float16_ND_fuzz_000603,moe_init_routing_v3,"('float16', 'int32', 'float32', 'float32')","{'active_num': 3219, 'expert_capacity': 0, 'expert_num': 3219, 'drop_pad_mode': 0, 'expert_tokens_num_type': 2, 'expert_tokens_num_flag': True, 'quant_mode': 1, 'active_expert_range': [72, 204], 'row_idx_type': 0}","((1, 1), (1, 3219), None, None)","('int8', 'int32', 'int64', 'float32')","((3219, 1), (3219,), (3219, 2), (3219,))","((-1, -1), (-1, -1), None, None)","('float16', 'int32', 'float32', 'float32')","((-1, -1), (-1,), (-1, -1), (-1,))","((-0.0078125, 0.0078125), (1, 3219), (0.001, 0.01), (-1, 1))","((0.004, 0.004),)",41.04,44.60869565
MoeInitRoutingV3_float16_ND_fuzz_000694,moe_init_routing_v3,"('float16', 'int32', 'float32', 'float32')","{'active_num': 4655, 'expert_capacity': 0, 'expert_num': 4655, 'drop_pad_mode': 0, 'expert_tokens_num_type': 2, 'expert_tokens_num_flag': True, 'quant_mode': -1, 'active_expert_range': [2547, 2584], 'row_idx_type': 0}","((1, 1), (1, 4655), None, None)","('float16', 'int32', 'int64', 'float32')","((4655, 1), (4655,), (4655, 2), (4655,))","((-1, -1), (-1, -1), None, None)","('float16', 'int32', 'float32', 'float32')","((-1, -1), (-1,), (-1, -1), (-1,))","((-1000, -10), (1, 4655), (-0.01, 0.01), (2, 10))","((0.004, 0.004),)",31.32,34.04347826
MoeInitRoutingV3_float16_ND_fuzz_000717,moe_init_routing_v3,"('float16', 'int32', 'float32', 'float32')","{'active_num': 858, 'expert_capacity': 0, 'expert_num': 858, 'drop_pad_mode': 0, 'expert_tokens_num_type': 2, 'expert_tokens_num_flag': True, 'quant_mode': 1, 'active_expert_range': [286, 500], 'row_idx_type': 1}","((1, 1), (1, 858), None, None)","('int8', 'int32', 'int64', 'float32')","((858, 1), (858,), (858, 2), (858,))","((-1, -1), (-1, -1), None, None)","('float16', 'int32', 'float32', 'float32')","((-1, -1), (-1,), (-1, -1), (-1,))","((-0.01, -0.001), (1, 858), (-2, -1), (-1, 1))","((0.004, 0.004),)",30.94,33.63043478
MoeInitRoutingV3_float16_ND_fuzz_000746,moe_init_routing_v3,"('float16', 'int32', 'float32', 'float32')","{'active_num': 664, 'expert_capacity': 0, 'expert_num': 664, 'drop_pad_mode': 0, 'expert_tokens_num_type': 2, 'expert_tokens_num_flag': True, 'quant_mode': 1, 'active_expert_range': [395, 548], 'row_idx_type': 0}","((1, 1), (1, 664), (153, 1), None)","('int8', 'int32', 'int64', 'float32')","((664, 1), (664,), (664, 2), (664,))","((-1, -1), (-1, -1), (-1, -1), None)","('float16', 'int32', 'float32', 'float32')","((-1, -1), (-1,), (-1, -1), (-1,))","((1, 2), (1, 664), (0.001, 0.01), (-1, 1))","((0.004, 0.004),)",33.7,36.63043478
MoeInitRoutingV3_float16_ND_fuzz_000748,moe_init_routing_v3,"('float16', 'int32', 'float32', 'float32')","{'active_num': 26027, 'expert_capacity': 0, 'expert_num': 1531, 'drop_pad_mode': 0, 'expert_tokens_num_type': 2, 'expert_tokens_num_flag': True, 'quant_mode': 1, 'active_expert_range': [298, 490], 'row_idx_type': 0}","((17, 479), (17, 1531), None, None)","('int8', 'int32', 'int64', 'float32')","((26027, 479), (26027,), (1531, 2), (26027,))","((-1, -1), (-1, -1), None, None)","('float16', 'int32', 'float32', 'float32')","((-1, -1), (-1,), (-1, -1), (-1,))","((1, 2), (1, 1531), (-0.01, -0.001), (1, 2))","((0.004, 0.004),)",136.18,148.0217391
MoeInitRoutingV3_float16_ND_fuzz_000755,moe_init_routing_v3,"('float16', 'int32', 'float32', 'float32')","{'active_num': 964, 'expert_capacity': 0, 'expert_num': 964, 'drop_pad_mode': 0, 'expert_tokens_num_type': 2, 'expert_tokens_num_flag': True, 'quant_mode': -1, 'active_expert_range': [570, 675], 'row_idx_type': 0}","((1, 167), (1, 964), (1,), None)","('float16', 'int32', 'int64', 'float32')","((964, 167), (964,), (964, 2), (964,))","((-1, -1), (-1, -1), (-1,), None)","('float16', 'int32', 'float32', 'float32')","((-1, -1), (-1,), (-1, -1), (-1,))","((0.01, 1), (1, 964), (-0.001, 0), (1, 2))","((0.004, 0.004),)",33.54,36.45652174
MoeInitRoutingV3_float16_ND_fuzz_000798,moe_init_routing_v3,"('float16', 'int32', 'float32', 'float32')","{'active_num': 2448, 'expert_capacity': 0, 'expert_num': 2448, 'drop_pad_mode': 0, 'expert_tokens_num_type': 2, 'expert_tokens_num_flag': True, 'quant_mode': 1, 'active_expert_range': [1000, 1189], 'row_idx_type': 1}","((1, 1), (1, 2448), None, None)","('int8', 'int32', 'int64', 'float32')","((2448, 1), (2448,), (2448, 2), (2448,))","((-1, -1), (-1, -1), None, None)","('float16', 'int32', 'float32', 'float32')","((-1, -1), (-1,), (-1, -1), (-1,))","((-1, 1), (1, 2448), (-1, 1), (-100, 100))","((0.004, 0.004),)",37.24,40.47826087
MoeInitRoutingV3_float16_ND_fuzz_000849,moe_init_routing_v3,"('float16', 'int32', 'float32', 'float32')","{'active_num': 3301, 'expert_capacity': 0, 'expert_num': 3301, 'drop_pad_mode': 0, 'expert_tokens_num_type': 2, 'expert_tokens_num_flag': True, 'quant_mode': 1, 'active_expert_range': [903, 950], 'row_idx_type': 1}","((1, 269), (1, 3301), (47, 269), None)","('int8', 'int32', 'int64', 'float32')","((3301, 269), (3301,), (3301, 2), (3301,))","((-1, -1), (-1, -1), (-1, -1), None)","('float16', 'int32', 'float32', 'float32')","((-1, -1), (-1,), (-1, -1), (-1,))","((-1000, -10), (1, 3301), (-1, 1), (-10, -2))","((0.004, 0.004),)",30.9,33.58695652
MoeInitRoutingV3_float16_ND_fuzz_000905,moe_init_routing_v3,"('float16', 'int32', 'float32', 'float32')","{'active_num': 1824, 'expert_capacity': 0, 'expert_num': 1824, 'drop_pad_mode': 0, 'expert_tokens_num_type': 2, 'expert_tokens_num_flag': True, 'quant_mode': 1, 'active_expert_range': [307, 361], 'row_idx_type': 0}","((1, 137), (1, 1824), (54, 137), None)","('int8', 'int32', 'int64', 'float32')","((1824, 137), (1824,), (1824, 2), (1824,))","((-1, -1), (-1, -1), (-1, -1), None)","('float16', 'int32', 'float32', 'float32')","((-1, -1), (-1,), (-1, -1), (-1,))","((-1000, -10), (1, 1824), (-1, 1), (-0.01, -0.001))","((0.004, 0.004),)",35.44,38.52173913
MoeInitRoutingV3_float16_ND_fuzz_000909,moe_init_routing_v3,"('float16', 'int32', 'float32', 'float32')","{'active_num': 67056, 'expert_capacity': 0, 'expert_num': 4191, 'drop_pad_mode': 0, 'expert_tokens_num_type': 2, 'expert_tokens_num_flag': True, 'quant_mode': -1, 'active_expert_range': [182, 248], 'row_idx_type': 1}","((16, 128), (16, 4191), None, None)","('float16', 'int32', 'int64', 'float32')","((67056, 128), (67056,), (4191, 2), (67056,))","((-1, -1), (-1, -1), None, None)","('float16', 'int32', 'float32', 'float32')","((-1, -1), (-1,), (-1, -1), (-1,))","((-1, 1), (1, 4191), (-1, 1), (-1000, -10))","((0.004, 0.004),)",110.62,120.2391304
MoeInitRoutingV3_float16_ND_fuzz_000944,moe_init_routing_v3,"('float16', 'int32', 'float32', 'float32')","{'active_num': 18179, 'expert_capacity': 0, 'expert_num': 2597, 'drop_pad_mode': 0, 'expert_tokens_num_type': 2, 'expert_tokens_num_flag': True, 'quant_mode': -1, 'active_expert_range': [726, 925], 'row_idx_type': 1}","((7, 96), (7, 2597), (7,), None)","('float16', 'int32', 'int64', 'float32')","((18179, 96), (18179,), (2597, 2), (18179,))","((-1, -1), (-1, -1), (-1,), None)","('float16', 'int32', 'float32', 'float32')","((-1, -1), (-1,), (-1, -1), (-1,))","((-1, 1), (1, 2597), (-1, 1), (2, 10))","((0.004, 0.004),)",95.72,104.0434783
MoeInitRoutingV3_float16_ND_fuzz_000973,moe_init_routing_v3,"('float16', 'int32', 'float32', 'float32')","{'active_num': 2533, 'expert_capacity': 0, 'expert_num': 2533, 'drop_pad_mode': 0, 'expert_tokens_num_type': 2, 'expert_tokens_num_flag': True, 'quant_mode': 1, 'active_expert_range': [2196, 2286], 'row_idx_type': 1}","((1, 1), (1, 2533), (90, 1), None)","('int8', 'int32', 'int64', 'float32')","((2533, 1), (2533,), (2533, 2), (2533,))","((-1, -1), (-1, -1), (-1, -1), None)","('float16', 'int32', 'float32', 'float32')","((-1, -1), (-1,), (-1, -1), (-1,))","((-1, 1), (1, 2533), (0, 0), (1, 2))","((0.004, 0.004),)",30.54,33.19565217
MoeInitRoutingV3_float16_ND_fuzz_001074,moe_init_routing_v3,"('float16', 'int32', 'float32', 'float32')","{'active_num': 3976, 'expert_capacity': 0, 'expert_num': 3976, 'drop_pad_mode': 0, 'expert_tokens_num_type': 2, 'expert_tokens_num_flag': True, 'quant_mode': 1, 'active_expert_range': [2527, 2578], 'row_idx_type': 1}","((1, 83), (1, 3976), (51, 83), None)","('int8', 'int32', 'int64', 'float32')","((3976, 83), (3976,), (3976, 2), (3976,))","((-1, -1), (-1, -1), (-1, -1), None)","('float16', 'int32', 'float32', 'float32')","((-1, -1), (-1,), (-1, -1), (-1,))","((-1, 1), (1, 3976), (-0.01, -0.001), (0, 0))","((0.004, 0.004),)",33.58,36.5
MoeInitRoutingV3_float16_ND_fuzz_001080,moe_init_routing_v3,"('float16', 'int32', 'float32', 'float32')","{'active_num': 1847, 'expert_capacity': 0, 'expert_num': 1847, 'drop_pad_mode': 0, 'expert_tokens_num_type': 2, 'expert_tokens_num_flag': True, 'quant_mode': -1, 'active_expert_range': [795, 1016], 'row_idx_type': 0}","((1, 1), (1, 1847), (1,), None)","('float16', 'int32', 'int64', 'float32')","((1847, 1), (1847,), (1847, 2), (1847,))","((-1, -1), (-1, -1), (-1,), None)","('float16', 'int32', 'float32', 'float32')","((-1, -1), (-1,), (-1, -1), (-1,))","((-1, 1), (1, 1847), (-1, 1), (-0.001, 0))","((0.004, 0.004),)",37.18,40.41304348
MoeInitRoutingV3_float16_ND_fuzz_001179,moe_init_routing_v3,"('float16', 'int32', 'float32', 'float32')","{'active_num': 3052, 'expert_capacity': 0, 'expert_num': 3052, 'drop_pad_mode': 0, 'expert_tokens_num_type': 2, 'expert_tokens_num_flag': True, 'quant_mode': -1, 'active_expert_range': [2584, 2823], 'row_idx_type': 1}","((1, 1), (1, 3052), (1,), None)","('float16', 'int32', 'int64', 'float32')","((3052, 1), (3052,), (3052, 2), (3052,))","((-1, -1), (-1, -1), (-1,), None)","('float16', 'int32', 'float32', 'float32')","((-1, -1), (-1,), (-1, -1), (-1,))","((-2, -1), (1, 3052), (-1, 1), (-2, -1))","((0.004, 0.004),)",42.52,46.2173913
MoeInitRoutingV3_float16_ND_fuzz_001192,moe_init_routing_v3,"('float16', 'int32', 'float32', 'float32')","{'active_num': 6457, 'expert_capacity': 0, 'expert_num': 587, 'drop_pad_mode': 0, 'expert_tokens_num_type': 2, 'expert_tokens_num_flag': True, 'quant_mode': 1, 'active_expert_range': [15, 186], 'row_idx_type': 0}","((11, 128), (11, 587), (171, 128), None)","('int8', 'int32', 'int64', 'float32')","((6457, 128), (6457,), (587, 2), (6457,))","((-1, -1), (-1, -1), (-1, -1), None)","('float16', 'int32', 'float32', 'float32')","((-1, -1), (-1,), (-1, -1), (-1,))","((-65504.0, 65504.0), (1, 587), (-1, 1), (1, 2))","((0.004, 0.004),)",75.8,82.39130435
MoeInitRoutingV3_float16_ND_fuzz_001252,moe_init_routing_v3,"('float16', 'int32', 'float32', 'float32')","{'active_num': 1922, 'expert_capacity': 0, 'expert_num': 1922, 'drop_pad_mode': 0, 'expert_tokens_num_type': 2, 'expert_tokens_num_flag': True, 'quant_mode': -1, 'active_expert_range': [1289, 1534], 'row_idx_type': 1}","((1, 13), (1, 1922), None, None)","('float16', 'int32', 'int64', 'float32')","((1922, 13), (1922,), (1922, 2), (1922,))","((-1, -1), (-1, -1), None, None)","('float16', 'int32', 'float32', 'float32')","((-1, -1), (-1,), (-1, -1), (-1,))","((-1, 1), (1, 1922), (-2, -1), (-10, -2))","((0.004, 0.004),)",34.2,37.17391304
MoeInitRoutingV3_float16_ND_fuzz_001263,moe_init_routing_v3,"('float16', 'int32', 'float32', 'float32')","{'active_num': 2182, 'expert_capacity': 0, 'expert_num': 2182, 'drop_pad_mode': 0, 'expert_tokens_num_type': 2, 'expert_tokens_num_flag': True, 'quant_mode': 1, 'active_expert_range': [1826, 1928], 'row_idx_type': 1}","((1, 64), (1, 2182), None, None)","('int8', 'int32', 'int64', 'float32')","((2182, 64), (2182,), (2182, 2), (2182,))","((-1, -1), (-1, -1), None, None)","('float16', 'int32', 'float32', 'float32')","((-1, -1), (-1,), (-1, -1), (-1,))","((-1, 1), (1, 2182), (0, 0), (-10, -2))","((0.004, 0.004),)",35.22,38.2826087
MoeInitRoutingV3_float16_ND_fuzz_001304,moe_init_routing_v3,"('float16', 'int32', 'float32', 'float32')","{'active_num': 2879, 'expert_capacity': 0, 'expert_num': 2879, 'drop_pad_mode': 0, 'expert_tokens_num_type': 2, 'expert_tokens_num_flag': True, 'quant_mode': -1, 'active_expert_range': [821, 935], 'row_idx_type': 0}","((1, 1), (1, 2879), (1,), None)","('float16', 'int32', 'int64', 'float32')","((2879, 1), (2879,), (2879, 2), (2879,))","((-1, -1), (-1, -1), (-1,), None)","('float16', 'int32', 'float32', 'float32')","((-1, -1), (-1,), (-1, -1), (-1,))","((-65504.0, 65504.0), (1, 2879), (-1, 1), (-1, 1))","((0.004, 0.004),)",37.8,41.08695652
MoeInitRoutingV3_float16_ND_fuzz_001308,moe_init_routing_v3,"('float16', 'int32', 'float32', 'float32')","{'active_num': 1938, 'expert_capacity': 0, 'expert_num': 1938, 'drop_pad_mode': 0, 'expert_tokens_num_type': 2, 'expert_tokens_num_flag': True, 'quant_mode': 1, 'active_expert_range': [976, 1173], 'row_idx_type': 1}","((1, 1), (1, 1938), (197, 1), None)","('int8', 'int32', 'int64', 'float32')","((1938, 1), (1938,), (1938, 2), (1938,))","((-1, -1), (-1, -1), (-1, -1), None)","('float16', 'int32', 'float32', 'float32')","((-1, -1), (-1,), (-1, -1), (-1,))","((-0.01, 0.01), (1, 1938), (-1, 1), (-10, -2))","((0.004, 0.004),)",39.8,43.26086957
MoeInitRoutingV3_float16_ND_fuzz_001323,moe_init_routing_v3,"('float16', 'int32', 'float32', 'float32')","{'active_num': 5062, 'expert_capacity': 0, 'expert_num': 5062, 'drop_pad_mode': 0, 'expert_tokens_num_type': 2, 'expert_tokens_num_flag': True, 'quant_mode': 1, 'active_expert_range': [4220, 4380], 'row_idx_type': 1}","((1, 1), (1, 5062), None, None)","('int8', 'int32', 'int64', 'float32')","((5062, 1), (5062,), (5062, 2), (5062,))","((-1, -1), (-1, -1), None, None)","('float16', 'int32', 'float32', 'float32')","((-1, -1), (-1,), (-1, -1), (-1,))","((-1, 1), (1, 5062), (-1, 1), (0.001, 0.01))","((0.004, 0.004),)",40.94,44.5
MoeInitRoutingV3_float16_ND_fuzz_001333,moe_init_routing_v3,"('float16', 'int32', 'float32', 'float32')","{'active_num': 4742, 'expert_capacity': 0, 'expert_num': 4742, 'drop_pad_mode': 0, 'expert_tokens_num_type': 2, 'expert_tokens_num_flag': True, 'quant_mode': -1, 'active_expert_range': [791, 833], 'row_idx_type': 1}","((1, 1), (1, 4742), None, None)","('float16', 'int32', 'int64', 'float32')","((4742, 1), (4742,), (4742, 2), (4742,))","((-1, -1), (-1, -1), None, None)","('float16', 'int32', 'float32', 'float32')","((-1, -1), (-1,), (-1, -1), (-1,))","((-1, 1), (1, 4742), (-1, 1), (1, 2))","((0.004, 0.004),)",30.9,33.58695652
MoeInitRoutingV3_float16_ND_fuzz_001364,moe_init_routing_v3,"('float16', 'int32', 'float32', 'float32')","{'active_num': 3872, 'expert_capacity': 0, 'expert_num': 3872, 'drop_pad_mode': 0, 'expert_tokens_num_type': 2, 'expert_tokens_num_flag': True, 'quant_mode': 1, 'active_expert_range': [2716, 2843], 'row_idx_type': 0}","((1, 1), (1, 3872), None, None)","('int8', 'int32', 'int64', 'float32')","((3872, 1), (3872,), (3872, 2), (3872,))","((-1, -1), (-1, -1), None, None)","('float16', 'int32', 'float32', 'float32')","((-1, -1), (-1,), (-1, -1), (-1,))","((-1, 1), (1, 3872), (-3.4028235e+38, 3.4028235e+38), (-1, 1))","((0.004, 0.004),)",38.08,41.39130435
MoeInitRoutingV3_float16_ND_fuzz_001439,moe_init_routing_v3,"('float16', 'int32', 'float32', 'float32')","{'active_num': 4962, 'expert_capacity': 0, 'expert_num': 4962, 'drop_pad_mode': 0, 'expert_tokens_num_type': 2, 'expert_tokens_num_flag': True, 'quant_mode': -1, 'active_expert_range': [4120, 4352], 'row_idx_type': 1}","((1, 1), (1, 4962), (1,), None)","('float16', 'int32', 'int64', 'float32')","((4962, 1), (4962,), (4962, 2), (4962,))","((-1, -1), (-1, -1), (-1,), None)","('float16', 'int32', 'float32', 'float32')","((-1, -1), (-1,), (-1, -1), (-1,))","((-1, -0.01), (1, 4962), (10, 1000), (-1, 1))","((0.004, 0.004),)",43.08,46.82608696
MoeInitRoutingV3_float16_ND_fuzz_001458,moe_init_routing_v3,"('float16', 'int32', 'float32', 'float32')","{'active_num': 2970, 'expert_capacity': 0, 'expert_num': 2970, 'drop_pad_mode': 0, 'expert_tokens_num_type': 2, 'expert_tokens_num_flag': True, 'quant_mode': 1, 'active_expert_range': [139, 316], 'row_idx_type': 1}","((1, 1), (1, 2970), (177, 1), None)","('int8', 'int32', 'int64', 'float32')","((2970, 1), (2970,), (2970, 2), (2970,))","((-1, -1), (-1, -1), (-1, -1), None)","('float16', 'int32', 'float32', 'float32')","((-1, -1), (-1,), (-1, -1), (-1,))","((-0.001, 0), (1, 2970), (-3.0517578125e-05, 3.0517578125e-05), (-1, 1))","((0.004, 0.004),)",42.28,45.95652174
MoeInitRoutingV3_float16_ND_fuzz_001469,moe_init_routing_v3,"('float16', 'int32', 'float32', 'float32')","{'active_num': 710, 'expert_capacity': 0, 'expert_num': 710, 'drop_pad_mode': 0, 'expert_tokens_num_type': 2, 'expert_tokens_num_flag': True, 'quant_mode': 1, 'active_expert_range': [263, 434], 'row_idx_type': 1}","((1, 1), (1, 710), (171, 1), None)","('int8', 'int32', 'int64', 'float32')","((710, 1), (710,), (710, 2), (710,))","((-1, -1), (-1, -1), (-1, -1), None)","('float16', 'int32', 'float32', 'float32')","((-1, -1), (-1,), (-1, -1), (-1,))","((0.001, 0.01), (1, 710), (-1, 1), (0, 0))","((0.004, 0.004),)",33.22,36.10869565
MoeInitRoutingV3_float32_ND_fuzz_000034,moe_init_routing_v3,"('float32', 'int32', 'float32', 'float32')","{'active_num': 270, 'expert_capacity': 0, 'expert_num': 270, 'drop_pad_mode': 0, 'expert_tokens_num_type': 2, 'expert_tokens_num_flag': True, 'quant_mode': 1, 'active_expert_range': [6, 167], 'row_idx_type': 0}","((1, 192), (1, 270), None, None)","('int8', 'int32', 'int64', 'float32')","((270, 192), (270,), (270, 2), (270,))","((-1, -1), (-1, -1), None, None)","('float32', 'int32', 'float32', 'float32')","((-1, -1), (-1,), (-1, -1), (-1,))","((-1, -0.01), (1, 270), (-1, 1), (-1, 1))","((0.004, 0.004),)",31.74,34.5
MoeInitRoutingV3_float32_ND_fuzz_000036,moe_init_routing_v3,"('float32', 'int32', 'float32', 'float32')","{'active_num': 2695, 'expert_capacity': 0, 'expert_num': 2695, 'drop_pad_mode': 0, 'expert_tokens_num_type': 2, 'expert_tokens_num_flag': True, 'quant_mode': -1, 'active_expert_range': [1878, 2114], 'row_idx_type': 1}","((1, 661), (1, 2695), (1,), None)","('float32', 'int32', 'int64', 'float32')","((2695, 661), (2695,), (2695, 2), (2695,))","((-1, -1), (-1, -1), (-1,), None)","('float32', 'int32', 'float32', 'float32')","((-1, -1), (-1,), (-1, -1), (-1,))","((-1, 1), (1, 2695), (-0.01, -0.001), (-3.4028235e+38, 3.4028235e+38))","((0.0001, 0.0001),)",40.76,44.30434783
MoeInitRoutingV3_float32_ND_fuzz_000050,moe_init_routing_v3,"('float32', 'int32', 'float32', 'float32')","{'active_num': 50986, 'expert_capacity': 0, 'expert_num': 962, 'drop_pad_mode': 0, 'expert_tokens_num_type': 2, 'expert_tokens_num_flag': True, 'quant_mode': -1, 'active_expert_range': [43, 49], 'row_idx_type': 1}","((53, 118), (53, 962), None, None)","('float32', 'int32', 'int64', 'float32')","((50986, 118), (50986,), (962, 2), (50986,))","((-1, -1), (-1, -1), None, None)","('float32', 'int32', 'float32', 'float32')","((-1, -1), (-1,), (-1, -1), (-1,))","((-1, 1), (1, 962), (2, 10), (-0.01, -0.001))","((0.0001, 0.0001),)",84.54,91.89130435
MoeInitRoutingV3_float32_ND_fuzz_000057,moe_init_routing_v3,"('float32', 'int32', 'float32', 'float32')","{'active_num': 1909, 'expert_capacity': 0, 'expert_num': 1909, 'drop_pad_mode': 0, 'expert_tokens_num_type': 2, 'expert_tokens_num_flag': True, 'quant_mode': -1, 'active_expert_range': [566, 696], 'row_idx_type': 1}","((1, 1), (1, 1909), None, None)","('float32', 'int32', 'int64', 'float32')","((1909, 1), (1909,), (1909, 2), (1909,))","((-1, -1), (-1, -1), None, None)","('float32', 'int32', 'float32', 'float32')","((-1, -1), (-1,), (-1, -1), (-1,))","((-1, 1), (1, 1909), (0, 0), (-3.4028235e+38, -3.4028235e+38))","((0.0001, 0.0001),)",30.94,33.63043478
MoeInitRoutingV3_float32_ND_fuzz_000070,moe_init_routing_v3,"('float32', 'int32', 'float32', 'float32')","{'active_num': 1705, 'expert_capacity': 0, 'expert_num': 1705, 'drop_pad_mode': 0, 'expert_tokens_num_type': 2, 'expert_tokens_num_flag': True, 'quant_mode': 1, 'active_expert_range': [1261, 1503], 'row_idx_type': 1}","((1, 1216), (1, 1705), (242, 1216), None)","('int8', 'int32', 'int64', 'float32')","((1705, 1216), (1705,), (1705, 2), (1705,))","((-1, -1), (-1, -1), (-1, -1), None)","('float32', 'int32', 'float32', 'float32')","((-1, -1), (-1,), (-1, -1), (-1,))","((-1, -0.01), (1, 1705), (-2, -1), (-100, 100))","((0.004, 0.004),)",38.26,41.58695652
MoeInitRoutingV3_float32_ND_fuzz_000073,moe_init_routing_v3,"('float32', 'int32', 'float32', 'float32')","{'active_num': 34224, 'expert_capacity': 0, 'expert_num': 1488, 'drop_pad_mode': 0, 'expert_tokens_num_type': 2, 'expert_tokens_num_flag': True, 'quant_mode': -1, 'active_expert_range': [353, 496], 'row_idx_type': 0}","((23, 191), (23, 1488), None, None)","('float32', 'int32', 'int64', 'float32')","((34224, 191), (34224,), (1488, 2), (34224,))","((-1, -1), (-1, -1), None, None)","('float32', 'int32', 'float32', 'float32')","((-1, -1), (-1,), (-1, -1), (-1,))","((-1, 1), (1, 1488), (-1, -0.01), (-1, 1))","((0.0001, 0.0001),)",115.5,125.5434783
MoeInitRoutingV3_float32_ND_fuzz_000116,moe_init_routing_v3,"('float32', 'int32', 'float32', 'float32')","{'active_num': 4904, 'expert_capacity': 0, 'expert_num': 2452, 'drop_pad_mode': 0, 'expert_tokens_num_type': 2, 'expert_tokens_num_flag': True, 'quant_mode': -1, 'active_expert_range': [348, 477], 'row_idx_type': 1}","((2, 227), (2, 2452), None, None)","('float32', 'int32', 'int64', 'float32')","((4904, 227), (4904,), (2452, 2), (4904,))","((-1, -1), (-1, -1), None, None)","('float32', 'int32', 'float32', 'float32')","((-1, -1), (-1,), (-1, -1), (-1,))","((2, 10), (1, 2452), (-1, 1), (-1, 1))","((0.0001, 0.0001),)",43.94,47.76086957
MoeInitRoutingV3_float32_ND_fuzz_000117,moe_init_routing_v3,"('float32', 'int32', 'float32', 'float32')","{'active_num': 10875, 'expert_capacity': 0, 'expert_num': 375, 'drop_pad_mode': 0, 'expert_tokens_num_type': 2, 'expert_tokens_num_flag': True, 'quant_mode': -1, 'active_expert_range': [76, 88], 'row_idx_type': 0}","((29, 1), (29, 375), (29,), None)","('float32', 'int32', 'int64', 'float32')","((10875, 1), (10875,), (375, 2), (10875,))","((-1, -1), (-1, -1), (-1,), None)","('float32', 'int32', 'float32', 'float32')","((-1, -1), (-1,), (-1, -1), (-1,))","((-1, 1), (1, 375), (-1, -0.01), (-100, 100))","((0.0001, 0.0001),)",51.92,56.43478261
MoeInitRoutingV3_float32_ND_fuzz_000127,moe_init_routing_v3,"('float32', 'int32', 'float32', 'float32')","{'active_num': 3133, 'expert_capacity': 0, 'expert_num': 3133, 'drop_pad_mode': 0, 'expert_tokens_num_type': 2, 'expert_tokens_num_flag': True, 'quant_mode': 1, 'active_expert_range': [1985, 2231], 'row_idx_type': 0}","((1, 1), (1, 3133), None, None)","('int8', 'int32', 'int64', 'float32')","((3133, 1), (3133,), (3133, 2), (3133,))","((-1, -1), (-1, -1), None, None)","('float32', 'int32', 'float32', 'float32')","((-1, -1), (-1,), (-1, -1), (-1,))","((-1, 1), (1, 3133), (-1, 1), (-10, -2))","((0.004, 0.004),)",42.14,45.80434783
MoeInitRoutingV3_float32_ND_fuzz_000196,moe_init_routing_v3,"('float32', 'int32', 'float32', 'float32')","{'active_num': 2148, 'expert_capacity': 0, 'expert_num': 2148, 'drop_pad_mode': 0, 'expert_tokens_num_type': 2, 'expert_tokens_num_flag': True, 'quant_mode': 1, 'active_expert_range': [1703, 1904], 'row_idx_type': 1}","((1, 1024), (1, 2148), (201, 1024), None)","('int8', 'int32', 'int64', 'float32')","((2148, 1024), (2148,), (2148, 2), (2148,))","((-1, -1), (-1, -1), (-1, -1), None)","('float32', 'int32', 'float32', 'float32')","((-1, -1), (-1,), (-1, -1), (-1,))","((-1, 1), (1, 2148), (-0.01, -0.001), (-1, 1))","((0.004, 0.004),)",35.76,38.86956522
MoeInitRoutingV3_float32_ND_fuzz_000258,moe_init_routing_v3,"('float32', 'int32', 'float32', 'float32')","{'active_num': 2430, 'expert_capacity': 0, 'expert_num': 486, 'drop_pad_mode': 0, 'expert_tokens_num_type': 2, 'expert_tokens_num_flag': True, 'quant_mode': 1, 'active_expert_range': [90, 144], 'row_idx_type': 1}","((5, 139), (5, 486), (54, 139), None)","('int8', 'int32', 'int64', 'float32')","((2430, 139), (2430,), (486, 2), (2430,))","((-1, -1), (-1, -1), (-1, -1), None)","('float32', 'int32', 'float32', 'float32')","((-1, -1), (-1,), (-1, -1), (-1,))","((-1, 1), (1, 486), (-1, 1), (-1, 1))","((0.004, 0.004),)",32.86,35.7173913
MoeInitRoutingV3_float32_ND_fuzz_000338,moe_init_routing_v3,"('float32', 'int32', 'float32', 'float32')","{'active_num': 4675, 'expert_capacity': 0, 'expert_num': 4675, 'drop_pad_mode': 0, 'expert_tokens_num_type': 2, 'expert_tokens_num_flag': True, 'quant_mode': 1, 'active_expert_range': [3485, 3567], 'row_idx_type': 1}","((1, 448), (1, 4675), None, None)","('int8', 'int32', 'int64', 'float32')","((4675, 448), (4675,), (4675, 2), (4675,))","((-1, -1), (-1, -1), None, None)","('float32', 'int32', 'float32', 'float32')","((-1, -1), (-1,), (-1, -1), (-1,))","((-0.01, 0.01), (1, 4675), (-100, 100), (-1, 1))","((0.004, 0.004),)",38.44,41.7826087
MoeInitRoutingV3_float32_ND_fuzz_000384,moe_init_routing_v3,"('float32', 'int32', 'float32', 'float32')","{'active_num': 4790, 'expert_capacity': 0, 'expert_num': 4790, 'drop_pad_mode': 0, 'expert_tokens_num_type': 2, 'expert_tokens_num_flag': True, 'quant_mode': -1, 'active_expert_range': [665, 900], 'row_idx_type': 0}","((1, 272), (1, 4790), None, None)","('float32', 'int32', 'int64', 'float32')","((4790, 272), (4790,), (4790, 2), (4790,))","((-1, -1), (-1, -1), None, None)","('float32', 'int32', 'float32', 'float32')","((-1, -1), (-1,), (-1, -1), (-1,))","((-1, 1), (1, 4790), (-1, 1), (0, 0.001))","((0.0001, 0.0001),)",41.52,45.13043478
MoeInitRoutingV3_float32_ND_fuzz_000406,moe_init_routing_v3,"('float32', 'int32', 'float32', 'float32')","{'active_num': 2665, 'expert_capacity': 0, 'expert_num': 2665, 'drop_pad_mode': 0, 'expert_tokens_num_type': 2, 'expert_tokens_num_flag': True, 'quant_mode': -1, 'active_expert_range': [41, 257], 'row_idx_type': 0}","((1, 128), (1, 2665), (1,), None)","('float32', 'int32', 'int64', 'float32')","((2665, 128), (2665,), (2665, 2), (2665,))","((-1, -1), (-1, -1), (-1,), None)","('float32', 'int32', 'float32', 'float32')","((-1, -1), (-1,), (-1, -1), (-1,))","((-10, -2), (1, 2665), (-1, 1), (-1, 1))","((0.0001, 0.0001),)",38.88,42.26086957
MoeInitRoutingV3_float32_ND_fuzz_000441,moe_init_routing_v3,"('float32', 'int32', 'float32', 'float32')","{'active_num': 1711, 'expert_capacity': 0, 'expert_num': 1711, 'drop_pad_mode': 0, 'expert_tokens_num_type': 2, 'expert_tokens_num_flag': True, 'quant_mode': 1, 'active_expert_range': [1307, 1561], 'row_idx_type': 1}","((1, 7968), (1, 1711), (254, 7968), None)","('int8', 'int32', 'int64', 'float32')","((1711, 7968), (1711,), (1711, 2), (1711,))","((-1, -1), (-1, -1), (-1, -1), None)","('float32', 'int32', 'float32', 'float32')","((-1, -1), (-1,), (-1, -1), (-1,))","((-0.001, 0), (1, 1711), (-2, -1), (0, 0.001))","((0.004, 0.004),)",42.92,46.65217391
MoeInitRoutingV3_float32_ND_fuzz_000455,moe_init_routing_v3,"('float32', 'int32', 'float32', 'float32')","{'active_num': 25410, 'expert_capacity': 0, 'expert_num': 5082, 'drop_pad_mode': 0, 'expert_tokens_num_type': 2, 'expert_tokens_num_flag': True, 'quant_mode': 1, 'active_expert_range': [3942, 4150], 'row_idx_type': 1}","((5, 166), (5, 5082), (208, 166), None)","('int8', 'int32', 'int64', 'float32')","((25410, 166), (25410,), (5082, 2), (25410,))","((-1, -1), (-1, -1), (-1, -1), None)","('float32', 'int32', 'float32', 'float32')","((-1, -1), (-1,), (-1, -1), (-1,))","((2, 10), (1, 5082), (0.001, 0.01), (-2, -1))","((0.004, 0.004),)",108.9,118.3695652
MoeInitRoutingV3_float32_ND_fuzz_000460,moe_init_routing_v3,"('float32', 'int32', 'float32', 'float32')","{'active_num': 8411, 'expert_capacity': 0, 'expert_num': 13, 'drop_pad_mode': 0, 'expert_tokens_num_type': 2, 'expert_tokens_num_flag': True, 'quant_mode': 1, 'active_expert_range': [11, 12], 'row_idx_type': 1}","((647, 191), (647, 13), (1, 191), None)","('int8', 'int32', 'int64', 'float32')","((8411, 191), (8411,), (13, 2), (8411,))","((-1, -1), (-1, -1), (-1, -1), None)","('float32', 'int32', 'float32', 'float32')","((-1, -1), (-1,), (-1, -1), (-1,))","((0, 0), (1, 13), (-3.0517578125e-05, 3.0517578125e-05), (-1, 1))","((0.004, 0.004),)",57.68,62.69565217
MoeInitRoutingV3_float32_ND_fuzz_000508,moe_init_routing_v3,"('float32', 'int32', 'float32', 'float32')","{'active_num': 4039, 'expert_capacity': 0, 'expert_num': 4039, 'drop_pad_mode': 0, 'expert_tokens_num_type': 2, 'expert_tokens_num_flag': True, 'quant_mode': -1, 'active_expert_range': [2952, 3177], 'row_idx_type': 1}","((1, 1), (1, 4039), None, None)","('float32', 'int32', 'int64', 'float32')","((4039, 1), (4039,), (4039, 2), (4039,))","((-1, -1), (-1, -1), None, None)","('float32', 'int32', 'float32', 'float32')","((-1, -1), (-1,), (-1, -1), (-1,))","((-1, 1), (1, 4039), (-0.01, -0.001), (-1, 1))","((0.0001, 0.0001),)",40.74,44.2826087
MoeInitRoutingV3_float32_ND_fuzz_000540,moe_init_routing_v3,"('float32', 'int32', 'float32', 'float32')","{'active_num': 3503, 'expert_capacity': 0, 'expert_num': 3503, 'drop_pad_mode': 0, 'expert_tokens_num_type': 2, 'expert_tokens_num_flag': True, 'quant_mode': 1, 'active_expert_range': [1785, 2000], 'row_idx_type': 0}","((1, 1), (1, 3503), (215, 1), None)","('int8', 'int32', 'int64', 'float32')","((3503, 1), (3503,), (3503, 2), (3503,))","((-1, -1), (-1, -1), (-1, -1), None)","('float32', 'int32', 'float32', 'float32')","((-1, -1), (-1,), (-1, -1), (-1,))","((-1, 1), (1, 3503), (-3.0517578125e-05, 3.0517578125e-05), (-1000, -10))","((0.004, 0.004),)",40,43.47826087
MoeInitRoutingV3_float32_ND_fuzz_000543,moe_init_routing_v3,"('float32', 'int32', 'float32', 'float32')","{'active_num': 1248, 'expert_capacity': 0, 'expert_num': 1248, 'drop_pad_mode': 0, 'expert_tokens_num_type': 2, 'expert_tokens_num_flag': True, 'quant_mode': 1, 'active_expert_range': [616, 796], 'row_idx_type': 0}","((1, 43), (1, 1248), None, None)","('int8', 'int32', 'int64', 'float32')","((1248, 43), (1248,), (1248, 2), (1248,))","((-1, -1), (-1, -1), None, None)","('float32', 'int32', 'float32', 'float32')","((-1, -1), (-1,), (-1, -1), (-1,))","((0, 0), (1, 1248), (-1, 1), (-1, 1))","((0.004, 0.004),)",44.74,48.63043478
MoeInitRoutingV3_float32_ND_fuzz_000599,moe_init_routing_v3,"('float32', 'int32', 'float32', 'float32')","{'active_num': 88987, 'expert_capacity': 0, 'expert_num': 3869, 'drop_pad_mode': 0, 'expert_tokens_num_type': 2, 'expert_tokens_num_flag': True, 'quant_mode': 1, 'active_expert_range': [224, 384], 'row_idx_type': 1}","((23, 640), (23, 3869), None, None)","('int8', 'int32', 'int64', 'float32')","((88987, 640), (88987,), (3869, 2), (88987,))","((-1, -1), (-1, -1), None, None)","('float32', 'int32', 'float32', 'float32')","((-1, -1), (-1,), (-1, -1), (-1,))","((-1, -0.01), (1, 3869), (-1, 1), (0.01, 1))","((0.004, 0.004),)",181.74,197.5434783
MoeInitRoutingV3_float32_ND_fuzz_000615,moe_init_routing_v3,"('float32', 'int32', 'float32', 'float32')","{'active_num': 27392, 'expert_capacity': 0, 'expert_num': 428, 'drop_pad_mode': 0, 'expert_tokens_num_type': 2, 'expert_tokens_num_flag': True, 'quant_mode': -1, 'active_expert_range': [80, 200], 'row_idx_type': 1}","((64, 128), (64, 428), None, None)","('float32', 'int32', 'int64', 'float32')","((27392, 128), (27392,), (428, 2), (27392,))","((-1, -1), (-1, -1), None, None)","('float32', 'int32', 'float32', 'float32')","((-1, -1), (-1,), (-1, -1), (-1,))","((-1, 1), (1, 428), (-0.01, -0.001), (0.001, 0.01))","((0.0001, 0.0001),)",86.12,93.60869565
MoeInitRoutingV3_float32_ND_fuzz_000617,moe_init_routing_v3,"('float32', 'int32', 'float32', 'float32')","{'active_num': 59644, 'expert_capacity': 0, 'expert_num': 1612, 'drop_pad_mode': 0, 'expert_tokens_num_type': 2, 'expert_tokens_num_flag': True, 'quant_mode': -1, 'active_expert_range': [763, 895], 'row_idx_type': 0}","((37, 31), (37, 1612), None, None)","('float32', 'int32', 'int64', 'float32')","((59644, 31), (59644,), (1612, 2), (59644,))","((-1, -1), (-1, -1), None, None)","('float32', 'int32', 'float32', 'float32')","((-1, -1), (-1,), (-1, -1), (-1,))","((-1, 1), (1, 1612), (1, 2), (-0.01, -0.001))","((0.0001, 0.0001),)",173.98,189.1086957
MoeInitRoutingV3_float32_ND_fuzz_000624,moe_init_routing_v3,"('float32', 'int32', 'float32', 'float32')","{'active_num': 508, 'expert_capacity': 0, 'expert_num': 508, 'drop_pad_mode': 0, 'expert_tokens_num_type': 2, 'expert_tokens_num_flag': True, 'quant_mode': 1, 'active_expert_range': [197, 381], 'row_idx_type': 0}","((1, 293), (1, 508), (184, 293), None)","('int8', 'int32', 'int64', 'float32')","((508, 293), (508,), (508, 2), (508,))","((-1, -1), (-1, -1), (-1, -1), None)","('float32', 'int32', 'float32', 'float32')","((-1, -1), (-1,), (-1, -1), (-1,))","((-1, 1), (1, 508), (-10, -2), (-0.001, 0))","((0.004, 0.004),)",37.46,40.7173913
MoeInitRoutingV3_float32_ND_fuzz_000651,moe_init_routing_v3,"('float32', 'int32', 'float32', 'float32')","{'active_num': 2103, 'expert_capacity': 0, 'expert_num': 2103, 'drop_pad_mode': 0, 'expert_tokens_num_type': 2, 'expert_tokens_num_flag': True, 'quant_mode': -1, 'active_expert_range': [1528, 1682], 'row_idx_type': 0}","((1, 53), (1, 2103), (1,), None)","('float32', 'int32', 'int64', 'float32')","((2103, 53), (2103,), (2103, 2), (2103,))","((-1, -1), (-1, -1), (-1,), None)","('float32', 'int32', 'float32', 'float32')","((-1, -1), (-1,), (-1, -1), (-1,))","((-1, -0.01), (1, 2103), (-0.01, -0.001), (-3.0517578125e-05, 3.0517578125e-05))","((0.0001, 0.0001),)",36.38,39.54347826
MoeInitRoutingV3_float32_ND_fuzz_000726,moe_init_routing_v3,"('float32', 'int32', 'float32', 'float32')","{'active_num': 935, 'expert_capacity': 0, 'expert_num': 935, 'drop_pad_mode': 0, 'expert_tokens_num_type': 2, 'expert_tokens_num_flag': True, 'quant_mode': -1, 'active_expert_range': [626, 777], 'row_idx_type': 1}","((1, 29), (1, 935), (1,), None)","('float32', 'int32', 'int64', 'float32')","((935, 29), (935,), (935, 2), (935,))","((-1, -1), (-1, -1), (-1,), None)","('float32', 'int32', 'float32', 'float32')","((-1, -1), (-1,), (-1, -1), (-1,))","((-3.4028235e+38, 3.4028235e+38), (1, 935), (0.001, 0.01), (-3.0517578125e-05, 3.0517578125e-05))","((0.0001, 0.0001),)",30.14,32.76086957
MoeInitRoutingV3_float32_ND_fuzz_000738,moe_init_routing_v3,"('float32', 'int32', 'float32', 'float32')","{'active_num': 3123, 'expert_capacity': 0, 'expert_num': 3123, 'drop_pad_mode': 0, 'expert_tokens_num_type': 2, 'expert_tokens_num_flag': True, 'quant_mode': -1, 'active_expert_range': [1129, 1266], 'row_idx_type': 1}","((1, 1), (1, 3123), (1,), None)","('float32', 'int32', 'int64', 'float32')","((3123, 1), (3123,), (3123, 2), (3123,))","((-1, -1), (-1, -1), (-1,), None)","('float32', 'int32', 'float32', 'float32')","((-1, -1), (-1,), (-1, -1), (-1,))","((-1, 1), (1, 3123), (-1, 1), (-1, 1))","((0.0001, 0.0001),)",36.88,40.08695652
MoeInitRoutingV3_float32_ND_fuzz_000775,moe_init_routing_v3,"('float32', 'int32', 'float32', 'float32')","{'active_num': 4620, 'expert_capacity': 0, 'expert_num': 4620, 'drop_pad_mode': 0, 'expert_tokens_num_type': 2, 'expert_tokens_num_flag': True, 'quant_mode': -1, 'active_expert_range': [2163, 2265], 'row_idx_type': 1}","((1, 1), (1, 4620), (1,), None)","('float32', 'int32', 'int64', 'float32')","((4620, 1), (4620,), (4620, 2), (4620,))","((-1, -1), (-1, -1), (-1,), None)","('float32', 'int32', 'float32', 'float32')","((-1, -1), (-1,), (-1, -1), (-1,))","((0, 0.001), (1, 4620), (-1, 1), (-1, -0.01))","((0.0001, 0.0001),)",35.66,38.76086957
MoeInitRoutingV3_float32_ND_fuzz_000829,moe_init_routing_v3,"('float32', 'int32', 'float32', 'float32')","{'active_num': 2289, 'expert_capacity': 0, 'expert_num': 2289, 'drop_pad_mode': 0, 'expert_tokens_num_type': 2, 'expert_tokens_num_flag': True, 'quant_mode': 1, 'active_expert_range': [219, 403], 'row_idx_type': 0}","((1, 1), (1, 2289), None, None)","('int8', 'int32', 'int64', 'float32')","((2289, 1), (2289,), (2289, 2), (2289,))","((-1, -1), (-1, -1), None, None)","('float32', 'int32', 'float32', 'float32')","((-1, -1), (-1,), (-1, -1), (-1,))","((-1, -0.01), (1, 2289), (-1, 1), (-2, -1))","((0.004, 0.004),)",40.2,43.69565217
MoeInitRoutingV3_float32_ND_fuzz_000839,moe_init_routing_v3,"('float32', 'int32', 'float32', 'float32')","{'active_num': 2672, 'expert_capacity': 0, 'expert_num': 2672, 'drop_pad_mode': 0, 'expert_tokens_num_type': 2, 'expert_tokens_num_flag': True, 'quant_mode': 1, 'active_expert_range': [2225, 2419], 'row_idx_type': 1}","((1, 479), (1, 2672), (194, 479), None)","('int8', 'int32', 'int64', 'float32')","((2672, 479), (2672,), (2672, 2), (2672,))","((-1, -1), (-1, -1), (-1, -1), None)","('float32', 'int32', 'float32', 'float32')","((-1, -1), (-1,), (-1, -1), (-1,))","((-1, 1), (1, 2672), (-1, 1), (-1, 1))","((0.004, 0.004),)",41.1,44.67391304
MoeInitRoutingV3_float32_ND_fuzz_000844,moe_init_routing_v3,"('float32', 'int32', 'float32', 'float32')","{'active_num': 4838, 'expert_capacity': 0, 'expert_num': 4838, 'drop_pad_mode': 0, 'expert_tokens_num_type': 2, 'expert_tokens_num_flag': True, 'quant_mode': -1, 'active_expert_range': [3620, 3741], 'row_idx_type': 1}","((1, 1), (1, 4838), None, None)","('float32', 'int32', 'int64', 'float32')","((4838, 1), (4838,), (4838, 2), (4838,))","((-1, -1), (-1, -1), None, None)","('float32', 'int32', 'float32', 'float32')","((-1, -1), (-1,), (-1, -1), (-1,))","((-3.0517578125e-05, 3.0517578125e-05), (1, 4838), (-1, 1), (-1, 1))","((0.0001, 0.0001),)",37.04,40.26086957
MoeInitRoutingV3_float32_ND_fuzz_000845,moe_init_routing_v3,"('float32', 'int32', 'float32', 'float32')","{'active_num': 14815, 'expert_capacity': 0, 'expert_num': 2963, 'drop_pad_mode': 0, 'expert_tokens_num_type': 2, 'expert_tokens_num_flag': True, 'quant_mode': -1, 'active_expert_range': [847, 1054], 'row_idx_type': 0}","((5, 53), (5, 2963), None, None)","('float32', 'int32', 'int64', 'float32')","((14815, 53), (14815,), (2963, 2), (14815,))","((-1, -1), (-1, -1), None, None)","('float32', 'int32', 'float32', 'float32')","((-1, -1), (-1,), (-1, -1), (-1,))","((-1, 1), (1, 2963), (-1, 1), (0, 0))","((0.0001, 0.0001),)",95.66,103.9782609
MoeInitRoutingV3_float32_ND_fuzz_000941,moe_init_routing_v3,"('float32', 'int32', 'float32', 'float32')","{'active_num': 2086, 'expert_capacity': 0, 'expert_num': 2086, 'drop_pad_mode': 0, 'expert_tokens_num_type': 2, 'expert_tokens_num_flag': True, 'quant_mode': -1, 'active_expert_range': [1373, 1497], 'row_idx_type': 0}","((1, 1), (1, 2086), (1,), None)","('float32', 'int32', 'int64', 'float32')","((2086, 1), (2086,), (2086, 2), (2086,))","((-1, -1), (-1, -1), (-1,), None)","('float32', 'int32', 'float32', 'float32')","((-1, -1), (-1,), (-1, -1), (-1,))","((-1, 1), (1, 2086), (-1, 1), (-1, 1))","((0.0001, 0.0001),)",33.1,35.97826087
MoeInitRoutingV3_float32_ND_fuzz_000952,moe_init_routing_v3,"('float32', 'int32', 'float32', 'float32')","{'active_num': 2058, 'expert_capacity': 0, 'expert_num': 2058, 'drop_pad_mode': 0, 'expert_tokens_num_type': 2, 'expert_tokens_num_flag': True, 'quant_mode': 1, 'active_expert_range': [1, 95], 'row_idx_type': 1}","((1, 640), (1, 2058), (94, 640), None)","('int8', 'int32', 'int64', 'float32')","((2058, 640), (2058,), (2058, 2), (2058,))","((-1, -1), (-1, -1), (-1, -1), None)","('float32', 'int32', 'float32', 'float32')","((-1, -1), (-1,), (-1, -1), (-1,))","((0, 0.001), (1, 2058), (0, 0), (-1, 1))","((0.004, 0.004),)",49.4,53.69565217
MoeInitRoutingV3_float32_ND_fuzz_000965,moe_init_routing_v3,"('float32', 'int32', 'float32', 'float32')","{'active_num': 270, 'expert_capacity': 0, 'expert_num': 270, 'drop_pad_mode': 0, 'expert_tokens_num_type': 2, 'expert_tokens_num_flag': True, 'quant_mode': -1, 'active_expert_range': [5, 181], 'row_idx_type': 0}","((1, 192), (1, 270), None, None)","('float32', 'int32', 'int64', 'float32')","((270, 192), (270,), (270, 2), (270,))","((-1, -1), (-1, -1), None, None)","('float32', 'int32', 'float32', 'float32')","((-1, -1), (-1,), (-1, -1), (-1,))","((-0.01, 0.01), (1, 270), (1.1754943508e-38, 1.1754943508e-38), (-1, 1))","((0.0001, 0.0001),)",30.24,32.86956522
MoeInitRoutingV3_float32_ND_fuzz_001073,moe_init_routing_v3,"('float32', 'int32', 'float32', 'float32')","{'active_num': 2770, 'expert_capacity': 0, 'expert_num': 2770, 'drop_pad_mode': 0, 'expert_tokens_num_type': 2, 'expert_tokens_num_flag': True, 'quant_mode': -1, 'active_expert_range': [1479, 1557], 'row_idx_type': 1}","((1, 1), (1, 2770), (1,), None)","('float32', 'int32', 'int64', 'float32')","((2770, 1), (2770,), (2770, 2), (2770,))","((-1, -1), (-1, -1), (-1,), None)","('float32', 'int32', 'float32', 'float32')","((-1, -1), (-1,), (-1, -1), (-1,))","((-1, 1), (1, 2770), (0, 0.001), (-3.0517578125e-05, 3.0517578125e-05))","((0.0001, 0.0001),)",32.78,35.63043478
MoeInitRoutingV3_float32_ND_fuzz_001125,moe_init_routing_v3,"('float32', 'int32', 'float32', 'float32')","{'active_num': 1920, 'expert_capacity': 0, 'expert_num': 1920, 'drop_pad_mode': 0, 'expert_tokens_num_type': 2, 'expert_tokens_num_flag': True, 'quant_mode': 1, 'active_expert_range': [347, 451], 'row_idx_type': 1}","((1, 1), (1, 1920), None, None)","('int8', 'int32', 'int64', 'float32')","((1920, 1), (1920,), (1920, 2), (1920,))","((-1, -1), (-1, -1), None, None)","('float32', 'int32', 'float32', 'float32')","((-1, -1), (-1,), (-1, -1), (-1,))","((2, 10), (1, 1920), (-1, 1), (10, 1000))","((0.004, 0.004),)",35.68,38.7826087
MoeInitRoutingV3_float32_ND_fuzz_001214,moe_init_routing_v3,"('float32', 'int32', 'float32', 'float32')","{'active_num': 1985, 'expert_capacity': 0, 'expert_num': 1985, 'drop_pad_mode': 0, 'expert_tokens_num_type': 2, 'expert_tokens_num_flag': True, 'quant_mode': 1, 'active_expert_range': [928, 1109], 'row_idx_type': 1}","((1, 1), (1, 1985), (181, 1), None)","('int8', 'int32', 'int64', 'float32')","((1985, 1), (1985,), (1985, 2), (1985,))","((-1, -1), (-1, -1), (-1, -1), None)","('float32', 'int32', 'float32', 'float32')","((-1, -1), (-1,), (-1, -1), (-1,))","((-1, 1), (1, 1985), (-0.01, 0.01), (-2, -1))","((0.004, 0.004),)",37.34,40.58695652
MoeInitRoutingV3_float32_ND_fuzz_001221,moe_init_routing_v3,"('float32', 'int32', 'float32', 'float32')","{'active_num': 4546, 'expert_capacity': 0, 'expert_num': 4546, 'drop_pad_mode': 0, 'expert_tokens_num_type': 2, 'expert_tokens_num_flag': True, 'quant_mode': 1, 'active_expert_range': [701, 802], 'row_idx_type': 0}","((1, 1), (1, 4546), None, None)","('int8', 'int32', 'int64', 'float32')","((4546, 1), (4546,), (4546, 2), (4546,))","((-1, -1), (-1, -1), None, None)","('float32', 'int32', 'float32', 'float32')","((-1, -1), (-1,), (-1, -1), (-1,))","((-1, 1), (1, 4546), (-1, -0.01), (-2, -1))","((0.004, 0.004),)",38.58,41.93478261
MoeInitRoutingV3_float32_ND_fuzz_001241,moe_init_routing_v3,"('float32', 'int32', 'float32', 'float32')","{'active_num': 987, 'expert_capacity': 0, 'expert_num': 987, 'drop_pad_mode': 0, 'expert_tokens_num_type': 2, 'expert_tokens_num_flag': True, 'quant_mode': -1, 'active_expert_range': [211, 375], 'row_idx_type': 0}","((1, 1), (1, 987), (1,), None)","('float32', 'int32', 'int64', 'float32')","((987, 1), (987,), (987, 2), (987,))","((-1, -1), (-1, -1), (-1,), None)","('float32', 'int32', 'float32', 'float32')","((-1, -1), (-1,), (-1, -1), (-1,))","((-1, 1), (1, 987), (-0.01, 0.01), (-1, 1))","((0.0001, 0.0001),)",36.74,39.93478261
MoeInitRoutingV3_float32_ND_fuzz_001248,moe_init_routing_v3,"('float32', 'int32', 'float32', 'float32')","{'active_num': 6592, 'expert_capacity': 0, 'expert_num': 206, 'drop_pad_mode': 0, 'expert_tokens_num_type': 2, 'expert_tokens_num_flag': True, 'quant_mode': -1, 'active_expert_range': [87, 106], 'row_idx_type': 0}","((32, 1), (32, 206), None, None)","('float32', 'int32', 'int64', 'float32')","((6592, 1), (6592,), (206, 2), (6592,))","((-1, -1), (-1, -1), None, None)","('float32', 'int32', 'float32', 'float32')","((-1, -1), (-1,), (-1, -1), (-1,))","((-1, 1), (1, 206), (-1, 1), (1, 2))","((0.0001, 0.0001),)",54.84,59.60869565
MoeInitRoutingV3_float32_ND_fuzz_001257,moe_init_routing_v3,"('float32', 'int32', 'float32', 'float32')","{'active_num': 2239, 'expert_capacity': 0, 'expert_num': 2239, 'drop_pad_mode': 0, 'expert_tokens_num_type': 2, 'expert_tokens_num_flag': True, 'quant_mode': 1, 'active_expert_range': [225, 423], 'row_idx_type': 0}","((1, 3571), (1, 2239), None, None)","('int8', 'int32', 'int64', 'float32')","((2239, 3571), (2239,), (2239, 2), (2239,))","((-1, -1), (-1, -1), None, None)","('float32', 'int32', 'float32', 'float32')","((-1, -1), (-1,), (-1, -1), (-1,))","((-1, 1), (1, 2239), (-1, 1), (-1, 1))","((0.004, 0.004),)",52.98,57.58695652
MoeInitRoutingV3_float32_ND_fuzz_001270,moe_init_routing_v3,"('float32', 'int32', 'float32', 'float32')","{'active_num': 3898, 'expert_capacity': 0, 'expert_num': 3898, 'drop_pad_mode': 0, 'expert_tokens_num_type': 2, 'expert_tokens_num_flag': True, 'quant_mode': -1, 'active_expert_range': [109, 318], 'row_idx_type': 0}","((1, 1), (1, 3898), (1,), None)","('float32', 'int32', 'int64', 'float32')","((3898, 1), (3898,), (3898, 2), (3898,))","((-1, -1), (-1, -1), (-1,), None)","('float32', 'int32', 'float32', 'float32')","((-1, -1), (-1,), (-1, -1), (-1,))","((2, 10), (1, 3898), (-1, 1), (-1, 1))","((0.0001, 0.0001),)",40.64,44.17391304
MoeInitRoutingV3_float32_ND_fuzz_001335,moe_init_routing_v3,"('float32', 'int32', 'float32', 'float32')","{'active_num': 2618, 'expert_capacity': 0, 'expert_num': 2618, 'drop_pad_mode': 0, 'expert_tokens_num_type': 2, 'expert_tokens_num_flag': True, 'quant_mode': -1, 'active_expert_range': [875, 1100], 'row_idx_type': 0}","((1, 1), (1, 2618), None, None)","('float32', 'int32', 'int64', 'float32')","((2618, 1), (2618,), (2618, 2), (2618,))","((-1, -1), (-1, -1), None, None)","('float32', 'int32', 'float32', 'float32')","((-1, -1), (-1,), (-1, -1), (-1,))","((-1, 1), (1, 2618), (-3.0517578125e-05, 3.0517578125e-05), (-0.001, 0))","((0.0001, 0.0001),)",39.06,42.45652174
MoeInitRoutingV3_float32_ND_fuzz_001359,moe_init_routing_v3,"('float32', 'int32', 'float32', 'float32')","{'active_num': 1629, 'expert_capacity': 0, 'expert_num': 1629, 'drop_pad_mode': 0, 'expert_tokens_num_type': 2, 'expert_tokens_num_flag': True, 'quant_mode': -1, 'active_expert_range': [524, 699], 'row_idx_type': 1}","((1, 3889), (1, 1629), (1,), None)","('float32', 'int32', 'int64', 'float32')","((1629, 3889), (1629,), (1629, 2), (1629,))","((-1, -1), (-1, -1), (-1,), None)","('float32', 'int32', 'float32', 'float32')","((-1, -1), (-1,), (-1, -1), (-1,))","((-1, 1), (1, 1629), (2, 10), (0.01, 1))","((0.0001, 0.0001),)",37,40.2173913
MoeInitRoutingV3_float32_ND_fuzz_001441,moe_init_routing_v3,"('float32', 'int32', 'float32', 'float32')","{'active_num': 1639, 'expert_capacity': 0, 'expert_num': 1639, 'drop_pad_mode': 0, 'expert_tokens_num_type': 2, 'expert_tokens_num_flag': True, 'quant_mode': 1, 'active_expert_range': [884, 1114], 'row_idx_type': 1}","((1, 1), (1, 1639), (230, 1), None)","('int8', 'int32', 'int64', 'float32')","((1639, 1), (1639,), (1639, 2), (1639,))","((-1, -1), (-1, -1), (-1, -1), None)","('float32', 'int32', 'float32', 'float32')","((-1, -1), (-1,), (-1, -1), (-1,))","((-1, 1), (1, 1639), (-1, 1), (-1, -0.01))","((0.004, 0.004),)",36.04,39.17391304
MoeInitRoutingV3_float32_ND_fuzz_001468,moe_init_routing_v3,"('float32', 'int32', 'float32', 'float32')","{'active_num': 1285, 'expert_capacity': 0, 'expert_num': 1285, 'drop_pad_mode': 0, 'expert_tokens_num_type': 2, 'expert_tokens_num_flag': True, 'quant_mode': -1, 'active_expert_range': [725, 819], 'row_idx_type': 1}","((1, 1), (1, 1285), (1,), None)","('float32', 'int32', 'int64', 'float32')","((1285, 1), (1285,), (1285, 2), (1285,))","((-1, -1), (-1, -1), (-1,), None)","('float32', 'int32', 'float32', 'float32')","((-1, -1), (-1,), (-1, -1), (-1,))","((0, 0), (1, 1285), (-1, 1), (-1, 1))","((0.0001, 0.0001),)",32.24,35.04347826
MoeInitRoutingV3_float32_ND_fuzz_001484,moe_init_routing_v3,"('float32', 'int32', 'float32', 'float32')","{'active_num': 4895, 'expert_capacity': 0, 'expert_num': 4895, 'drop_pad_mode': 0, 'expert_tokens_num_type': 2, 'expert_tokens_num_flag': True, 'quant_mode': 1, 'active_expert_range': [1516, 1580], 'row_idx_type': 1}","((1, 1297), (1, 4895), None, None)","('int8', 'int32', 'int64', 'float32')","((4895, 1297), (4895,), (4895, 2), (4895,))","((-1, -1), (-1, -1), None, None)","('float32', 'int32', 'float32', 'float32')","((-1, -1), (-1,), (-1, -1), (-1,))","((-3.0517578125e-05, 3.0517578125e-05), (1, 4895), (-1, 1), (-1, 1))","((0.004, 0.004),)",34.08,37.04347826
MoeInitRoutingV3_float32_ND_fuzz_001487,moe_init_routing_v3,"('float32', 'int32', 'float32', 'float32')","{'active_num': 1719, 'expert_capacity': 0, 'expert_num': 1719, 'drop_pad_mode': 0, 'expert_tokens_num_type': 2, 'expert_tokens_num_flag': True, 'quant_mode': 1, 'active_expert_range': [348, 422], 'row_idx_type': 0}","((1, 73), (1, 1719), (74, 73), None)","('int8', 'int32', 'int64', 'float32')","((1719, 73), (1719,), (1719, 2), (1719,))","((-1, -1), (-1, -1), (-1, -1), None)","('float32', 'int32', 'float32', 'float32')","((-1, -1), (-1,), (-1, -1), (-1,))","((0, 0.001), (1, 1719), (-1, 1), (-0.01, -0.001))","((0.004, 0.004),)",34.9,37.93478261
MoeInitRoutingV3_float32_ND_fuzz_001491,moe_init_routing_v3,"('float32', 'int32', 'float32', 'float32')","{'active_num': 865, 'expert_capacity': 0, 'expert_num': 865, 'drop_pad_mode': 0, 'expert_tokens_num_type': 2, 'expert_tokens_num_flag': True, 'quant_mode': 1, 'active_expert_range': [579, 721], 'row_idx_type': 0}","((1, 1), (1, 865), None, None)","('int8', 'int32', 'int64', 'float32')","((865, 1), (865,), (865, 2), (865,))","((-1, -1), (-1, -1), None, None)","('float32', 'int32', 'float32', 'float32')","((-1, -1), (-1,), (-1, -1), (-1,))","((-1, -0.01), (1, 865), (-1, 1), (-1, 1))","((0.004, 0.004),)",32.4,35.2173913
MoeInitRoutingV3_int8_ND_fuzz_000030,moe_init_routing_v3,"('int8', 'int32', 'float32', 'float32')","{'active_num': 3732, 'expert_capacity': 0, 'expert_num': 1244, 'drop_pad_mode': 0, 'expert_tokens_num_type': 2, 'expert_tokens_num_flag': True, 'quant_mode': -1, 'active_expert_range': [967, 1038], 'row_idx_type': 1}","((3, 1), (3, 1244), (3,), None)","('int8', 'int32', 'int64', 'float32')","((3732, 1), (3732,), (1244, 2), (3732,))","((-1, -1), (-1, -1), (-1,), None)","('int8', 'int32', 'float32', 'float32')","((-1, -1), (-1,), (-1, -1), (-1,))","((-10, 10), (1, 1244), (-0.001, 0), (-1, 1))","((0.004, 0.004),)",37.72,41
MoeInitRoutingV3_int8_ND_fuzz_000279,moe_init_routing_v3,"('int8', 'int32', 'float32', 'float32')","{'active_num': 4430, 'expert_capacity': 0, 'expert_num': 4430, 'drop_pad_mode': 0, 'expert_tokens_num_type': 2, 'expert_tokens_num_flag': True, 'quant_mode': -1, 'active_expert_range': [950, 1141], 'row_idx_type': 0}","((1, 373), (1, 4430), None, None)","('int8', 'int32', 'int64', 'float32')","((4430, 373), (4430,), (4430, 2), (4430,))","((-1, -1), (-1, -1), None, None)","('int8', 'int32', 'float32', 'float32')","((-1, -1), (-1,), (-1, -1), (-1,))","((-10, 10), (1, 4430), (-1, 1), (-1, 1))","((0.004, 0.004),)",43.56,47.34782609
MoeInitRoutingV3_int8_ND_fuzz_000399,moe_init_routing_v3,"('int8', 'int32', 'float32', 'float32')","{'active_num': 2301, 'expert_capacity': 0, 'expert_num': 2301, 'drop_pad_mode': 0, 'expert_tokens_num_type': 2, 'expert_tokens_num_flag': True, 'quant_mode': -1, 'active_expert_range': [1382, 1517], 'row_idx_type': 0}","((1, 1163), (1, 2301), (1,), None)","('int8', 'int32', 'int64', 'float32')","((2301, 1163), (2301,), (2301, 2), (2301,))","((-1, -1), (-1, -1), (-1,), None)","('int8', 'int32', 'float32', 'float32')","((-1, -1), (-1,), (-1, -1), (-1,))","((1, 2), (1, 2301), (-3.4028235e+38, 3.4028235e+38), (-1, 1))","((0.004, 0.004),)",34.04,37
MoeInitRoutingV3_int8_ND_fuzz_000448,moe_init_routing_v3,"('int8', 'int32', 'float32', 'float32')","{'active_num': 739, 'expert_capacity': 0, 'expert_num': 739, 'drop_pad_mode': 0, 'expert_tokens_num_type': 2, 'expert_tokens_num_flag': True, 'quant_mode': -1, 'active_expert_range': [105, 285], 'row_idx_type': 1}","((1, 1), (1, 739), None, None)","('int8', 'int32', 'int64', 'float32')","((739, 1), (739,), (739, 2), (739,))","((-1, -1), (-1, -1), None, None)","('int8', 'int32', 'float32', 'float32')","((-1, -1), (-1,), (-1, -1), (-1,))","((-10, 10), (1, 739), (-1, 1), (0.001, 0.01))","((0.004, 0.004),)",30.52,33.17391304
MoeInitRoutingV3_int8_ND_fuzz_000513,moe_init_routing_v3,"('int8', 'int32', 'float32', 'float32')","{'active_num': 2064, 'expert_capacity': 0, 'expert_num': 2064, 'drop_pad_mode': 0, 'expert_tokens_num_type': 2, 'expert_tokens_num_flag': True, 'quant_mode': -1, 'active_expert_range': [1002, 1073], 'row_idx_type': 0}","((1, 896), (1, 2064), (1,), None)","('int8', 'int32', 'int64', 'float32')","((2064, 896), (2064,), (2064, 2), (2064,))","((-1, -1), (-1, -1), (-1,), None)","('int8', 'int32', 'float32', 'float32')","((-1, -1), (-1,), (-1, -1), (-1,))","((-10, 10), (1, 2064), (0, 0), (-1, 1))","((0.004, 0.004),)",32.18,34.97826087
MoeInitRoutingV3_int8_ND_fuzz_000629,moe_init_routing_v3,"('int8', 'int32', 'float32', 'float32')","{'active_num': 786, 'expert_capacity': 0, 'expert_num': 786, 'drop_pad_mode': 0, 'expert_tokens_num_type': 2, 'expert_tokens_num_flag': True, 'quant_mode': -1, 'active_expert_range': [231, 478], 'row_idx_type': 0}","((1, 1), (1, 786), (1,), None)","('int8', 'int32', 'int64', 'float32')","((786, 1), (786,), (786, 2), (786,))","((-1, -1), (-1, -1), (-1,), None)","('int8', 'int32', 'float32', 'float32')","((-1, -1), (-1,), (-1, -1), (-1,))","((0, 0), (1, 786), (-1, 1), (-1, 1))","((0.004, 0.004),)",38.82,42.19565217
MoeInitRoutingV3_int8_ND_fuzz_000649,moe_init_routing_v3,"('int8', 'int32', 'float32', 'float32')","{'active_num': 42642, 'expert_capacity': 0, 'expert_num': 1854, 'drop_pad_mode': 0, 'expert_tokens_num_type': 2, 'expert_tokens_num_flag': True, 'quant_mode': -1, 'active_expert_range': [255, 263], 'row_idx_type': 1}","((23, 83), (23, 1854), None, None)","('int8', 'int32', 'int64', 'float32')","((42642, 83), (42642,), (1854, 2), (42642,))","((-1, -1), (-1, -1), None, None)","('int8', 'int32', 'float32', 'float32')","((-1, -1), (-1,), (-1, -1), (-1,))","((-10, -2), (1, 1854), (1, 2), (-1, -0.01))","((0.004, 0.004),)",79.06,85.93478261
MoeInitRoutingV3_int8_ND_fuzz_000722,moe_init_routing_v3,"('int8', 'int32', 'float32', 'float32')","{'active_num': 4902, 'expert_capacity': 0, 'expert_num': 4902, 'drop_pad_mode': 0, 'expert_tokens_num_type': 2, 'expert_tokens_num_flag': True, 'quant_mode': -1, 'active_expert_range': [3998, 4162], 'row_idx_type': 0}","((1, 1), (1, 4902), None, None)","('int8', 'int32', 'int64', 'float32')","((4902, 1), (4902,), (4902, 2), (4902,))","((-1, -1), (-1, -1), None, None)","('int8', 'int32', 'float32', 'float32')","((-1, -1), (-1,), (-1, -1), (-1,))","((0, 1), (1, 4902), (2, 10), (-1000, -10))","((0.004, 0.004),)",45.34,49.2826087
MoeInitRoutingV3_int8_ND_fuzz_000731,moe_init_routing_v3,"('int8', 'int32', 'float32', 'float32')","{'active_num': 1336, 'expert_capacity': 0, 'expert_num': 167, 'drop_pad_mode': 0, 'expert_tokens_num_type': 2, 'expert_tokens_num_flag': True, 'quant_mode': -1, 'active_expert_range': [105, 156], 'row_idx_type': 0}","((8, 1), (8, 167), None, None)","('int8', 'int32', 'int64', 'float32')","((1336, 1), (1336,), (167, 2), (1336,))","((-1, -1), (-1, -1), None, None)","('int8', 'int32', 'float32', 'float32')","((-1, -1), (-1,), (-1, -1), (-1,))","((1, 2), (1, 167), (-1, 1), (-3.4028235e+38, 3.4028235e+38))","((0.004, 0.004),)",37.12,40.34782609
MoeInitRoutingV3_int8_ND_fuzz_001031,moe_init_routing_v3,"('int8', 'int32', 'float32', 'float32')","{'active_num': 2774, 'expert_capacity': 0, 'expert_num': 2774, 'drop_pad_mode': 0, 'expert_tokens_num_type': 2, 'expert_tokens_num_flag': True, 'quant_mode': -1, 'active_expert_range': [892, 961], 'row_idx_type': 1}","((1, 3347), (1, 2774), None, None)","('int8', 'int32', 'int64', 'float32')","((2774, 3347), (2774,), (2774, 2), (2774,))","((-1, -1), (-1, -1), None, None)","('int8', 'int32', 'float32', 'float32')","((-1, -1), (-1,), (-1, -1), (-1,))","((-10, 10), (1, 2774), (-1, 1), (-1, 1))","((0.004, 0.004),)",31.22,33.93478261
MoeInitRoutingV3_int8_ND_fuzz_001065,moe_init_routing_v3,"('int8', 'int32', 'float32', 'float32')","{'active_num': 1395, 'expert_capacity': 0, 'expert_num': 1395, 'drop_pad_mode': 0, 'expert_tokens_num_type': 2, 'expert_tokens_num_flag': True, 'quant_mode': -1, 'active_expert_range': [67, 298], 'row_idx_type': 1}","((1, 1913), (1, 1395), None, None)","('int8', 'int32', 'int64', 'float32')","((1395, 1913), (1395,), (1395, 2), (1395,))","((-1, -1), (-1, -1), None, None)","('int8', 'int32', 'float32', 'float32')","((-1, -1), (-1,), (-1, -1), (-1,))","((-10, 10), (1, 1395), (-1000, -10), (-1, 1))","((0.004, 0.004),)",39.62,43.06521739
MoeInitRoutingV3_int8_ND_fuzz_001086,moe_init_routing_v3,"('int8', 'int32', 'float32', 'float32')","{'active_num': 936, 'expert_capacity': 0, 'expert_num': 936, 'drop_pad_mode': 0, 'expert_tokens_num_type': 2, 'expert_tokens_num_flag': True, 'quant_mode': -1, 'active_expert_range': [666, 880], 'row_idx_type': 0}","((1, 1), (1, 936), (1,), None)","('int8', 'int32', 'int64', 'float32')","((936, 1), (936,), (936, 2), (936,))","((-1, -1), (-1, -1), (-1,), None)","('int8', 'int32', 'float32', 'float32')","((-1, -1), (-1,), (-1, -1), (-1,))","((2, 10), (1, 936), (-1, 1), (-1, 1))","((0.004, 0.004),)",36.04,39.17391304
MoeInitRoutingV3_int8_ND_fuzz_001187,moe_init_routing_v3,"('int8', 'int32', 'float32', 'float32')","{'active_num': 5026, 'expert_capacity': 0, 'expert_num': 5026, 'drop_pad_mode': 0, 'expert_tokens_num_type': 2, 'expert_tokens_num_flag': True, 'quant_mode': -1, 'active_expert_range': [3607, 3761], 'row_idx_type': 0}","((1, 768), (1, 5026), None, None)","('int8', 'int32', 'int64', 'float32')","((5026, 768), (5026,), (5026, 2), (5026,))","((-1, -1), (-1, -1), None, None)","('int8', 'int32', 'float32', 'float32')","((-1, -1), (-1,), (-1, -1), (-1,))","((-100, 100), (1, 5026), (-0.001, 0), (-10, -2))","((0.004, 0.004),)",42.62,46.32608696
MoeInitRoutingV3_int8_ND_fuzz_001199,moe_init_routing_v3,"('int8', 'int32', 'float32', 'float32')","{'active_num': 3296, 'expert_capacity': 0, 'expert_num': 3296, 'drop_pad_mode': 0, 'expert_tokens_num_type': 2, 'expert_tokens_num_flag': True, 'quant_mode': -1, 'active_expert_range': [1644, 1822], 'row_idx_type': 0}","((1, 41), (1, 3296), (1,), None)","('int8', 'int32', 'int64', 'float32')","((3296, 41), (3296,), (3296, 2), (3296,))","((-1, -1), (-1, -1), (-1,), None)","('int8', 'int32', 'float32', 'float32')","((-1, -1), (-1,), (-1, -1), (-1,))","((-100, 100), (1, 3296), (0, 0), (-1, 1))","((0.004, 0.004),)",38.48,41.82608696
MoeInitRoutingV3_int8_ND_fuzz_001296,moe_init_routing_v3,"('int8', 'int32', 'float32', 'float32')","{'active_num': 4914, 'expert_capacity': 0, 'expert_num': 4914, 'drop_pad_mode': 0, 'expert_tokens_num_type': 2, 'expert_tokens_num_flag': True, 'quant_mode': -1, 'active_expert_range': [272, 315], 'row_idx_type': 0}","((1, 32), (1, 4914), (1,), None)","('int8', 'int32', 'int64', 'float32')","((4914, 32), (4914,), (4914, 2), (4914,))","((-1, -1), (-1, -1), (-1,), None)","('int8', 'int32', 'float32', 'float32')","((-1, -1), (-1,), (-1, -1), (-1,))","((-100, 100), (1, 4914), (-1, -0.01), (1, 2))","((0.004, 0.004),)",33.14,36.02173913
MoeInitRoutingV3_int8_ND_fuzz_001459,moe_init_routing_v3,"('int8', 'int32', 'float32', 'float32')","{'active_num': 3324, 'expert_capacity': 0, 'expert_num': 3324, 'drop_pad_mode': 0, 'expert_tokens_num_type': 2, 'expert_tokens_num_flag': True, 'quant_mode': -1, 'active_expert_range': [1104, 1340], 'row_idx_type': 0}","((1, 1), (1, 3324), (1,), None)","('int8', 'int32', 'int64', 'float32')","((3324, 1), (3324,), (3324, 2), (3324,))","((-1, -1), (-1, -1), (-1,), None)","('int8', 'int32', 'float32', 'float32')","((-1, -1), (-1,), (-1, -1), (-1,))","((0, 1), (1, 3324), (-1, 1), (-1, 1))","((0.004, 0.004),)",45,48.91304348
moe_init_routing_v3_static_quant_0001,moe_init_routing_v3,"('float16', 'int32','float32','float32')","{'active_num':512, 'expert_capacity':-1, 'expert_num':256, 'drop_pad_mode':0, 'expert_tokens_num_type': 1, 'expert_tokens_num_flag':True, 'quant_mode':0, 'active_expert_range':[0, 256],'row_idx_type':1}","((16, 32), (16, 32),(1,),(1,))","('int8', 'int32', 'int64', 'float32')","((512, 32), (512,), (256,), (512,))","((-1, -1), (-1, -1),(-1,),(-1,))","('float16', 'int32','float32','float32')","((-1, -1), (-1,), (-1,), (-1,))","((-1.0, 1.0), (0, 255),(0.01, 0.1),(0.0, 0.0))","((0.001, 0.001))",25.0,27.0
moe_init_routing_v3_static_quant_0002,moe_init_routing_v3,"('bfloat16', 'int32','float32','float32')","{'active_num':768, 'expert_capacity':-1, 'expert_num':1024, 'drop_pad_mode':0, 'expert_tokens_num_type': 1, 'expert_tokens_num_flag':True, 'quant_mode':0, 'active_expert_range':[100, 500],'row_idx_type':0}","((24, 64), (24, 32),(1,),(1,))","('int8', 'int32', 'int64', 'float32')","((768, 64), (768,), (400,), (768,))","((-1, -1), (-1, -1),(-1,),(-1,))","('bfloat16', 'int32','float32','float32')","((-1, -1), (-1,), (-1,), (-1,))","((-1.0, 1.0), (0, 1023),(0.01, 0.1),(0.0, 0.0))","((0.004, 0.004))",30.0,32.0
moe_init_routing_v3_static_quant_0003,moe_init_routing_v3,"('float32', 'int32','float32','float32')","{'active_num':1024, 'expert_capacity':-1, 'expert_num':10240, 'drop_pad_mode':0, 'expert_tokens_num_type': 1, 'expert_tokens_num_flag':True, 'quant_mode':0, 'active_expert_range':[1000, 3000],'row_idx_type':1}","((32, 128), (32, 32),(1,),(1,))","('int8', 'int32', 'int64', 'float32')","((1024, 128), (1024,), (2000,), (1024,))","((-1, -1), (-1, -1),(-1,),(-1,))","('float32', 'int32','float32','float32')","((-1, -1), (-1,), (-1,), (-1,))","((-1.0, 1.0), (0, 10239),(0.01, 0.1),(0.0, 0.0))","((0.0001, 0.0001))",45.0,48.0
moe_init_routing_v3_static_quant_0004,moe_init_routing_v3,"('float16', 'int32','float32','float32')","{'active_num':256, 'expert_capacity':-1, 'expert_num':256, 'drop_pad_mode':0, 'expert_tokens_num_type': 1, 'expert_tokens_num_flag':False, 'quant_mode':0, 'active_expert_range':[50, 150],'row_idx_type':0}","((8, 256), (8, 32),(1,),(1,))","('int8', 'int32', 'int64', 'float32')","((256, 256), (256,), (100,), (256,))","((-1, -1), (-1, -1),(-1,),(-1,))","('float16', 'int32','float32','float32')","((-1, -1), (-1,), (-1,), (-1,))","((-1.0, 1.0), (0, 255),(0.01, 0.1),(0.0, 0.0))","((0.001, 0.001))",22.0,24.0
moe_init_routing_v3_static_quant_0005,moe_init_routing_v3,"('bfloat16', 'int32','float32','float32')","{'active_num':2048, 'expert_capacity':-1, 'expert_num':1024, 'drop_pad_mode':0, 'expert_tokens_num_type': 1, 'expert_tokens_num_flag':True, 'quant_mode':0, 'active_expert_range':[200, 800],'row_idx_type':1}","((64, 512), (64, 32),(1,),(1,))","('int8', 'int32', 'int64', 'float32')","((2048, 512), (2048,), (600,), (2048,))","((-1, -1), (-1, -1),(-1,),(-1,))","('bfloat16', 'int32','float32','float32')","((-1, -1), (-1,), (-1,), (-1,))","((-1.0, 1.0), (0, 1023),(0.01, 0.1),(0.0, 0.0))","((0.004, 0.004))",55.0,60.0
moe_init_routing_v3_static_quant_0006,moe_init_routing_v3,"('float16', 'int32','float32','float32')","{'active_num':5120, 'expert_capacity':-1, 'expert_num':10240, 'drop_pad_mode':0, 'expert_tokens_num_type': 1, 'expert_tokens_num_flag':True, 'quant_mode':0, 'active_expert_range':[2000, 5000],'row_idx_type':0}","((80, 1024), (80, 64),(1,),(1,))","('int8', 'int32', 'int64', 'float32')","((5120, 1024), (5120,), (3000,), (5120,))","((-1, -1), (-1, -1),(-1,),(-1,))","('float16', 'int32','float32','float32')","((-1, -1), (-1,), (-1,), (-1,))","((-1.0, 1.0), (0, 10239),(0.01, 0.1),(0.0, 0.0))","((0.001, 0.001))",80.0,87.0moe_init_routing_v3_static_quant_0001,moe_init_routing_v3,"('float16', 'int32','float32','float32')","{'active_num':128, 'expert_capacity':-1, 'expert_num':256, 'drop_pad_mode':0, 'expert_tokens_num_type': 1, 'expert_tokens_num_flag':True, 'quant_mode':0, 'active_expert_range':[0, 256],'row_idx_type':0}","((8, 16), (8, 16),(1,),(1,))","('int8', 'int32', 'int64', 'float32')","((128, 16), (128,), (256,), (128,))","((-1, -1), (-1, -1),(-1,),(-1,))","('float16', 'int32','float32','float32')","((-1, -1), (-1,), (-1,), (-1,))","((-1.0, 1.0), (0, 255),(0.0078, 0.0078),(0.0, 0.0))","((0.001, 0.001))",20.0,22.0
moe_init_routing_v3_static_quant_0007,moe_init_routing_v3,"('bfloat16', 'int32','float32','float32')","{'active_num':256, 'expert_capacity':-1, 'expert_num':256, 'drop_pad_mode':0, 'expert_tokens_num_type': 1, 'expert_tokens_num_flag':True, 'quant_mode':0, 'active_expert_range':[50, 200],'row_idx_type':1}","((16, 16), (16, 16),(1,),(1,))","('int8', 'int32', 'int64', 'float32')","((256, 16), (256,), (150,), (256,))","((-1, -1), (-1, -1),(-1,),(-1,))","('bfloat16', 'int32','float32','float32')","((-1, -1), (-1,), (-1,), (-1,))","((-1.0, 1.0), (0, 255),(0.0078, 0.0078),(0.0, 0.0))","((0.004, 0.004))",22.0,24.0
moe_init_routing_v3_static_quant_0008,moe_init_routing_v3,"('float32', 'int32','float32','float32')","{'active_num':512, 'expert_capacity':-1, 'expert_num':1024, 'drop_pad_mode':0, 'expert_tokens_num_type': 1, 'expert_tokens_num_flag':True, 'quant_mode':0, 'active_expert_range':[100, 500],'row_idx_type':0}","((32, 16), (32, 16),(1,),(1,))","('int8', 'int32', 'int64', 'float32')","((512, 16), (512,), (400,), (512,))","((-1, -1), (-1, -1),(-1,),(-1,))","('float32', 'int32','float32','float32')","((-1, -1), (-1,), (-1,), (-1,))","((-1.0, 1.0), (0, 1023),(0.0078, 0.0078),(0.0, 0.0))","((0.0001, 0.0001))",28.0,30.0
moe_init_routing_v3_static_quant_0009,moe_init_routing_v3,"('float16', 'int32','float32','float32')","{'active_num':1024, 'expert_capacity':-1, 'expert_num':1024, 'drop_pad_mode':0, 'expert_tokens_num_type': 2, 'expert_tokens_num_flag':True, 'quant_mode':0, 'active_expert_range':[200, 800],'row_idx_type':1}","((64, 16), (64, 16),(1,),(1,))","('int8', 'int32', 'int64', 'float32')","((1024, 16), (1024,), (600,), (1024,))","((-1, -1), (-1, -1),(-1,),(-1,))","('float16', 'int32','float32','float32')","((-1, -1), (-1,), (-1,), (-1,))","((-1.0, 1.0), (0, 1023),(0.0078, 0.0078),(0.0, 0.0))","((0.001, 0.001))",35.0,38.0
moe_init_routing_v3_static_quant_0010,moe_init_routing_v3,"('bfloat16', 'int32','float32','float32')","{'active_num':2048, 'expert_capacity':-1, 'expert_num':10240, 'drop_pad_mode':0, 'expert_tokens_num_type': 1, 'expert_tokens_num_flag':True, 'quant_mode':0, 'active_expert_range':[1000, 3000],'row_idx_type':0}","((64, 32), (64, 32),(1,),(1,))","('int8', 'int32', 'int64', 'float32')","((2048, 32), (2048,), (2000,), (2048,))","((-1, -1), (-1, -1),(-1,),(-1,))","('bfloat16', 'int32','float32','float32')","((-1, -1), (-1,), (-1,), (-1,))","((-1.0, 1.0), (0, 10239),(0.0078, 0.0078),(0.0, 0.0))","((0.004, 0.004))",50.0,55.0
moe_init_routing_v3_static_quant_0011,moe_init_routing_v3,"('float16', 'int32','float32','float32')","{'active_num':4096, 'expert_capacity':-1, 'expert_num':10240, 'drop_pad_mode':0, 'expert_tokens_num_type': 1, 'expert_tokens_num_flag':True, 'quant_mode':0, 'active_expert_range':[3000, 6000],'row_idx_type':1}","((128, 32), (128, 32),(1,),(1,))","('int8', 'int32', 'int64', 'float32')","((4096, 32), (4096,), (3000,), (4096,))","((-1, -1), (-1, -1),(-1,),(-1,))","('float16', 'int32','float32','float32')","((-1, -1), (-1,), (-1,), (-1,))","((-1.0, 1.0), (0, 10239),(0.0078, 0.0078),(0.0, 0.0))","((0.001, 0.001))",65.0,70.0
moe_init_routing_v3_static_quant_0012,moe_init_routing_v3,"('float16', 'int32','float32','float32')","{'active_num':512, 'expert_capacity':-1, 'expert_num':256, 'drop_pad_mode':0, 'expert_tokens_num_type': 1, 'expert_tokens_num_flag':True, 'quant_mode':0, 'active_expert_range':[0, 256],'row_idx_type':0}","((16, 512), (16, 32),(1,),(1,))","('int8', 'int32', 'int64', 'float32')","((512, 512), (512,), (256,), (512,))","((-1, -1), (-1, -1),(-1,),(-1,))","('float16', 'int32','float32','float32')","((-1, -1), (-1,), (-1,), (-1,))","((-1.0, 1.0), (0, 255),(0.0078, 0.0078),(0.0, 0.0))","((0.001, 0.001))",40.0,43.0
moe_init_routing_v3_static_quant_0013,moe_init_routing_v3,"('float32', 'int32','float32','float32')","{'active_num':1024, 'expert_capacity':-1, 'expert_num':1024, 'drop_pad_mode':0, 'expert_tokens_num_type': 1, 'expert_tokens_num_flag':True, 'quant_mode':0, 'active_expert_range':[100, 900],'row_idx_type':1}","((32, 1024), (32, 32),(1,),(1,))","('int8', 'int32', 'int64', 'float32')","((1024, 1024), (1024,), (800,), (1024,))","((-1, -1), (-1, -1),(-1,),(-1,))","('float32', 'int32','float32','float32')","((-1, -1), (-1,), (-1,), (-1,))","((-1.0, 1.0), (0, 1023),(0.0078, 0.0078),(0.0, 0.0))","((0.0001, 0.0001))",60.0,65.0
moe_init_routing_v3_static_quant_0014,moe_init_routing_v3,"('bfloat16', 'int32','float32','float32')","{'active_num':64, 'expert_capacity':-1, 'expert_num':256, 'drop_pad_mode':0, 'expert_tokens_num_type': 1, 'expert_tokens_num_flag':True, 'quant_mode':0, 'active_expert_range':[10, 50],'row_idx_type':0}","((4, 4096), (4, 16),(1,),(1,))","('int8', 'int32', 'int64', 'float32')","((64, 4096), (64,), (40,), (64,))","((-1, -1), (-1, -1),(-1,),(-1,))","('bfloat16', 'int32','float32','float32')","((-1, -1), (-1,), (-1,), (-1,))","((-1.0, 1.0), (0, 255),(0.0078, 0.0078),(0.0, 0.0))","((0.004, 0.004))",35.0,38.0
moe_init_routing_v3_static_quant_0015,moe_init_routing_v3,"('float16', 'int32','float32','float32')","{'active_num':8192, 'expert_capacity':-1, 'expert_num':10240, 'drop_pad_mode':0, 'expert_tokens_num_type': 1, 'expert_tokens_num_flag':True, 'quant_mode':0, 'active_expert_range':[2000, 8000],'row_idx_type':1}","((256, 32), (256, 32),(1,),(1,))","('int8', 'int32', 'int64', 'float32')","((8192, 32), (8192,), (6000,), (8192,))","((-1, -1), (-1, -1),(-1,),(-1,))","('float16', 'int32','float32','float32')","((-1, -1), (-1,), (-1,), (-1,))","((-1.0, 1.0), (0, 10239),(0.0078, 0.0078),(0.0, 0.0))","((0.001, 0.001))",90.0,98.0
moe_init_routing_v3_static_quant_0016,moe_init_routing_v3,"('float16', 'int32','float32','float32')","{'active_num':256, 'expert_capacity':-1, 'expert_num':256, 'drop_pad_mode':0, 'expert_tokens_num_type': 1, 'expert_tokens_num_flag':True, 'quant_mode':0, 'active_expert_range':[0, 256],'row_idx_type':0}","((16, 8192), (16, 16),(1,),(1,))","('int8', 'int32', 'int64', 'float32')","((256, 8192), (256,), (256,), (256,))","((-1, -1), (-1, -1),(-1,),(-1,))","('float16', 'int32','float32','float32')","((-1, -1), (-1,), (-1,), (-1,))","((-1.0, 1.0), (0, 255),(0.0078, 0.0078),(0.0, 0.0))","((0.001, 0.001))",55.0,60.0
moe_init_routing_v3_static_quant_0017,moe_init_routing_v3,"('float32', 'int32','float32','float32')","{'active_num':128, 'expert_capacity':-1, 'expert_num':1024, 'drop_pad_mode':0, 'expert_tokens_num_type': 2, 'expert_tokens_num_flag':True, 'quant_mode':0, 'active_expert_range':[100, 400],'row_idx_type':1}","((8, 4096), (8, 16),(1,),(1,))","('int8', 'int32', 'int64', 'float32')","((128, 4096), (128,), (300,), (128,))","((-1, -1), (-1, -1),(-1,),(-1,))","('float32', 'int32','float32','float32')","((-1, -1), (-1,), (-1,), (-1,))","((-1.0, 1.0), (0, 1023),(0.0078, 0.0078),(0.0, 0.0))","((0.0001, 0.0001))",45.0,49.0
moe_init_routing_v3_static_quant_0018,moe_init_routing_v3,"('float16', 'int32','float32','float32')","{'active_num':16, 'expert_capacity':-1, 'expert_num':256, 'drop_pad_mode':0, 'expert_tokens_num_type': 1, 'expert_tokens_num_flag':True, 'quant_mode':0, 'active_expert_range':[0, 256],'row_idx_type':0}","((1, 32), (1, 16),(1,),(1,))","('int8', 'int32', 'int64', 'float32')","((16, 32), (16,), (256,), (16,))","((-1, -1), (-1, -1),(-1,),(-1,))","('float16', 'int32','float32','float32')","((-1, -1), (-1,), (-1,), (-1,))","((-1.0, 1.0), (0, 255),(0.0078, 0.0078),(0.0, 0.0))","((0.001, 0.001))",18.0,20.0
moe_init_routing_v3_static_quant_0019,moe_init_routing_v3,"('bfloat16', 'int32','float32','float32')","{'active_num':8, 'expert_capacity':-1, 'expert_num':256, 'drop_pad_mode':0, 'expert_tokens_num_type': 1, 'expert_tokens_num_flag':True, 'quant_mode':0, 'active_expert_range':[0, 8],'row_idx_type':1}","((1, 8), (1, 8),(1,),(1,))","('int8', 'int32', 'int64', 'float32')","((8, 8), (8,), (8,), (8,))","((-1, -1), (-1, -1),(-1,),(-1,))","('bfloat16', 'int32','float32','float32')","((-1, -1), (-1,), (-1,), (-1,))","((-1.0, 1.0), (0, 7),(0.0078, 0.0078),(0.0, 0.0))","((0.004, 0.004))",15.0,16.0
moe_init_routing_v3_static_quant_0020,moe_init_routing_v3,"('float16', 'int32','float32','float32')","{'active_num':16000, 'expert_capacity':-1, 'expert_num':10240, 'drop_pad_mode':0, 'expert_tokens_num_type': 1, 'expert_tokens_num_flag':True, 'quant_mode':0, 'active_expert_range':[0, 8000],'row_idx_type':0}","((500, 32), (500, 32),(1,),(1,))","('int8', 'int32', 'int64', 'float32')","((16000, 32), (16000,), (8000,), (16000,))","((-1, -1), (-1, -1),(-1,),(-1,))","('float16', 'int32','float32','float32')","((-1, -1), (-1,), (-1,), (-1,))","((-1.0, 1.0), (0, 10239),(0.0078, 0.0078),(0.0, 0.0))","((0.001, 0.001))",120.0,130.0
